group_id,major_code,major_name,membership_evidence_url,verification_status
SXJD-460103,460103,数控技术,https://zsjyzdzx.sxjdxy.edu.cn/info/1309/3508.htm,verified
SXJD-460103,460305,工业机器人技术,https://zsjyzdzx.sxjdxy.edu.cn/info/1309/3538.htm,verified
SXJD-460103,460301,机电一体化技术,https://jxgcx.sxjdxy.edu.cn/info/1212/12413.htm,verified
SXJD-460103,460302,智能机电技术,https://jxgcx.sxjdxy.edu.cn/info/1212/12463.htm,verified
HNZJ-460103,460103,数控技术,https://news.hnzj.edu.cn/info/1019/16957.htm,verified
HNZJ-460103,460301,机电一体化技术,https://news.hnzj.edu.cn/info/1019/16957.htm,verified
HNZJ-460103,460305,工业机器人技术,https://news.hnzj.edu.cn/info/1019/16957.htm,verified
HNZJ-460103,460113,模具设计与制造,https://news.hnzj.edu.cn/info/1019/16957.htm,verified
HNZJ-460103,460110,智能焊接技术,https://news.hnzj.edu.cn/info/1019/16957.htm,verified
HNZJ-460103,460102,数字化设计与制造技术,https://www.hnzj.edu.cn/info/1011/23771.htm,verified
HNZJ-460103,460107,材料成型及控制技术,https://www.hnzj.edu.cn/info/1011/23771.htm,verified
HNZJ-460103,460310,工业互联网应用,https://www.hnzj.edu.cn/info/1011/23771.htm,verified
WZVTC-480104,480104,鞋类设计与工艺,https://jwc.wzvtc.cn/_upload/article/files/66/d0/2f88ce014e20a33473f01b007da0/115e2a50-b1f1-49e9-88eb-8f031f684e89.pdf,verified
WZVTC-480104,550105,服装与服饰设计,https://jwc.wzvtc.cn/_upload/article/files/66/d0/2f88ce014e20a33473f01b007da0/115e2a50-b1f1-49e9-88eb-8f031f684e89.pdf,verified
WZVTC-480104,550104,产品艺术设计,https://jwc.wzvtc.cn/_upload/article/files/66/d0/2f88ce014e20a33473f01b007da0/115e2a50-b1f1-49e9-88eb-8f031f684e89.pdf,verified
WZVTC-480104,550102,视觉传达设计,https://jwc.wzvtc.cn/_upload/article/files/66/d0/2f88ce014e20a33473f01b007da0/115e2a50-b1f1-49e9-88eb-8f031f684e89.pdf,verified
WZVTC-480104,550106,环境艺术设计,https://jwc.wzvtc.cn/_upload/article/files/66/d0/2f88ce014e20a33473f01b007da0/115e2a50-b1f1-49e9-88eb-8f031f684e89.pdf,verified
HNPI-510101,510101,电子信息工程技术,https://www.hnpi.edu.cn/_upload/article/files/32/1d/55c51f324c8e8bd0b5cc52b51d7f/a5132657-b020-49d9-8230-7271d7cbe1af.pdf,verified
HNPI-510101,510102,物联网应用技术,https://www.hnpi.edu.cn/_upload/article/files/32/1d/55c51f324c8e8bd0b5cc52b51d7f/a5132657-b020-49d9-8230-7271d7cbe1af.pdf,verified
HNPI-510101,510302,现代移动通信技术,https://www.hnpi.edu.cn/_upload/article/files/32/1d/55c51f324c8e8bd0b5cc52b51d7f/a5132657-b020-49d9-8230-7271d7cbe1af.pdf,verified
HNPI-510101,510209,人工智能技术应用,https://www.hnpi.edu.cn/_upload/article/files/32/1d/55c51f324c8e8bd0b5cc52b51d7f/a5132657-b020-49d9-8230-7271d7cbe1af.pdf,verified
HNPI-510101,510205,大数据技术,https://www.hnpi.edu.cn/_upload/article/files/32/1d/55c51f324c8e8bd0b5cc52b51d7f/a5132657-b020-49d9-8230-7271d7cbe1af.pdf,verified
BITC-510401,510101,电子信息工程技术,https://admission.bitc.edu.cn/info/1371/5841.htm,verified
BITC-510401,460301,机电一体化技术,https://admission.bitc.edu.cn/info/1371/5841.htm,verified
BITC-510401,510401,集成电路技术,https://admission.bitc.edu.cn/info/1371/5841.htm,verified
BITC-510401,510402,微电子技术,https://admission.bitc.edu.cn/info/1371/5841.htm,verified
HNCC-460702,500210,汽车技术服务与营销,https://www.hncc.edu.cn/info/1298/25282.htm,verified
HNCC-460702,500211,汽车检测与维修技术,https://www.hncc.edu.cn/info/1298/25284.htm,verified
HNCC-460702,460702,新能源汽车技术,https://www.hncc.edu.cn/info/1298/25286.htm,verified
HNCC-460702,460704,智能网联汽车技术,https://www.hncc.edu.cn/info/1298/25288.htm,verified
BGY-460301,460301,机电一体化技术,https://www.bgy.edu.cn/xxxw/d60be85826fd425d93a980c229c8dac9.htm,verified
BGY-460301,460305,工业机器人技术,https://www.bgy.edu.cn/xxxw/d60be85826fd425d93a980c229c8dac9.htm,verified
BGY-460301,460102,数字化设计与制造技术,https://www.bgy.edu.cn/xxxw/d60be85826fd425d93a980c229c8dac9.htm,verified
BGY-460301,460310,工业互联网应用,https://www.bgy.edu.cn/xxxw/d60be85826fd425d93a980c229c8dac9.htm,verified
BGY-460301,510209,人工智能技术应用,https://www.bgy.edu.cn/xxxw/d60be85826fd425d93a980c229c8dac9.htm,verified
BGY-420301,420301,工程测量技术,https://www.bgy.edu.cn/xxxw/d60be85826fd425d93a980c229c8dac9.htm,verified
BGY-420301,510202,计算机网络技术,https://www.bgy.edu.cn/xxxw/d60be85826fd425d93a980c229c8dac9.htm,verified
BGY-420301,420307,无人机测绘技术,https://www.bgy.edu.cn/xxxw/d60be85826fd425d93a980c229c8dac9.htm,verified
BGY-420301,440304,智能建造技术,https://www.bgy.edu.cn/xxxw/d60be85826fd425d93a980c229c8dac9.htm,verified
BGY-420301,420904,安全智能监测技术,https://www.bgy.edu.cn/xxxw/d60be85826fd425d93a980c229c8dac9.htm,verified
TJMVTC-460609,460609,无人机应用技术,https://www.tjmvtc.edu.cn/info/1333/10063.htm,verified
TJMVTC-460609,460305,工业机器人技术,https://www.tjmvtc.edu.cn/info/1333/10063.htm,verified
TJMVTC-460609,460306,电气自动化技术,https://www.tjmvtc.edu.cn/info/1333/10063.htm,verified
TJMVTC-460609,510103,应用电子技术,https://www.tjmvtc.edu.cn/info/1333/10063.htm,verified
TJMC-460510,460510,海洋工程装备技术,https://www.tjmc.edu.cn/info/1085/12583.htm,verified
TJMC-460510,460110,智能焊接技术,https://www.tjmc.edu.cn/info/1085/12583.htm,verified
TJMC-460510,460502,船舶动力工程技术,https://www.tjmc.edu.cn/info/1085/12583.htm,verified
TJMC-460510,460120,理化测试与质检技术,https://www.tjmc.edu.cn/info/1085/12583.htm,verified
TJEIC-510202,510202,计算机网络技术,https://www.tjdz.edu.cn/a/departmentsite/dianzixi/,verified
TJEIC-510202,510207,信息安全技术应用,https://www.tjdz.edu.cn/a/departmentsite/dianzixi/,verified
TJEIC-510202,510102,物联网应用技术,https://www.tjdz.edu.cn/a/departmentsite/dianzixi/,verified
TJEIC-510202,510206,云计算技术应用,https://www.tjdz.edu.cn/a/departmentsite/dianzixi/,verified
TJEIC-510202,510301,现代通信技术,https://www.tjdz.edu.cn/a/departmentsite/dianzixi/,verified
TJEIC-510202,510201,计算机应用技术,https://www.tjdz.edu.cn/a/departmentsite/dianzixi/,verified
CZIMT-460305,460305,工业机器人技术,https://zt.czimt.edu.cn/dqx/8355/list.htm,verified
CZIMT-460305,460306,电气自动化技术,https://zt.czimt.edu.cn/dqx/8355/list.htm,verified
CZIMT-460305,460301,机电一体化技术,https://zt.czimt.edu.cn/dqx/8355/list.htm,verified
CZIMT-460305,460201,智能制造装备技术,https://zt.czimt.edu.cn/dqx/8355/list.htm,verified
TJTC-460104,460104,机械制造及自动化,https://xcb.tjtc.edu.cn/info/1003/2810.htm,verified
TJTC-460104,460306,电气自动化技术,https://xcb.tjtc.edu.cn/info/1003/2810.htm,verified
TJTC-460104,460113,模具设计与制造,https://xcb.tjtc.edu.cn/info/1003/2810.htm,verified
TJTC-460104,460112,增材制造技术,https://xcb.tjtc.edu.cn/info/1003/2810.htm,verified
ZFC-530201,530201,金融服务与管理,https://www.zfc.edu.cn/_upload/article/files/84/95/fafb928d40eea5148c93fd8ef5f0/e9587ffb-04ef-487f-a4d9-8faee5c17f59.pdf,verified
ZFC-530201,530207,国际金融,https://www.zfc.edu.cn/_upload/article/files/84/95/fafb928d40eea5148c93fd8ef5f0/e9587ffb-04ef-487f-a4d9-8faee5c17f59.pdf,verified
ZFC-530201,530208,农村金融,https://www.zfc.edu.cn/_upload/article/files/84/95/fafb928d40eea5148c93fd8ef5f0/e9587ffb-04ef-487f-a4d9-8faee5c17f59.pdf,verified
ZFC-530201,530202,金融科技应用,https://www.zfc.edu.cn/_upload/article/files/84/95/fafb928d40eea5148c93fd8ef5f0/e9587ffb-04ef-487f-a4d9-8faee5c17f59.pdf,verified
ZFC-530501,530501,国际经济与贸易,https://www.zfc.edu.cn/_upload/article/files/26/db/1cf9a86f447c8bf64dc00236e4d8/03df6bb7-188e-4cc5-b939-2720b16e7947.pdf,verified
ZFC-530501,530502,国际商务,https://www.zfc.edu.cn/_upload/article/files/26/db/1cf9a86f447c8bf64dc00236e4d8/03df6bb7-188e-4cc5-b939-2720b16e7947.pdf,verified
ZFC-530501,530702,跨境电子商务,https://www.zfc.edu.cn/_upload/article/files/26/db/1cf9a86f447c8bf64dc00236e4d8/03df6bb7-188e-4cc5-b939-2720b16e7947.pdf,verified
ZFC-530501,570201,商务英语,https://www.zfc.edu.cn/_upload/article/files/26/db/1cf9a86f447c8bf64dc00236e4d8/03df6bb7-188e-4cc5-b939-2720b16e7947.pdf,verified
ZFC-530501,540112,会展策划与管理,https://www.zfc.edu.cn/_upload/article/files/26/db/1cf9a86f447c8bf64dc00236e4d8/03df6bb7-188e-4cc5-b939-2720b16e7947.pdf,verified
ZIME-260102,260102,智能制造工程技术,https://www.zime.edu.cn/__local/F/B3/3C/1344FF7F05EA344CA556554BD06_92886B0D_574EB9.pdf,verified
ZIME-260102,260101,机械设计制造及自动化,https://www.zime.edu.cn/__local/9/2F/C5/C9239DC278DC131F30FE85C123B_CFE18E88_940162.pdf,verified
ZIME-260102,260106,材料成型及控制工程,https://www.zime.edu.cn/__local/3/1A/91/06D231711D28AEDEBD1615151FD_3378335F_DC3A6A.pdf,verified
ZIME-260102,260201,装备智能化技术,https://www.zime.edu.cn/__local/D/11/3A/25F80691C96D0E1748332E2FB4F_A244782A_5B9EEF.pdf,verified
ZIME-260102,460113,模具设计与制造,https://www.zime.edu.cn/__local/7/DF/CF/4E3DA4D0EA2AC5C6D62DCF7A691_FB33365A_193FDE.pdf,verified
ZIME-260102,460201,智能制造装备技术,https://www.zime.edu.cn/__local/E/AC/E4/183959C68E502EC1932E2BEE75B_52AEA557_12C7B9.pdf,verified
ZIME-260303,260303,智能控制技术,https://www.zime.edu.cn/__local/F/CD/91/67859469EC017A2CCE551236356_7D35D27E_610003.pdf,verified
ZIME-260303,260301,机械电子工程技术,https://www.zime.edu.cn/__local/1/D7/EB/17ED081173551027074E29B94ED_09353E07_619D15.pdf,verified
ZIME-260303,460306,电气自动化技术,https://www.zime.edu.cn/__local/6/0F/F1/3706A6C31D692387462A38344A6_B3EA16CE_215012.pdf,verified
ZIME-260303,510103,应用电子技术,https://www.zime.edu.cn/__local/2/3F/5E/9277867113C89CB48A081C2CD9F_D3F588F4_19751C.pdf,verified
ZIME-260303,460305,工业机器人技术,https://www.zime.edu.cn/__local/A/DC/F2/58ABFA4AE1BA580B4729802A45A_B2B1BBBD_157429.pdf,verified
ZJTIE-530802,530802,现代物流管理,https://ltjj.zjtie.edu.cn/1663/list.htm,verified
ZJTIE-530802,530603,关务与外贸服务,https://ltjj.zjtie.edu.cn/1663/list.htm,verified
ZJTIE-530802,530803,物流工程技术,https://ltjj.zjtie.edu.cn/1663/list.htm,verified
ZJTIE-530802,460303,智能控制技术,https://ltjj.zjtie.edu.cn/1663/list.htm,verified
ZJTIE-530802,510102,物联网应用技术,https://ltjj.zjtie.edu.cn/1663/list.htm,verified
ZJTIE-530802,530810,供应链运营,https://ltjj.zjtie.edu.cn/1663/list.htm,verified
ZJITC-460115,460115,智能光电制造技术,https://jwc.zjitc.edu.cn/__local/B/F5/FF/DA0193364212395C3D6CA15CC43_BB184ABE_6116D4.pdf,verified
ZJITC-460115,460305,工业机器人技术,https://jwc.zjitc.edu.cn/__local/B/F5/FF/DA0193364212395C3D6CA15CC43_BB184ABE_6116D4.pdf,verified
ZJITC-460115,460301,机电一体化技术,https://jwc.zjitc.edu.cn/__local/B/F5/FF/DA0193364212395C3D6CA15CC43_BB184ABE_6116D4.pdf,verified
ZJITC-460115,460104,机械制造及自动化,https://jwc.zjitc.edu.cn/__local/B/F5/FF/DA0193364212395C3D6CA15CC43_BB184ABE_6116D4.pdf,verified
ZJITC-460115,460113,模具设计与制造,https://jwc.zjitc.edu.cn/__local/B/F5/FF/DA0193364212395C3D6CA15CC43_BB184ABE_6116D4.pdf,verified
ZJBC-530701,530701,电子商务,https://www.zjbc.edu.cn/dit/113/listm2.htm,verified
ZJBC-530701,530703,移动商务,https://www.zjbc.edu.cn/dit/113/listm2.htm,verified
ZJBC-530701,530702,跨境电子商务,https://www.zjbc.edu.cn/dit/113/listm2.htm,verified
ZJBC-530701,530706,商务数据分析与应用,https://www.zjbc.edu.cn/dit/113/listm2.htm,verified
ZJBC-530701,530501,国际经济与贸易,https://www.zjbc.edu.cn/dit/113/listm2.htm,verified
WZVCST-490102,490102,绿色食品生产技术,https://zs.wzvcst.edu.cn/danye/31.shtml,verified
WZVCST-490102,410103,设施农业与装备,https://zs.wzvcst.edu.cn/danye/29.shtml,verified
WZVCST-490102,410102,种子生产与经营,https://zs.wzvcst.edu.cn/danye/30.shtml,verified
WZVCST-490102,490101,食品智能加工技术,https://zs.wzvcst.edu.cn/danye/32.shtml,verified
ZJIET-530701,530701,电子商务,https://www.zjiet.edu.cn/114/,verified
ZJIET-530701,510203,软件技术,https://www.zjiet.edu.cn/114/,verified
ZJIET-530701,510201,计算机应用技术,https://www.zjiet.edu.cn/114/,verified
ZJIET-530701,510202,计算机网络技术,https://www.zjiet.edu.cn/114/,verified
TCZJ-540106,540106,酒店管理与数字化运营,https://www.tourzj.edu.cn/__local/6/0E/D1/A4542390BAC47ADF04D13624F6F_836FF5A4_EBBEF5.pdf,verified
TCZJ-540106,540107,民宿管理与运营,https://www.tourzj.edu.cn/__local/6/0E/D1/A4542390BAC47ADF04D13624F6F_836FF5A4_EBBEF5.pdf,verified
TCZJ-540106,540201,餐饮智能管理,https://www.tourzj.edu.cn/__local/6/0E/D1/A4542390BAC47ADF04D13624F6F_836FF5A4_EBBEF5.pdf,verified
TCZJ-540106,540202,烹饪工艺与营养,https://www.tourzj.edu.cn/__local/6/0E/D1/A4542390BAC47ADF04D13624F6F_836FF5A4_EBBEF5.pdf,verified
TCZJ-540106,540204,西式烹饪工艺,https://www.tourzj.edu.cn/__local/6/0E/D1/A4542390BAC47ADF04D13624F6F_836FF5A4_EBBEF5.pdf,verified
ZJVTIT-500201,500201,道路与桥梁工程技术,https://www.zjvtit.edu.cn/info/1003/22817.htm,verified
ZJVTIT-500201,500207,智能交通技术,https://www.zjvtit.edu.cn/info/1003/22817.htm,verified
ZJVTIT-500201,440501,工程造价,https://www.zjvtit.edu.cn/info/1003/22817.htm,verified
ZJVTIT-500201,440601,市政工程技术,https://www.zjvtit.edu.cn/info/1003/22817.htm,verified
ZJVTIT-500201,500101,铁道工程技术,https://www.zjvtit.edu.cn/info/1003/22817.htm,verified
ZJJS-440304,440304,智能建造技术,https://www.zjjs.edu.cn/_img/2025/01/16/20250116101339662.pdf,verified
ZJJS-440304,440301,建筑工程技术,https://www.zjjs.edu.cn/_img/2025/01/16/20250116101339662.pdf,verified
ZJJS-440304,440303,建筑钢结构工程技术,https://www.zjjs.edu.cn/_img/2025/01/16/20250116101339662.pdf,verified
ZJJS-440304,440601,市政工程技术,https://www.zjjs.edu.cn/_img/2025/01/16/20250116101339662.pdf,verified
ZJJS-440304,440102,建筑装饰工程技术,https://www.zjjs.edu.cn/_img/2025/01/16/20250116101339662.pdf,verified
YWICC-530501,530501,国际经济与贸易,https://wywm.ywicc.edu.cn/xygk/xyjj.htm,verified
YWICC-530501,530802,现代物流管理,https://wywm.ywicc.edu.cn/xygk/xyjj.htm,verified
YWICC-530501,530502,国际商务,https://wywm.ywicc.edu.cn/xygk/xyjj.htm,verified
YWICC-530501,570202,应用英语,https://wywm.ywicc.edu.cn/xygk/xyjj.htm,verified
YWICC-530501,570212,应用西班牙语,https://wywm.ywicc.edu.cn/xygk/xyjj.htm,verified
SICT-530805,530805,冷链物流技术与管理,https://cj.sina.com.cn/articles/view/5895814239/15f6afc5f02001cgfs,manual_review_required
SICT-530805,530802,现代物流管理,https://cj.sina.com.cn/articles/view/5895814239/15f6afc5f02001cgfs,manual_review_required
SICT-530805,460205,制冷与空调技术,https://cj.sina.com.cn/articles/view/5895814239/15f6afc5f02001cgfs,manual_review_required
SICT-530805,460306,电气自动化技术,https://cj.sina.com.cn/articles/view/5895814239/15f6afc5f02001cgfs,manual_review_required
SICT-510205,510205,大数据技术,https://edu.china.com.cn/2025-06/05/content_117912425.shtml,manual_review_required
SICT-510205,510206,云计算技术应用,https://edu.china.com.cn/2025-06/05/content_117912425.shtml,manual_review_required
SICT-510205,510102,物联网应用技术,https://edu.china.com.cn/2025-06/05/content_117912425.shtml,manual_review_required
SICT-510205,510209,人工智能技术应用,https://edu.china.com.cn/2025-06/05/content_117912425.shtml,manual_review_required
ZBPU-460104,460104,机械制造及自动化,https://www.zbpu.edu.cn/info/1114/16339.htm,verified
ZBPU-460104,460103,数控技术,https://jdxy.zbpu.edu.cn/rcpy/zysz.htm,manual_review_required
ZBPU-460104,460306,电气自动化技术,https://jdxy.zbpu.edu.cn/rcpy/zysz.htm,manual_review_required
ZBPU-460104,460305,工业机器人技术,https://jdxy.zbpu.edu.cn/rcpy/zysz.htm,manual_review_required
ZBPU-460104,460301,机电一体化技术,https://jdxy.zbpu.edu.cn/rcpy/zysz.htm,manual_review_required
ZBPU-460104,460303,智能控制技术,https://jdxy.zbpu.edu.cn/rcpy/zysz.htm,manual_review_required
ZBPU-270201,270201,应用化工技术,https://paper.jyb.cn/zgjyb/h5/html5/2026-06/09/content_144744_19604066.htm,verified
ZBPU-270201,470201,应用化工技术,https://paper.jyb.cn/zgjyb/h5/html5/2026-06/09/content_144744_19604066.htm,verified
ZBPU-270201,470208,分析检验技术,https://hgx.zbpu.edu.cn/zysz.htm,manual_review_required
ZBPU-270201,470204,石油化工技术,https://hgx.zbpu.edu.cn/zysz.htm,manual_review_required
BZPT-460104,460104,机械制造及自动化,https://jdgc.bzpt.edu.cn/info/1011/3926.htm,verified
BZPT-460104,460103,数控技术,https://jdgc.bzpt.edu.cn/info/1011/3926.htm,verified
BZPT-460104,460301,机电一体化技术,https://jdgc.bzpt.edu.cn/info/1011/3926.htm,verified
BZPT-460104,460306,电气自动化技术,https://jdgc.bzpt.edu.cn/info/1011/3926.htm,verified
BZPT-460104,460305,工业机器人技术,https://jdgc.bzpt.edu.cn/info/1011/3926.htm,verified
BZPT-470201,470201,应用化工技术,https://jwc.bzpt.edu.cn/__local/E/88/5D/67D320E48F0EF8CC12BADF179E0_9FCE7537_5FD91C.pdf,verified
BZPT-470201,430208,电厂化学与环保技术,https://jwc.bzpt.edu.cn/__local/E/88/5D/67D320E48F0EF8CC12BADF179E0_9FCE7537_5FD91C.pdf,verified
BZPT-470201,470204,石油化工技术,https://jwc.bzpt.edu.cn/__local/E/88/5D/67D320E48F0EF8CC12BADF179E0_9FCE7537_5FD91C.pdf,verified
BZPT-470201,430307,新能源材料应用技术,https://jwc.bzpt.edu.cn/__local/E/88/5D/67D320E48F0EF8CC12BADF179E0_9FCE7537_5FD91C.pdf,verified
RZPT-410401,410401,水产养殖技术,https://www.rzpt.cn/xxgk/xxjj.htm,verified
RZPT-410401,490202,生物制药技术,https://hyjsx.rzpt.cn/zysz1.htm,manual_review_required
RZPT-410401,490101,食品智能加工技术,https://hyjsx.rzpt.cn/zysz1.htm,manual_review_required
RZPT-410401,490104,食品检验检测技术,https://hyjsx.rzpt.cn/zysz1.htm,manual_review_required
RZPT-410401,470101,食品生物技术,https://hyjsx.rzpt.cn/zysz1.htm,manual_review_required
RZPT-410401,420802,环境工程技术,https://hyjsx.rzpt.cn/zysz1.htm,manual_review_required
RZPT-430401,430401,钢铁智能冶金技术,https://www.rzpt.cn/xxgk/xxjj.htm,verified
RZPT-430401,460306,电气自动化技术,https://znyjx.rzpt.cn/dpzw.jsp?urltype=tree.TreeTempUrl&wbtreeid=1096,manual_review_required
RZPT-430401,430403,钢铁冶金设备维护,https://znyjx.rzpt.cn/dpzw.jsp?urltype=tree.TreeTempUrl&wbtreeid=1098,manual_review_required
RZPT-430401,430404,金属材料检测技术,https://znyjx.rzpt.cn/dpzw.jsp?urltype=tree.TreeTempUrl&wbtreeid=1155,manual_review_required
RZPT-430401,430402,智能轧钢技术,https://znyjx.rzpt.cn/dpzw.jsp?urltype=tree.TreeTempUrl&wbtreeid=1156,manual_review_required
RZPT-430401,510211,工业互联网技术,https://znyjx.rzpt.cn/dpzw.jsp?urltype=tree.TreeTempUrl&wbtreeid=1175,manual_review_required
RZPT-430401,460303,智能控制技术,https://znyjx.rzpt.cn/dpzw.jsp?urltype=tree.TreeTempUrl&wbtreeid=1180,manual_review_required
SDP-500602,500602,城市轨道车辆应用技术,https://www.sdp.edu.cn/csgd/,verified
SDP-500602,500606,城市轨道交通运营管理,https://www.sdp.edu.cn/csgd/,verified
SDP-500602,500603,城市轨道交通机电技术,https://www.sdp.edu.cn/csgd/,verified
SDP-500602,500605,城市轨道交通供配电技术,https://www.sdp.edu.cn/csgd/,verified
SDP-500602,500604,城市轨道交通通信信号技术,https://www.sdp.edu.cn/csgd/,verified
SDP-460104,460104,机械制造及自动化,https://www.sdp.edu.cn/xwzx/info/1011/55397.htm,verified
SDP-460104,460301,机电一体化技术,https://www.sdp.edu.cn/jcyjd/info/1031/2273.htm,manual_review_required
SDP-460104,460306,电气自动化技术,https://www.sdp.edu.cn/jcyjd/info/1031/2273.htm,manual_review_required
SDP-460104,510101,电子信息工程技术,https://www.sdp.edu.cn/jcyjd/info/1031/2273.htm,manual_review_required
SDP-460104,460303,智能控制技术,https://www.sdp.edu.cn/jcyjd/info/1031/2273.htm,manual_review_required
SDP-460104,460310,工业互联网应用,https://www.sdp.edu.cn/jcyjd/info/1031/2273.htm,manual_review_required
SDP-460104,460112,增材制造技术,https://www.sdp.edu.cn/jcyjd/info/1031/2273.htm,manual_review_required
SDP-460104,500306,港口机械与智能控制,https://www.sdp.edu.cn/jcyjd/info/1031/2273.htm,manual_review_required
SDP-460104,500307,港口与航运管理,https://www.sdp.edu.cn/jcyjd/info/1031/2273.htm,manual_review_required
JNVC-460101,460101,机械设计与制造,https://qsy.jinan.gov.cn/col/col8827/art/2026/art_adf69c12998c4ddfa566a393606cc050.html,verified
JNVC-460101,460301,机电一体化技术,https://qsy.jinan.gov.cn/col/col8827/art/2026/art_adf69c12998c4ddfa566a393606cc050.html,verified
JNVC-460101,460305,工业机器人技术,https://qsy.jinan.gov.cn/col/col8827/art/2026/art_adf69c12998c4ddfa566a393606cc050.html,verified
JNVC-460101,460306,电气自动化技术,https://qsy.jinan.gov.cn/col/col8827/art/2026/art_662bf103100c4911838ebd626122637b.html,verified
JNVC-460101,460310,工业互联网应用,https://qsy.jinan.gov.cn/col/col8827/art/2026/art_662bf103100c4911838ebd626122637b.html,verified
SDVCST-480402,480402,服装设计与工艺,https://jwc.sdvcst.edu.cn/info/1411/11635.htm,verified
SDVCST-480402,480401,现代纺织技术,https://jwc.sdvcst.edu.cn/info/1411/11635.htm,verified
SDVCST-480402,550105,服装与服饰设计,https://jwc.sdvcst.edu.cn/info/1411/11635.htm,verified
SDVCST-480402,550127,服装陈列与展示设计,https://jwc.sdvcst.edu.cn/info/1411/11635.htm,verified
SDVCST-480402,480409,现代非织造技术,https://jwc.sdvcst.edu.cn/info/1411/11635.htm,verified
DYXY-470204,470204,石油化工技术,https://www.dyxy.edu.cn/s.php/syhg/item-list-category-24731.html,verified
DYXY-470204,470201,应用化工技术,https://www.dyxy.edu.cn/s.php/syhg/item-list-category-24731.html,verified
DYXY-470204,470210,化工装备技术,https://www.dyxy.edu.cn/s.php/syhg/item-list-category-24731.html,verified
DYXY-470204,420401,油气储运技术,https://www.dyxy.edu.cn/s.php/syhg/item-list-category-24731.html,verified
YTVC-460113,460113,模具设计与制造,https://jwc.ytvc.edu.cn/info/1018/1056.htm,verified
YTVC-460113,460103,数控技术,https://jwc.ytvc.edu.cn/info/1018/1056.htm,verified
YTVC-460113,460306,电气自动化技术,https://jwc.ytvc.edu.cn/info/1018/1056.htm,verified
YTVC-460113,460301,机电一体化技术,https://jwc.ytvc.edu.cn/info/1018/1056.htm,verified
YTVC-460113,460305,工业机器人技术,https://jwc.ytvc.edu.cn/info/1018/1056.htm,verified
WFVC-410103,410103,现代农业技术,https://www.sdwfvc.edu.cn/info/1813/283053.htm,verified
WFVC-410103,410105,园艺技术,https://zs.sdwfvc.edu.cn/info/1060/1687.htm,verified
WFVC-410103,410202,园林技术,https://zs.sdwfvc.edu.cn/info/1060/1685.htm,verified
WFVC-410103,440104,园林工程技术,https://zs.sdwfvc.edu.cn/info/1060/1688.htm,verified
WHVC-460501,460501,船舶工程技术,https://www.whvc.edu.cn/jwc/1847/list.htm,manual_review_required
WHVC-460501,460110,智能焊接技术,https://www.whvc.edu.cn/jwc/1847/list.htm,manual_review_required
WHVC-460501,460306,电气自动化技术,https://www.whvc.edu.cn/jwc/1847/list.htm,manual_review_required
WHVC-460501,460502,船舶动力工程技术,https://www.whvc.edu.cn/jwc/1847/list.htm,manual_review_required
WHVC-460501,460101,机械设计与制造,https://www.whvc.edu.cn/jwc/1847/list.htm,manual_review_required
SDMY-410303,410303,畜牧兽医,https://www.sdmy.edu.cn/__local/2/EB/5E/0173A29EEEC80D3C0C123D09BBE_F81DD0F2_842E05.pdf,verified
SDMY-410303,410307,畜禽智能化养殖,https://www.sdmy.edu.cn/__local/2/EB/5E/0173A29EEEC80D3C0C123D09BBE_F81DD0F2_842E05.pdf,verified
SDMY-410303,410301,动物医学,https://www.sdmy.edu.cn/__local/2/EB/5E/0173A29EEEC80D3C0C123D09BBE_F81DD0F2_842E05.pdf,verified
SDMY-410303,490104,食品检验检测技术,https://www.sdmy.edu.cn/__local/2/EB/5E/0173A29EEEC80D3C0C123D09BBE_F81DD0F2_842E05.pdf,verified
SDMY-410303,510102,物联网应用技术,https://www.sdmy.edu.cn/__local/2/EB/5E/0173A29EEEC80D3C0C123D09BBE_F81DD0F2_842E05.pdf,verified
JNVTC-460301,460301,机电一体化技术,https://jnzyjsxy.cn/info/1052/7955.htm,verified
JNVTC-460301,460104,机械制造及自动化,https://jnzyjsxy.cn/info/1052/7955.htm,verified
JNVTC-460301,460306,电气自动化技术,https://jnzyjsxy.cn/info/1052/7955.htm,verified
JNVTC-460301,460305,工业机器人技术,https://jnzyjsxy.cn/info/1052/7955.htm,verified
JNVTC-460301,460303,智能控制技术,https://jnzyjsxy.cn/info/1052/7955.htm,verified
WFEC-410204,410101,种子生产与经营,https://xxgk.wfec.edu.cn/info/1038/13301.htm,verified
WFEC-410204,410105,园艺技术,https://xxgk.wfec.edu.cn/info/1038/13301.htm,verified
WFEC-410204,410204,花卉生产与花艺,https://xxgk.wfec.edu.cn/info/1038/13301.htm,verified
WFEC-410204,410106,植物保护与检疫技术,https://xxgk.wfec.edu.cn/info/1038/13301.htm,verified
QDGW-500301,500301,航海技术,https://xxgk.qdgw.edu.cn/__local/0/FF/7B/83603B3C76E64F1723D78F9F153_95DCFD9F_538743.pdf,verified
QDGW-500301,500303,轮机工程技术,https://xxgk.qdgw.edu.cn/__local/0/FF/7B/83603B3C76E64F1723D78F9F153_95DCFD9F_538743.pdf,verified
QDGW-500301,500308,船舶电子电气技术,https://xxgk.qdgw.edu.cn/__local/0/FF/7B/83603B3C76E64F1723D78F9F153_95DCFD9F_538743.pdf,verified
QDGW-500301,460503,船舶电气工程技术,https://xxgk.qdgw.edu.cn/__local/0/FF/7B/83603B3C76E64F1723D78F9F153_95DCFD9F_538743.pdf,verified
QDGW-500301,460502,船舶动力工程技术,https://xxgk.qdgw.edu.cn/__local/0/FF/7B/83603B3C76E64F1723D78F9F153_95DCFD9F_538743.pdf,verified
QDGW-500306,500306,港口机械与智能控制,https://zhgk.qdgw.edu.cn/info/1011/7835.htm,verified
QDGW-500306,460301,机电一体化技术,https://zhgk.qdgw.edu.cn/info/1011/7835.htm,verified
QDGW-500306,460306,电气自动化技术,https://zhgk.qdgw.edu.cn/info/1011/7835.htm,verified
LWVC-550404,550404,文物修复与保护,https://www.lwvc.edu.cn/__local/8/69/2C/4694FBB40ABF0B32C6442657E54_74AA99F0_BD47CC.pdf,verified
LWVC-550404,550405,文物考古技术,https://www.lwvc.edu.cn/__local/8/69/2C/4694FBB40ABF0B32C6442657E54_74AA99F0_BD47CC.pdf,verified
LWVC-550404,550406,文物展示利用技术,https://www.lwvc.edu.cn/__local/8/69/2C/4694FBB40ABF0B32C6442657E54_74AA99F0_BD47CC.pdf,verified
SZPU-310101,310101,电子信息工程技术,https://pingshen.szpu.edu.cn/__local/3/3C/5A/90BA7B7379E7A9126FF4C2C8277_20FB994D_4598A.pdf,verified
SZPU-310101,310301,现代通信工程,https://pingshen.szpu.edu.cn/__local/3/3C/5A/90BA7B7379E7A9126FF4C2C8277_20FB994D_4598A.pdf,verified
SZPU-310101,310209,人工智能工程技术,https://pingshen.szpu.edu.cn/__local/3/3C/5A/90BA7B7379E7A9126FF4C2C8277_20FB994D_4598A.pdf,verified
SZPU-310101,310205,大数据工程技术,https://pingshen.szpu.edu.cn/__local/3/3C/5A/90BA7B7379E7A9126FF4C2C8277_20FB994D_4598A.pdf,verified
SZPU-310101,310401,集成电路工程技术,https://pingshen.szpu.edu.cn/__local/3/3C/5A/90BA7B7379E7A9126FF4C2C8277_20FB994D_4598A.pdf,verified
SZPU-260702,260702,新能源汽车工程技术,https://pingshen.szpu.edu.cn/__local/3/3C/5A/90BA7B7379E7A9126FF4C2C8277_20FB994D_4598A.pdf,verified
SZPU-260702,260703,智能网联汽车工程技术,https://pingshen.szpu.edu.cn/__local/3/3C/5A/90BA7B7379E7A9126FF4C2C8277_20FB994D_4598A.pdf,verified
SZPU-260702,260102,智能制造工程技术,https://pingshen.szpu.edu.cn/__local/3/3C/5A/90BA7B7379E7A9126FF4C2C8277_20FB994D_4598A.pdf,verified
SZPU-260702,260301,机械电子工程技术,https://pingshen.szpu.edu.cn/__local/3/3C/5A/90BA7B7379E7A9126FF4C2C8277_20FB994D_4598A.pdf,verified
GZPU-510205,510205,大数据技术,https://www.gzhpu.edu.cn/xxgcxy/xydt/content_71220,verified
GZPU-510205,510209,人工智能技术应用,https://www.gzhpu.edu.cn/xxgcxy/xydt/content_71220,verified
GZPU-510205,510203,软件技术,https://www.gzhpu.edu.cn/xxgcxy/xydt/content_71220,verified
GZPU-510205,510202,计算机网络技术,https://www.gzhpu.edu.cn/xxgcxy/xydt/content_71220,verified
GZPU-510205,510212,区块链技术应用,https://www.gzhpu.edu.cn/xxgcxy/xydt/content_71220,verified
GZPU-460701,460701,汽车制造与试验技术,https://www.gzhpu.edu.cn/znzzxy/zysz/gyjqrjs/content_66809,verified
GZPU-460701,460305,工业机器人技术,https://www.gzhpu.edu.cn/znzzxy/zysz/gyjqrjs/content_66809,verified
GZPU-460701,460104,机械制造及自动化,https://www.gzhpu.edu.cn/znzzxy/zysz/gyjqrjs/content_66809,verified
GZPU-460701,460306,电气自动化技术,https://www.gzhpu.edu.cn/znzzxy/zysz/gyjqrjs/content_66809,verified
GZPU-460701,460702,新能源汽车技术,https://www.gzhpu.edu.cn/znzzxy/zysz/gyjqrjs/content_66809,verified
SDPT-460305,460305,工业机器人技术,https://www.sdpt.edu.cn/__local/1/49/97/15ED5FC03977028C2CD02179226_1B9A19DE_CEAC50.pdf,verified
SDPT-460205,460205,制冷与空调技术,https://www.sdpt.edu.cn/__local/1/49/97/15ED5FC03977028C2CD02179226_1B9A19DE_CEAC50.pdf,verified
SZIIT-510401,510401,集成电路技术,https://sgspzyq.suit-sz.edu.cn/virtual_attach_file.vsb?afc=5MmlC4LNUan7M2nQmCbnmCDLl-PU4Vq7nlnkM7VRnmGiLzC0gihFp2hmCIa0USy8nSyPn1y8nl-sMR9bnmTfM8QkLRvanlnRL4lsnmWRMNnFM8-4L4U4MNQFolrkM7UJv2nto4OeosMjvsfE_570qIbtpYyPLmNYg47PMR7Jqdpnx&e=.pdf&nid=1141&tid=1292,verified
SZIIT-510401,510402,微电子技术,https://sgspzyq.suit-sz.edu.cn/virtual_attach_file.vsb?afc=5MmlC4LNUan7M2nQmCbnmCDLl-PU4Vq7nlnkM7VRnmGiLzC0gihFp2hmCIa0USy8nSyPn1y8nl-sMR9bnmTfM8QkLRvanlnRL4lsnmWRMNnFM8-4L4U4MNQFolrkM7UJv2nto4OeosMjvsfE_570qIbtpYyPLmNYg47PMR7Jqdpnx&e=.pdf&nid=1141&tid=1292,verified
SZIIT-510401,510109,智能光电技术应用,https://sgspzyq.suit-sz.edu.cn/virtual_attach_file.vsb?afc=5MmlC4LNUan7M2nQmCbnmCDLl-PU4Vq7nlnkM7VRnmGiLzC0gihFp2hmCIa0USy8nSyPn1y8nl-sMR9bnmTfM8QkLRvanlnRL4lsnmWRMNnFM8-4L4U4MNQFolrkM7UJv2nto4OeosMjvsfE_570qIbtpYyPLmNYg47PMR7Jqdpnx&e=.pdf&nid=1141&tid=1292,verified
SZIIT-510401,510102,物联网应用技术,https://sgspzyq.suit-sz.edu.cn/virtual_attach_file.vsb?afc=5MmlC4LNUan7M2nQmCbnmCDLl-PU4Vq7nlnkM7VRnmGiLzC0gihFp2hmCIa0USy8nSyPn1y8nl-sMR9bnmTfM8QkLRvanlnRL4lsnmWRMNnFM8-4L4U4MNQFolrkM7UJv2nto4OeosMjvsfE_570qIbtpYyPLmNYg47PMR7Jqdpnx&e=.pdf&nid=1141&tid=1292,verified
SZIIT-510401,510210,嵌入式技术应用,https://sgspzyq.suit-sz.edu.cn/virtual_attach_file.vsb?afc=5MmlC4LNUan7M2nQmCbnmCDLl-PU4Vq7nlnkM7VRnmGiLzC0gihFp2hmCIa0USy8nSyPn1y8nl-sMR9bnmTfM8QkLRvanlnRL4lsnmWRMNnFM8-4L4U4MNQFolrkM7UJv2nto4OeosMjvsfE_570qIbtpYyPLmNYg47PMR7Jqdpnx&e=.pdf&nid=1141&tid=1292,verified
SZIIT-510214,510214,工业软件开发技术,https://sgspzyq.suit-sz.edu.cn/virtual_attach_file.vsb?afc=7MzLV8nR-ZLRn2L2N7iL4n7nR-iMzNdZolUPM7lPU4v8Um70gihFp2hmCIa0Lkh2UYyYU1yZMmr2U8Q7o7-4M4GZUNQRMNlDol74nRGZnmVFMzl4LRr7nzWFLz78M8VVgjfNQmOeo4x4QsMa_jTPgDTJQty0Lz-boSyPLm7bgtA8pU-cc&e=.pdf&nid=1219&tid=1299,verified
SZIIT-510214,510203,软件技术,https://sgspzyq.suit-sz.edu.cn/virtual_attach_file.vsb?afc=7MzLV8nR-ZLRn2L2N7iL4n7nR-iMzNdZolUPM7lPU4v8Um70gihFp2hmCIa0Lkh2UYyYU1yZMmr2U8Q7o7-4M4GZUNQRMNlDol74nRGZnmVFMzl4LRr7nzWFLz78M8VVgjfNQmOeo4x4QsMa_jTPgDTJQty0Lz-boSyPLm7bgtA8pU-cc&e=.pdf&nid=1219&tid=1299,verified
SZIIT-510214,460101,机械设计与制造,https://sgspzyq.suit-sz.edu.cn/virtual_attach_file.vsb?afc=7MzLV8nR-ZLRn2L2N7iL4n7nR-iMzNdZolUPM7lPU4v8Um70gihFp2hmCIa0Lkh2UYyYU1yZMmr2U8Q7o7-4M4GZUNQRMNlDol74nRGZnmVFMzl4LRr7nzWFLz78M8VVgjfNQmOeo4x4QsMa_jTPgDTJQty0Lz-boSyPLm7bgtA8pU-cc&e=.pdf&nid=1219&tid=1299,verified
SZIIT-510214,460303,智能控制技术,https://sgspzyq.suit-sz.edu.cn/virtual_attach_file.vsb?afc=7MzLV8nR-ZLRn2L2N7iL4n7nR-iMzNdZolUPM7lPU4v8Um70gihFp2hmCIa0Lkh2UYyYU1yZMmr2U8Q7o7-4M4GZUNQRMNlDol74nRGZnmVFMzl4LRr7nzWFLz78M8VVgjfNQmOeo4x4QsMa_jTPgDTJQty0Lz-boSyPLm7bgtA8pU-cc&e=.pdf&nid=1219&tid=1299,verified
SZIIT-510214,460115,智能光电制造技术,https://sgspzyq.suit-sz.edu.cn/virtual_attach_file.vsb?afc=7MzLV8nR-ZLRn2L2N7iL4n7nR-iMzNdZolUPM7lPU4v8Um70gihFp2hmCIa0Lkh2UYyYU1yZMmr2U8Q7o7-4M4GZUNQRMNlDol74nRGZnmVFMzl4LRr7nzWFLz78M8VVgjfNQmOeo4x4QsMa_jTPgDTJQty0Lz-boSyPLm7bgtA8pU-cc&e=.pdf&nid=1219&tid=1299,verified
GDIPU-460301,460301,机电一体化技术,https://cqgc.gdipu.edu.cn/__local/0/BA/4B/B81A5BBB44BFD8F14829BD62981_3EEE2B6C_4063E3.pdf,verified
GDIPU-460301,460306,电气自动化技术,https://cqgc.gdipu.edu.cn/__local/0/BA/4B/B81A5BBB44BFD8F14829BD62981_3EEE2B6C_4063E3.pdf,verified
GDIPU-460301,460305,工业机器人技术,https://cqgc.gdipu.edu.cn/__local/0/BA/4B/B81A5BBB44BFD8F14829BD62981_3EEE2B6C_4063E3.pdf,verified
GDIPU-460301,460101,机械设计与制造,https://cqgc.gdipu.edu.cn/__local/0/BA/4B/B81A5BBB44BFD8F14829BD62981_3EEE2B6C_4063E3.pdf,verified
GDIPU-460301,460104,机械制造及自动化,https://cqgc.gdipu.edu.cn/__local/0/BA/4B/B81A5BBB44BFD8F14829BD62981_3EEE2B6C_4063E3.pdf,verified
GDIPU-470104,470104,化工生物技术,https://sp.gdipu.edu.cn/info/1151/6582.htm,verified
GDIPU-470104,490103,食品营养与健康,https://sp.gdipu.edu.cn/info/1151/6602.htm,verified
GDIPU-470104,490202,生物制药技术,https://sp.gdipu.edu.cn/info/1151/6572.htm,verified
GTXY-500606,500606,城市轨道交通运营管理,https://yurenhao.sizhengwang.cn/a/gztlzyjsxyjdgcxyjxgcdzb/260205/2332303.shtml,verified
GDAIB-410102,410102,作物生产与经营管理,https://www.gdaib.edu.cn/auto/gdaibnews/ybdt/2023-04-10/45322.html,verified
GDIT-510203,510203,软件技术,https://www.gdit.edu.cn/2026/0107/c6705a118054/page.htm,verified
GDSDXY-450205,450205,水利水电建筑工程,https://bsdt.gdsdxy.edu.cn/sites/html/rcpy2019/21207/,verified
GDGM-460306,460306,电气自动化技术,https://www.gdgm.edu.cn/2026/0106/c4157a63401/page.htm,verified
GDPT-480401,480401,现代纺织技术,https://www.gdpt.edu.cn/a_2/1734,verified
GDPT-480401,430602,高分子材料智能制造技术,https://www.gdpt.edu.cn/a_2/1734,verified
GDPT-480401,480404,针织技术与针织服装,https://www.gdpt.edu.cn/a_2/1734,verified
GDPT-480401,480406,纺织品设计,https://www.gdpt.edu.cn/a_2/1734,verified
GDPT-480401,480405,数字化染整技术,https://www.gdpt.edu.cn/a_2/1734,verified
GDPT-480401,480411,纺织品检验与贸易,https://www.gdpt.edu.cn/a_2/1734,verified
GDMEC-510103,510103,应用电子技术,https://www.gdmec.edu.cn/info/1055/147383.htm,verified
GDMEC-510103,510101,电子信息工程技术,https://www.gdmec.edu.cn/info/1055/147383.htm,verified
GDMEC-510103,510102,物联网应用技术,https://www.gdmec.edu.cn/info/1055/147383.htm,verified
GDMEC-510103,510210,嵌入式技术应用,https://www.gdmec.edu.cn/info/1055/147383.htm,verified
GDMEC-510103,510401,集成电路技术,https://www.gdmec.edu.cn/info/1055/147383.htm,verified
DGPT-460201,460201,智能制造装备技术,https://www.dgpt.edu.cn/info/1002/15550.htm,verified
GDFD-490203,490203,药物制剂技术,https://www.gdyzy.edu.cn/service?wdApplication=nr&wdService=getData&wdtest=false&path=../app/xw/data//upload/file/20260303/1772500985295024684/%E5%B9%BF%E4%B8%9C%E9%A3%9F%E5%93%81%E8%8D%AF%E5%93%81%E8%81%8C%E4%B8%9A%E5%AD%A6%E9%99%A22025%E7%BA%A7%E4%BA%BA%E6%89%8D%E5%9F%B9%E5%85%BB%E6%96%B9%E6%A1%88%EF%BC%88%E4%B8%8A%EF%BC%89.pdf,verified
GDFD-490203,490204,化学制药技术,https://www.gdyzy.edu.cn/service?wdApplication=nr&wdService=getData&wdtest=false&path=../app/xw/data//upload/file/20260303/1772500985295024684/%E5%B9%BF%E4%B8%9C%E9%A3%9F%E5%93%81%E8%8D%AF%E5%93%81%E8%81%8C%E4%B8%9A%E5%AD%A6%E9%99%A22025%E7%BA%A7%E4%BA%BA%E6%89%8D%E5%9F%B9%E5%85%BB%E6%96%B9%E6%A1%88%EF%BC%88%E4%B8%8A%EF%BC%89.pdf,verified
GDFD-490203,490207,制药设备应用技术,https://www.gdyzy.edu.cn/service?wdApplication=nr&wdService=getData&wdtest=false&path=../app/xw/data//upload/file/20260303/1772500985295024684/%E5%B9%BF%E4%B8%9C%E9%A3%9F%E5%93%81%E8%8D%AF%E5%93%81%E8%81%8C%E4%B8%9A%E5%AD%A6%E9%99%A22025%E7%BA%A7%E4%BA%BA%E6%89%8D%E5%9F%B9%E5%85%BB%E6%96%B9%E6%A1%88%EF%BC%88%E4%B8%8A%EF%BC%89.pdf,verified
GDFD-490203,520415,中药制药,https://www.gdyzy.edu.cn/service?wdApplication=nr&wdService=getData&wdtest=false&path=../app/xw/data//upload/file/20260303/1772500985295024684/%E5%B9%BF%E4%B8%9C%E9%A3%9F%E5%93%81%E8%8D%AF%E5%93%81%E8%81%8C%E4%B8%9A%E5%AD%A6%E9%99%A22025%E7%BA%A7%E4%BA%BA%E6%89%8D%E5%9F%B9%E5%85%BB%E6%96%B9%E6%A1%88%EF%BC%88%E4%B8%8A%EF%BC%89.pdf,verified
ZSTP-460115,460115,智能光电制造技术,https://www.zstp.edu.cn/sbwz/zyrc/files/zbzz_2025__1.pdf,verified
ZSTP-460115,460104,机械制造及自动化,https://www.zstp.edu.cn/sbwz/zyrc/files/zbzz_2025__2.pdf,verified
ZSTP-460115,460113,模具设计与制造,https://www.zstp.edu.cn/sbwz/zyrc/files/zbzz_2025__4.pdf,verified
ZSTP-460115,460301,机电一体化技术,https://www.zstp.edu.cn/sbwz/zyrc/files/zbzz_2025__6.pdf,verified
GCAC-500409,500409,飞机机电设备维修,https://apps.gcac.edu.cn/zl/2025zlgc/zzcl/%E9%82%93%E5%90%9B%E9%A6%99/1.%E7%9C%81%E7%BA%A7%E6%95%99%E6%94%B9%E9%9D%A9%E9%A1%B9%E7%9B%AE%E7%94%B3%E6%8A%A5%E4%B9%A6.pdf,verified
GCAC-500409,500410,飞机电子设备维修,https://apps.gcac.edu.cn/zl/2025zlgc/zzcl/%E9%82%93%E5%90%9B%E9%A6%99/1.%E7%9C%81%E7%BA%A7%E6%95%99%E6%94%B9%E9%9D%A9%E9%A1%B9%E7%9B%AE%E7%94%B3%E6%8A%A5%E4%B9%A6.pdf,verified
GCAC-500409,500411,飞机部件修理,https://apps.gcac.edu.cn/zl/2025zlgc/zzcl/%E9%82%93%E5%90%9B%E9%A6%99/1.%E7%9C%81%E7%BA%A7%E6%95%99%E6%94%B9%E9%9D%A9%E9%A1%B9%E7%9B%AE%E7%94%B3%E6%8A%A5%E4%B9%A6.pdf,verified
GCAC-500409,500413,飞机结构修理,https://apps.gcac.edu.cn/zl/2025zlgc/zzcl/%E9%82%93%E5%90%9B%E9%A6%99/1.%E7%9C%81%E7%BA%A7%E6%95%99%E6%94%B9%E9%9D%A9%E9%A1%B9%E7%9B%AE%E7%94%B3%E6%8A%A5%E4%B9%A6.pdf,verified
GCAC-500409,500412,通用航空器维修,https://apps.gcac.edu.cn/zl/2025jcjs/%E7%94%B3%E6%8A%A5%E6%9D%90%E6%96%99/%E5%B9%BF%E4%B8%9C%E7%9C%81%E6%95%99%E8%82%B2%E5%8E%85%E7%94%B3%E6%8A%A5%E4%B8%93%E6%A0%8F/4.%E9%80%9A%E7%94%A8%E8%88%AA%E7%A9%BA%E5%99%A8%E7%BB%93%E6%9E%84%E4%B8%8E%E4%BF%AE%E7%90%86/1.%E7%94%B3%E6%8A%A5%E8%A1%A8/%E9%80%9A%E7%94%A8%E8%88%AA%E7%A9%BA%E5%99%A8%E7%BB%93%E6%9E%84%E4%B8%8E%E4%BF%AE%E7%90%86-%E5%85%A8%E5%9B%BD%E4%BC%98%E7%A7%80%E6%95%99%E6%9D%90%EF%BC%88%E8%81%8C%E6%95%99%E4%B8%8E%E7%BB%A7%E6%95%99%E7%B1%BB%EF%BC%89%E7%94%B3%E6%8A%A5%E6%8E%A8%E8%8D%90%E8%AF%84%E5%AE%A1%E8%A1%A8%20.pdf,verified
SXFTC-530302,530302,大数据与会计,https://www.sxftc.edu.cn/__local/7/58/C3/42ADC232063CB5B84384BD3D0D0_1DF8446F_C89200.pdf,verified
SXFTC-530302,530304,会计信息管理,https://www.sxftc.edu.cn/__local/7/58/C3/42ADC232063CB5B84384BD3D0D0_1DF8446F_C89200.pdf,verified
SXFTC-530302,530301,大数据与财务管理,https://www.sxftc.edu.cn/__local/7/58/C3/42ADC232063CB5B84384BD3D0D0_1DF8446F_C89200.pdf,verified
SXFTC-530302,530101,财税大数据应用,https://www.sxftc.edu.cn/__local/7/58/C3/42ADC232063CB5B84384BD3D0D0_1DF8446F_C89200.pdf,verified
SXFTC-530302,510205,大数据技术,https://www.sxftc.edu.cn/__local/7/58/C3/42ADC232063CB5B84384BD3D0D0_1DF8446F_C89200.pdf,verified
SXFTC-530605,530605,市场营销,https://www.sxftc.edu.cn/__local/7/58/C3/42ADC232063CB5B84384BD3D0D0_1DF8446F_C89200.pdf,verified
SXFTC-530605,530602,连锁经营与管理,https://www.sxftc.edu.cn/__local/7/58/C3/42ADC232063CB5B84384BD3D0D0_1DF8446F_C89200.pdf,verified
SXFTC-530605,530702,跨境电子商务,https://www.sxftc.edu.cn/__local/7/58/C3/42ADC232063CB5B84384BD3D0D0_1DF8446F_C89200.pdf,verified
SXFTC-530605,510213,移动应用开发,https://www.sxftc.edu.cn/__local/7/58/C3/42ADC232063CB5B84384BD3D0D0_1DF8446F_C89200.pdf,verified
SXGC-420501,420501,煤矿智能开采技术,https://www.lfvtc.cn/__local/E/88/2C/F7CCAFD7FA858CA28C49544D96E_A6AA9FA6_2970BF.pdf,verified
SXSY-450204,450204,水利水电工程智能管理,https://www.lfvtc.cn/__local/E/88/2C/F7CCAFD7FA858CA28C49544D96E_A6AA9FA6_2970BF.pdf,verified
LNMEC-460301,460301,机电一体化技术,https://zsjy.lnmec.edu.cn/info/1231/2262.htm,verified
LNMEC-460301,460305,工业机器人技术,https://zsjy.lnmec.edu.cn/info/1231/2262.htm,verified
LNMEC-460301,460104,机械制造及自动化,https://zsjy.lnmec.edu.cn/info/1231/2272.htm,verified
LNMEC-510401,510401,集成电路技术,https://zsjy.lnmec.edu.cn/info/1231/2332.htm,verified
LNMEC-510401,460307,工业过程自动化技术,https://zsjy.lnmec.edu.cn/info/1231/2332.htm,verified
LNMEC-510401,460308,工业自动化仪表技术,https://zsjy.lnmec.edu.cn/info/1231/2332.htm,verified
LNMEC-510401,510101,电子信息工程技术,https://zsjy.lnmec.edu.cn/info/1231/2332.htm,verified
LNMEC-510401,460201,智能制造装备技术,https://zsjy.lnmec.edu.cn/info/1231/2272.htm,verified
SYVTC-460306,460306,电气自动化技术,https://www.vtcsy.edu.cn/__local/A/9D/BA/2E9D7286A3028F94AF4107925C8_64B3F291_54EB0E.pdf,verified
SYVTC-460306,430108,供用电技术,https://www.vtcsy.edu.cn/__local/A/9D/BA/2E9D7286A3028F94AF4107925C8_64B3F291_54EB0E.pdf,verified
DLVTC-460201,460201,智能制造装备技术,https://fmet.dlvtc.edu.cn/web/guest/detail?articleId=FB7F8A54-28D5-BB4F-9F0B-47EFD632814C,verified
DLVTC-460201,460103,数控技术,https://fmet.dlvtc.edu.cn/web/guest/detail?articleId=FB7F8A54-28D5-BB4F-9F0B-47EFD632814C,verified
DLVTC-460201,460306,电气自动化技术,https://fmet.dlvtc.edu.cn/web/guest/detail?articleId=FB7F8A54-28D5-BB4F-9F0B-47EFD632814C,verified
DLVTC-460201,460101,机械设计与制造,https://fmet.dlvtc.edu.cn/web/guest/detail?articleId=FB7F8A54-28D5-BB4F-9F0B-47EFD632814C,verified
DLVTC-460201,460301,机电一体化技术,https://fmet.dlvtc.edu.cn/web/guest/detail?articleId=FB7F8A54-28D5-BB4F-9F0B-47EFD632814C,verified
DLVTC-460201,460305,工业机器人技术,https://fmet.dlvtc.edu.cn/web/guest/detail?articleId=FB7F8A54-28D5-BB4F-9F0B-47EFD632814C,verified
LNNZY-410102,410102,作物生产与经营管理,https://www.ln.gov.cn/web/zwgkx/sjjhczbg/czys/bmys/202590/zfbm/2026020409325541508/2026021212064151246.pdf,verified
LNPC-470203,470203,精细化工技术,https://www.lnpc.edu.cn/_t18/183/listm.psp,verified
LNGPI-500105,500105,铁道机车运用与维护,https://www.lngpi.edu.cn/info/1402/100752.htm,verified
CAII-460305,460305,工业机器人技术,https://m.thepaper.cn/newsDetail_forward_33290457,verified
CAII-460305,460306,电气自动化技术,https://m.thepaper.cn/newsDetail_forward_33290457,verified
CAII-460305,460301,机电一体化技术,https://m.thepaper.cn/newsDetail_forward_33290457,verified
CAII-460702,460702,新能源汽车技术,https://www.xinhuanet.com/edu/20251210/df80c1117e0745c3b166b8b605d313a2/c.html,verified
CVIT-260102,260102,智能制造工程技术,https://www.cvit.edu.cn/__local/B/2B/D8/ABE9771A032B5A04DBD4CB865A6_2980D541_8EE7F3.pdf,verified
CVIT-260102,460104,机械制造及自动化,https://www.cvit.edu.cn/__local/B/2B/D8/ABE9771A032B5A04DBD4CB865A6_2980D541_8EE7F3.pdf,verified
CVIT-260102,460105,工业设计,https://www.cvit.edu.cn/__local/B/2B/D8/ABE9771A032B5A04DBD4CB865A6_2980D541_8EE7F3.pdf,verified
CVIT-260102,460110,智能焊接技术,https://www.cvit.edu.cn/__local/B/2B/D8/ABE9771A032B5A04DBD4CB865A6_2980D541_8EE7F3.pdf,verified
JTY-500109,500109,高速铁路综合维修技术,https://yfzx.jty.edu.cn/__local/C/6F/B6/7D6A87B055EEDBBF3EE43B71575_D68DA2DC_99792B.pdf,verified
JLJY-460201,460201,智能制造装备技术,https://gcjxfy.jljy.edu.cn/xygk/xyjj.htm,verified
JLJY-460201,460303,智能控制技术,https://gcjxfy.jljy.edu.cn/xygk/xyjj.htm,verified
JLJY-460201,500203,智能工程机械运用技术,https://gcjxfy.jljy.edu.cn/xygk/xyjj.htm,verified
JLJY-460201,460104,机械制造及自动化,https://gcjxfy.jljy.edu.cn/xygk/xyjj.htm,verified
JLJY-460201,460305,工业机器人技术,https://gcjxfy.jljy.edu.cn/xygk/xyjj.htm,verified
JVCIT-460104,460104,机械制造及自动化,https://jxqc.jvcit.edu.cn/info/1019/1880.htm,verified
HRBZY-260303,260303,智能控制技术,https://www.hrbzy.edu.cn/_upload/article/files/3f/b6/604a675f4016b4627fecd9371331/d03b19c8-99de-490f-a317-67d580446c3d.pdf,verified
HRBZY-260303,260106,材料成型及控制工程,https://www.hrbzy.edu.cn/_upload/article/files/3f/b6/604a675f4016b4627fecd9371331/d03b19c8-99de-490f-a317-67d580446c3d.pdf,verified
HRBZY-260303,460306,电气自动化技术,https://www.hrbzy.edu.cn/_upload/article/files/3f/b6/604a675f4016b4627fecd9371331/d03b19c8-99de-490f-a317-67d580446c3d.pdf,verified
HRBZY-260303,510211,工业互联网技术,https://www.hrbzy.edu.cn/_upload/article/files/3f/b6/604a675f4016b4627fecd9371331/d03b19c8-99de-490f-a317-67d580446c3d.pdf,verified
HRBZY-530702,530702,跨境电子商务,https://www.hrbzy.edu.cn/_upload/article/files/3f/b6/604a675f4016b4627fecd9371331/d03b19c8-99de-490f-a317-67d580446c3d.pdf,verified
HRBZY-530702,530701,电子商务,https://www.hrbzy.edu.cn/_upload/article/files/3f/b6/604a675f4016b4627fecd9371331/d03b19c8-99de-490f-a317-67d580446c3d.pdf,verified
HRBZY-530702,510205,大数据技术,https://www.hrbzy.edu.cn/_upload/article/files/3f/b6/604a675f4016b4627fecd9371331/d03b19c8-99de-490f-a317-67d580446c3d.pdf,verified
HRBZY-530702,530704,网络营销与直播电商,https://www.hrbzy.edu.cn/_upload/article/files/3f/b6/604a675f4016b4627fecd9371331/d03b19c8-99de-490f-a317-67d580446c3d.pdf,verified
HNYJJ-410115,410115,绿色食品生产技术,https://jw.hnyjj.org.cn/info/1055/1568.htm,verified
HLJP-460103,460103,数控技术,https://www.hljp.edu.cn/imt/info/1061/3796.htm,verified
HLJP-460103,460104,机械制造及自动化,https://www.hljp.edu.cn/imt/info/1059/3711.htm,verified
HLJP-460103,460306,电气自动化技术,https://www.hljp.edu.cn/imt/info/1060/3797.htm,verified
HLJP-460103,460305,工业机器人技术,https://www.hljp.edu.cn/imt/info/1062/3795.htm,verified
HICT-440601,440601,市政工程技术,https://sz.hict.org.cn/article/844/844_1.htm,verified
HICT-440601,500201,道路与桥梁工程技术,https://sz.hict.org.cn/article/844/844_1.htm,verified
HICT-440601,440403,供热通风与空调工程技术,https://sz.hict.org.cn/article/844/844_1.htm,verified
HICT-440601,440602,给排水工程技术,https://sz.hict.org.cn/article/844/844_1.htm,verified
HNGZY-490202,490202,生物制药技术,https://www.hngzy.edu.cn/rmtzx/info/1001/1048.htm,verified
HNGZY-490202,520410,中药学,https://www.hngzy.edu.cn/rmtzx/info/1001/1048.htm,verified
HNGZY-490202,490201,药品生产技术,https://www.hngzy.edu.cn/rmtzx/info/1001/1048.htm,verified
HNGZY-490202,490206,药品质量与安全,https://www.hngzy.edu.cn/rmtzx/info/1001/1048.htm,verified
HNGZY-490202,490208,药品经营与管理,https://www.hngzy.edu.cn/rmtzx/info/1001/1048.htm,verified
HTXY-500601,500601,城市轨道交通工程技术,https://www.htxy.net/__local/3/BB/3B/0C87400B40FCC1604417169F382_AF14FF98_B8B652.pdf,verified
HTXY-500601,440305,地下与隧道工程技术,https://www.htxy.net/__local/3/BB/3B/0C87400B40FCC1604417169F382_AF14FF98_B8B652.pdf,verified
HTXY-500601,440306,土木工程检测技术,https://www.htxy.net/__local/3/BB/3B/0C87400B40FCC1604417169F382_AF14FF98_B8B652.pdf,verified
STIEI-510401,510401,集成电路技术,https://zsw.stiei.edu.cn/_upload/article/files/11/72/0da0d32a4c3189b17e379f24da48/7d3cc915-467d-4375-8ac0-679bbb8c398a.pdf,verified
STIEI-510401,510402,微电子技术,https://zsw.stiei.edu.cn/_upload/article/files/11/72/0da0d32a4c3189b17e379f24da48/7d3cc915-467d-4375-8ac0-679bbb8c398a.pdf,verified
STIEI-510401,510103,应用电子技术,https://zsw.stiei.edu.cn/_upload/article/files/11/72/0da0d32a4c3189b17e379f24da48/7d3cc915-467d-4375-8ac0-679bbb8c398a.pdf,verified
STIEI-510401,460303,智能控制技术,https://zsw.stiei.edu.cn/_upload/article/files/11/72/0da0d32a4c3189b17e379f24da48/7d3cc915-467d-4375-8ac0-679bbb8c398a.pdf,verified
STIEI-460305,460305,工业机器人技术,https://zsw.stiei.edu.cn/_upload/article/files/11/72/0da0d32a4c3189b17e379f24da48/7d3cc915-467d-4375-8ac0-679bbb8c398a.pdf,verified
SADA-550112,550112,工艺美术品设计,https://edu.sh.gov.cn/edu-assets-20200601/files/jyzt_2025jkzsrx/2025%E5%B9%B4%E4%B8%8A%E6%B5%B7%E5%B7%A5%E8%89%BA%E7%BE%8E%E6%9C%AF%E8%81%8C%E4%B8%9A%E5%AD%A6%E9%99%A2%E6%8B%9B%E7%94%9F%E7%AB%A0%E7%A8%8B.pdf,verified
SPPC-560105,560105,数字出版,https://www.sppc.edu.cn/xxgk/2025/1230/c2441a79450/page.htm,verified
SPPC-560105,510209,人工智能技术应用,https://www.sppc.edu.cn/news/2026/0306/c337a80141/page.htm,verified
AHCME-460305,460305,工业机器人技术,https://dq.ahcme.edu.cn/info/1093/5530.htm,verified
AHCME-460702,460702,新能源汽车技术,https://www.ahcme.edu.cn/info/1179/1076.htm,verified
ABC-530701,530701,电子商务,https://www.abc.edu.cn/jwc/report/images/2025-zlnb.pdf,verified
ABC-530701,530302,大数据与会计,https://www.abc.edu.cn/jwc/report/images/2025-zlnb.pdf,verified
ABC-530701,530702,跨境电子商务,https://www.abc.edu.cn/jwc/report/images/2025-zlnb.pdf,verified
ABC-530701,530501,国际经济与贸易,https://www.abc.edu.cn/jwc/report/images/2025-zlnb.pdf,verified
ABC-530701,530202,金融科技应用,https://www.abc.edu.cn/jwc/report/images/2025-zlnb.pdf,verified
AHSDXY-460702,460702,新能源汽车技术,https://xxgk.ahsdxy.edu.cn/info/1007/1372.htm,verified
HFVT-590302,590302,智慧健康养老服务与管理,https://hzyxy.htc.edu.cn/info/1033/13093.htm,verified
HFVT-590302,520601,康复治疗技术,https://hzyxy.htc.edu.cn/info/1033/13083.htm,verified
HFVT-590302,520201,护理,https://hzyxy.htc.edu.cn/gjgspzyq.htm,verified
HFVT-590302,520501,医学检验技术,https://hzyxy.htc.edu.cn/gjgspzyq.htm,verified
HFVT-590302,520101K,临床医学,https://hzyxy.htc.edu.cn/gjgspzyq.htm,verified
WHIT-460701,460701,汽车制造与试验技术,https://qcgc.whit.edu.cn/zysz/QCZZYSYJS.htm,verified
HBVTC-460301,460301,机电一体化技术,https://file.hbvtc.net/5b63ef5a7f8b9a84412cea72/202601/20260109104102694_RzVMrING.pdf,verified
HBVTC-460301,460104,机械制造及自动化,https://file.hbvtc.net/5b63ef5a7f8b9a84412cea72/202601/20260109104102694_RzVMrING.pdf,verified
HBVTC-460301,460306,电气自动化技术,https://file.hbvtc.net/5b63ef5a7f8b9a84412cea72/202601/20260109104102694_RzVMrING.pdf,verified
HBVTC-460301,460103,数控技术,https://file.hbvtc.net/5b63ef5a7f8b9a84412cea72/202601/20260109104102694_RzVMrING.pdf,verified
HBVTC-460301,460305,工业机器人技术,https://file.hbvtc.net/5b63ef5a7f8b9a84412cea72/202601/20260109104102694_RzVMrING.pdf,verified
FYVTC-510207,510207,信息安全技术应用,https://jwc.fyvtc.edu.cn/download/6a22438be4b0ff29beacf8e0.pdf,verified
FYVTC-510207,510201,计算机应用技术,https://jwc.fyvtc.edu.cn/download/6a22438be4b0ff29beacf8e0.pdf,verified
FYVTC-510207,510202,计算机网络技术,https://jwc.fyvtc.edu.cn/download/6a22438be4b0ff29beacf8e0.pdf,verified
FYVTC-510207,510211,工业互联网技术,https://jwc.fyvtc.edu.cn/download/6a22438be4b0ff29beacf8e0.pdf,verified
FJCPC-500301,500301,航海技术,https://www.fjcpc.edu.cn/cz/_t391/2024/0401/c2840a93411/page.htm,verified
FJCPC-500301,500303,轮机工程技术,https://www.fjcpc.edu.cn/cz/_t391/2024/0401/c2840a93411/page.htm,verified
FJCPC-500301,460501,船舶工程技术,https://www.fjcpc.edu.cn/cz/_t391/2024/0401/c2840a93411/page.htm,verified
FJCPC-500201,500201,道路与桥梁工程技术,https://www.fjcpc.edu.cn/dl/2025/0628/c2302a100490/page.htm,verified
FJCPC-500201,500207,智能交通技术,https://www.fjcpc.edu.cn/dl/2025/0628/c2302a100490/page.htm,verified
FJCPC-500201,420303,测绘地理信息技术,https://www.fjcpc.edu.cn/dl/2025/0628/c2302a100490/page.htm,verified
FJCPC-500201,420901,安全技术与管理,https://www.fjcpc.edu.cn/aq/2026/0326/c399a103757/page.htm,verified
FJCPC-500201,420802,环境工程技术,https://www.fjcpc.edu.cn/aq/2026/0326/c399a103757/page.htm,verified
LMU-460303,460305,工业机器人技术,https://www.lmu.edu.cn/jwc/info/1078/2197.htm,verified
LMU-460303,460303,智能控制技术,https://www.lmu.edu.cn/jwc/info/1078/2197.htm,verified
LMU-460303,460101,机械设计与制造,https://www.lmu.edu.cn/jwc/info/1078/2197.htm,verified
LMU-460303,460103,数控技术,https://www.lmu.edu.cn/jwc/info/1078/2197.htm,verified
FJPIT-510102,510102,物联网应用技术,https://www.fjpit.edu.cn/2026/0630/c4537a131921/page.htm,verified
FJPIT-510102,510101,电子信息工程技术,https://www.fjpit.edu.cn/2026/0630/c4537a131921/page.htm,verified
FJPIT-510102,510202,计算机网络技术,https://www.fjpit.edu.cn/2026/0630/c4537a131921/page.htm,verified
FJPIT-510102,510205,大数据技术,https://www.fjpit.edu.cn/2026/0630/c4537a131921/page.htm,verified
FJPIT-510102,510209,人工智能技术应用,https://www.fjpit.edu.cn/2026/0630/c4537a131921/page.htm,verified
QVTU-330701,330701,电子商务,https://www.qvtu.edu.cn/xzbgs/info/1203/1722.htm,verified
QVTU-330701,330802,现代物流管理,https://www.qvtu.edu.cn/info/1066/8710.htm,verified
QVTU-330701,330301,大数据与财务管理,https://www.qvtu.edu.cn/info/1072/8744.htm,verified
QVTU-330701,330302,大数据与会计,https://www.qvtu.edu.cn/bs/xygk/xyjj.htm,verified
FJZZIT-460101,460101,机械设计与制造,https://www.fjzzit.edu.cn/jxx/yxgg/202607/t20260709_91528.htm,verified
FJZZIT-460101,460301,机电一体化技术,https://www.fjzzit.edu.cn/jxx/yxgg/202607/t20260709_91528.htm,verified
FJZZIT-460101,460113,模具设计与制造,https://www.fjzzit.edu.cn/jxx/yxgg/202607/t20260709_91528.htm,verified
FJZZIT-460101,460302,工业机器人技术,https://www.fjzzit.edu.cn/jxx/yxgg/202607/t20260709_91528.htm,verified
FJZZIT-460101,460201,智能制造装备技术,https://www.fjzzit.edu.cn/jxx/yxgg/202607/t20260709_91528.htm,verified
FVTI-510209,510209,人工智能技术应用,https://www.fvti.cn/albb/2023/1020/c2948a148005/page.htm,verified
FVTI-510209,510206,云计算技术应用,https://www.fvti.cn/albb/2023/1020/c2948a148001/page.htm,verified
FVTI-510209,510207,信息安全技术应用,https://www.fvti.cn/albb/2023/1020/c2948a148007/page.htm,verified
FVTI-510209,510202,计算机网络技术,https://www.fvti.cn/albb/2023/1020/c2948a148002/page.htm,verified
JXPU-460501,460501,船舶工程技术,https://www.jxpu.edu.cn/info/1021/15484.htm,verified
JXPU-460501,460502,船舶动力工程技术,https://www.jxpu.edu.cn/info/1021/15484.htm,verified
JXPU-460501,460103,数控技术,https://www.jxpu.edu.cn/info/1021/15484.htm,verified
JXPU-460501,460306,电气自动化技术,https://www.jxpu.edu.cn/info/1021/15484.htm,verified
JXPU-460501,460119,工业产品质量检测技术,https://www.jxpu.edu.cn/info/1021/15484.htm,verified
JXPU-510101,510101,电子信息工程技术,https://dqgcxy.jxpu.edu.cn/info/1233/2334.htm,verified
JXPU-510101,510103,应用电子技术,https://dqgcxy.jxpu.edu.cn/info/1232/4042.htm,verified
JXPU-510101,510301,现代通信技术,https://dqgcxy.jxpu.edu.cn/info/1239/2132.htm,verified
JXPU-510101,310102,物联网工程技术,https://xxgcxy.jxpu.edu.cn/xygk.htm,verified
JXPU-510101,310209,人工智能工程技术,https://xxgcxy.jxpu.edu.cn/xygk.htm,verified
JXPU-510101,510206,云计算技术应用,https://xxgcxy.jxpu.edu.cn/xygk.htm,verified
JXCFS-530702,530702,跨境电子商务,https://dsxy.jxcfs.com/info/1063/4353.htm,verified
JXYT-430501,430501,有色金属智能冶金技术,https://www.jxyy.edu.cn/info/1053/206391.htm,verified
JXYT-430501,430505,稀土材料技术,https://www.jxyy.edu.cn/info/1053/206391.htm,verified
JXYT-430501,430504,储能材料技术,https://www.jxyy.edu.cn/info/1053/206391.htm,verified
JXYT-430501,470208,分析检验技术,https://www.jxyy.edu.cn/info/1053/206391.htm,verified
JXGM-460305,460305,工业机器人技术,https://jyc.jxgmxy.com/news-show-1753.html,verified
JXGM-460305,460301,机电一体化技术,https://jyc.jxgmxy.com/news-show-1753.html,verified
JXGM-460305,510102,物联网应用技术,https://jyc.jxgmxy.com/news-show-1753.html,verified
JXGM-460305,460104,机械制造及自动化,https://jyc.jxgmxy.com/news-show-1753.html,verified
JXGM-460305,460103,数控技术,https://jyc.jxgmxy.com/news-show-1753.html,verified
JXHJ-410201,410201,林业技术,https://jxhjxy.com/lxy/zszy/lyjs,verified
JXHJ-410201,410202,园林技术,https://jxhjxy.com/lxy/zszy/gccljs,verified
JXXD-510101,510101,电子信息工程技术,https://jiaowc.jxxdxy.edu.cn/news-show-937.html,verified
JXXD-510101,510109,智能光电技术应用,https://www.jxxdxy.edu.cn/news-show-68885.html,verified
YRCTI-450205,450201,水利工程,https://www.yrcti.edu.cn/jwc/info/1123/5468.htm,verified
YRCTI-450205,420901,安全技术与管理,https://www.yrcti.edu.cn/jwc/info/1123/5468.htm,verified
YRCTI-450205,450203,水利水电工程技术,https://www.yrcti.edu.cn/jwc/info/1123/5468.htm,verified
YRCTI-450205,450205,水利水电建筑工程,https://www.yrcti.edu.cn/jwc/info/1123/5468.htm,verified
YRCTI-450205,450207,治河与航道工程技术,https://www.yrcti.edu.cn/jwc/info/1123/5468.htm,verified
ZZRVTC-500105,500105,铁道机车运用与维护,https://www.zzrvtc.edu.cn/xxgk/list.htm,verified
ZZRVTC-500105,500106,铁道车辆技术,https://www.zzrvtc.edu.cn/xxgk/list.htm,verified
ZZRVTC-500105,500108,动车组检修技术,https://www.zzrvtc.edu.cn/xxgk/list.htm,verified
ZZRVTC-500105,500104,铁道养路机械应用技术,https://www.zzrvtc.edu.cn/xxgk/list.htm,verified
ZZRVTC-500105,500112,铁道交通运营管理,https://www.zzrvtc.edu.cn/xxgk/list.htm,verified
ZZRVTC-500109,500109,高速铁路综合维修技术,https://www.zzrvtc.edu.cn/xxgk/list.htm,verified
ZZRVTC-500109,500107,铁道供电技术,https://www.zzrvtc.edu.cn/xxgk/list.htm,verified
ZZRVTC-500109,500111,铁道通信与信息化技术,https://www.zzrvtc.edu.cn/xxgk/list.htm,verified
ZZRVTC-500109,500110,铁道信号自动控制,https://www.zzrvtc.edu.cn/xxgk/list.htm,verified
ZZRVTC-500109,500102,高速铁路施工与维护,https://www.zzrvtc.edu.cn/xxgk/list.htm,verified
XCITC-460301,460301,机电一体化技术,https://jd.xcitc.edu.cn/info/1061/1653.htm,verified
XCITC-460301,460104,机械制造及自动化,https://jd.xcitc.edu.cn/info/1061/1348.htm,verified
XCITC-460301,460306,电气自动化技术,https://jd.xcitc.edu.cn/info/1061/1651.htm,verified
XCITC-460301,460305,工业机器人技术,https://jd.xcitc.edu.cn/info/1061/1341.htm,verified
XCITC-460301,460310,工业互联网应用,https://jd.xcitc.edu.cn/info/1061/1342.htm,verified
HNCA-410101,410101,种子生产与经营,https://ft.haedu.cn/2026/pages/%E6%B2%B3%E5%8D%97%E5%86%9C%E4%B8%9A%E8%81%8C%E4%B8%9A%E5%AD%A6%E9%99%A2.html?el=1,verified
HNETC-510209,510209,人工智能技术应用,https://jsjgc.henetc.edu.cn/xygk/xyjj.htm,verified
HNETC-510209,510205,大数据技术,https://jsjgc.henetc.edu.cn/xygk/xyjj.htm,verified
HNETC-510209,510201,计算机应用技术,https://jsjgc.henetc.edu.cn/xygk/xyjj.htm,verified
HNETC-510209,510207,信息安全技术应用,https://jsjgc.henetc.edu.cn/xygk/xyjj.htm,verified
HNETC-510209,510206,云计算技术应用,https://jsjgc.henetc.edu.cn/xygk/xyjj.htm,verified
HNETC-510209,510212,区块链技术应用,https://jsjgc.henetc.edu.cn/xygk/xyjj.htm,verified
HNETC-510209,510204,数字媒体技术,https://jsjgc.henetc.edu.cn/xygk/xyjj.htm,verified
WTU-510109,510109,智能光电技术应用,https://dx.wtc.edu.cn/249/list.htm,verified
WTU-510109,510301,现代通信技术,https://dx.wtc.edu.cn/249/list.htm,verified
WTU-510109,510101,电子信息工程技术,https://dx.wtc.edu.cn/249/list.htm,verified
WTU-510109,510102,物联网应用技术,https://dx.wtc.edu.cn/249/list.htm,verified
WTU-510109,510401,集成电路技术,https://dx.wtc.edu.cn/249/list.htm,verified
WTU-510207,510207,信息安全技术应用,https://it.wtc.edu.cn/2025/0711/c5765a128032/page.htm,verified
WTU-510207,510209,人工智能技术应用,https://it.wtc.edu.cn/2025/0711/c5765a128032/page.htm,verified
WTU-510207,510214,工业软件开发技术,https://it.wtc.edu.cn/2025/0711/c5765a128032/page.htm,verified
WTU-510207,510203,软件技术,https://it.wtc.edu.cn/2025/0711/c5765a128032/page.htm,verified
WTU-510207,510205,大数据技术,https://it.wtc.edu.cn/2025/0711/c5765a128032/page.htm,verified
WTU-510207,510202,计算机网络技术,https://it.wtc.edu.cn/2025/0711/c5765a128032/page.htm,verified
WSPC-460501,460501,船舶工程技术,https://www.wspc.edu.cn/info/1023/1533.htm,verified
WSPC-460501,460505,船舶舾装工程技术,https://www.wspc.edu.cn/info/1023/1533.htm,verified
WSPC-460501,460510,海洋工程装备技术,https://www.wspc.edu.cn/info/1023/1533.htm,verified
WSPC-460501,460504,船舶智能焊接技术,https://www.wspc.edu.cn/info/1023/1533.htm,verified
WSPC-460501,460508,游艇设计与制造,https://www.wspc.edu.cn/info/1023/1533.htm,verified
WSPC-500308,500308,船舶电子电气技术,https://www.wspc.edu.cn/info/1017/50767.htm,verified
XYVTC-460702,460702,新能源汽车技术,https://www.hbxytc.cn/xxgk/xxjj.htm,verified
XYVTC-460702,460701,汽车制造与试验技术,https://www.hbxytc.cn/__local/A/7A/3A/0E9D2F72AE2CE2A03CEBA731770_BF142223_35E900.pdf,verified
XYVTC-460702,460704,智能网联汽车技术,https://qcgcxy.hbxytc.cn/info/1116/4645.htm,verified
XYVTC-460702,500211,汽车检测与维修技术,https://www.hbxytc.cn/info/1021/32187.htm,verified
WHVCSE-510301,510301,现代通信技术,https://whvcse.edu.cn/info/2292/201018.htm,verified
WHVCSE-510301,510203,软件技术,https://whvcse.edu.cn/info/2292/201018.htm,verified
WHVCSE-510301,510109,智能光电技术应用,https://whvcse.edu.cn/info/2292/201018.htm,verified
WHVCSE-510301,510401,集成电路技术,https://whvcse.edu.cn/info/2292/201018.htm,verified
WHVCSE-510301,510209,人工智能技术应用,https://whvcse.edu.cn/info/2292/201018.htm,verified
HBTGPT-470201,470201,应用化工技术,https://news.hubeidaily.net/mobile/c_4766374.html,verified
HBTGPT-470201,470209,化工自动化技术,https://news.hubeidaily.net/mobile/c_4766374.html,verified
HBTGPT-470201,460301,机电一体化技术,https://news.hubeidaily.net/mobile/c_4766374.html,verified
HBTGPT-470201,460306,电气自动化技术,https://news.hubeidaily.net/mobile/c_4766374.html,verified
WHCP-460704,460704,智能网联汽车技术,https://qcxy.whcp.edu.cn/4320/list.htm,verified
WHCP-460704,460702,新能源汽车技术,https://qcxy.whcp.edu.cn/4320/list.htm,verified
WHCP-460704,510107,汽车智能技术,https://qcxy.whcp.edu.cn/4320/list.htm,verified
WHCP-460704,460701,汽车制造与试验技术,https://qcxy.whcp.edu.cn/4320/list.htm,verified
WHCP-460704,500211,汽车检测与维修技术,https://qcxy.whcp.edu.cn/4320/list.htm,verified
WHCP-460704,500210,汽车技术服务与营销,https://qcxy.whcp.edu.cn/4320/list.htm,verified
WRU-500108,500108,动车组检修技术,https://jwc.wru.edu.cn/zyjs/rcpyfa/1.htm,verified
WRU-500108,500105,铁道机车运用与维护,https://jwc.wru.edu.cn/zyjs/rcpyfa/1.htm,verified
WRU-500108,500106,铁道车辆技术,https://jwc.wru.edu.cn/zyjs/rcpyfa/1.htm,verified
WRU-500108,500602,城市轨道车辆应用技术,https://jwc.wru.edu.cn/zyjs/rcpyfa/1.htm,verified
WRU-500111,500111,铁道通信与信息化技术,https://thxy.wru.edu.cn/info/1007/3887.htm,verified
WRU-500111,500110,铁道信号自动控制,https://thxy.wru.edu.cn/info/1007/3887.htm,verified
WRU-500111,500604,城市轨道交通通信信号技术,https://thxy.wru.edu.cn/info/1007/3887.htm,verified
WRU-500111,510301,现代通信技术,https://thxy.wru.edu.cn/info/1007/3887.htm,verified
WRU-500111,460404,轨道交通通信信号设备制造与维护,https://thxy.wru.edu.cn/info/1007/3887.htm,verified
WHTCC-460609,460609,无人机应用技术,https://znzz.whtcc.edu.cn/info/1181/3075.htm,verified
WHTCC-460609,460301,机电一体化技术,https://znzz.whtcc.edu.cn/info/1181/3075.htm,verified
WHTCC-460609,460305,工业机器人技术,https://znzz.whtcc.edu.cn/info/1181/3075.htm,verified
WHTCC-460609,510301,现代通信技术,https://znzz.whtcc.edu.cn/info/1181/3075.htm,verified
