record_id,old_filename,new_filename,old_relative_path,new_relative_path,naming_basis,source_page_url,download_url,sha256,status
HNZJ-460103/460103,645118420AB9ED9872C0D0C2A60_6A030C9B_1CF0E3.pdf,河南职业技术学院-数控技术专业群-数控技术.pdf,documents/河南/HNZJ_河南职业技术学院/数控技术专业群/460103_数控技术/645118420AB9ED9872C0D0C2A60_6A030C9B_1CF0E3.pdf,documents/河南/HNZJ_河南职业技术学院/数控技术专业群/460103_数控技术/河南职业技术学院-数控技术专业群-数控技术.pdf,学校-专业群-专业兜底,https://jwc.hnzj.edu.cn/info/1129/4576.htm,https://jwc.hnzj.edu.cn/__local/1/21/92/645118420AB9ED9872C0D0C2A60_6A030C9B_1CF0E3.pdf,950a2eca613d242f15fd73733290f2f2a6b19992a9df927b75b86c81e45c993c,已执行
HNZJ-460103/460301,F1D3D14DC94E6FA22F71E26C9EF_12421701_1C1A31.pdf,河南职业技术学院-数控技术专业群-机电一体化技术.pdf,documents/河南/HNZJ_河南职业技术学院/数控技术专业群/460301_机电一体化技术/F1D3D14DC94E6FA22F71E26C9EF_12421701_1C1A31.pdf,documents/河南/HNZJ_河南职业技术学院/数控技术专业群/460301_机电一体化技术/河南职业技术学院-数控技术专业群-机电一体化技术.pdf,学校-专业群-专业兜底,https://jwc.hnzj.edu.cn/info/1129/4578.htm,https://jwc.hnzj.edu.cn/__local/9/19/69/F1D3D14DC94E6FA22F71E26C9EF_12421701_1C1A31.pdf,91c12ffa0f21a1108f350c07378ad9ea51c6905e07909ecaa69750523619d5f6,已执行
HNZJ-460103/460305,154846178431A93E5E97D008CAD_0A5769BA_126F23.pdf,河南职业技术学院-数控技术专业群-工业机器人技术.pdf,documents/河南/HNZJ_河南职业技术学院/数控技术专业群/460305_工业机器人技术/154846178431A93E5E97D008CAD_0A5769BA_126F23.pdf,documents/河南/HNZJ_河南职业技术学院/数控技术专业群/460305_工业机器人技术/河南职业技术学院-数控技术专业群-工业机器人技术.pdf,学校-专业群-专业兜底,https://jwc.hnzj.edu.cn/info/1239/4586.htm,https://jwc.hnzj.edu.cn/__local/8/E3/5B/154846178431A93E5E97D008CAD_0A5769BA_126F23.pdf,8e6e00594b015a65adb3576e26fdaa503021ea35161ddd0f52c798112519f9ff,已执行
HNZJ-460103/460113,D21E2888A75CCFF1BAC90E87ED2_BAFEDFE1_116EDC.pdf,河南职业技术学院-数控技术专业群-模具设计与制造.pdf,documents/河南/HNZJ_河南职业技术学院/数控技术专业群/460113_模具设计与制造/D21E2888A75CCFF1BAC90E87ED2_BAFEDFE1_116EDC.pdf,documents/河南/HNZJ_河南职业技术学院/数控技术专业群/460113_模具设计与制造/河南职业技术学院-数控技术专业群-模具设计与制造.pdf,学校-专业群-专业兜底,https://jwc.hnzj.edu.cn/info/1238/4573.htm,https://jwc.hnzj.edu.cn/__local/4/06/7C/D21E2888A75CCFF1BAC90E87ED2_BAFEDFE1_116EDC.pdf,9e28b30f5ea2515b16b33840733e9045cc3be2748e617b9ea9a1954038a6ae06,已执行
HNZJ-460103/460110,D757DB8F09C15260F4463DAC15E_755D5354_EC919.pdf,河南职业技术学院-数控技术专业群-智能焊接技术.pdf,documents/河南/HNZJ_河南职业技术学院/数控技术专业群/460110_智能焊接技术/D757DB8F09C15260F4463DAC15E_755D5354_EC919.pdf,documents/河南/HNZJ_河南职业技术学院/数控技术专业群/460110_智能焊接技术/河南职业技术学院-数控技术专业群-智能焊接技术.pdf,学校-专业群-专业兜底,https://jwc.hnzj.edu.cn/info/1238/4574.htm,https://jwc.hnzj.edu.cn/__local/C/04/FD/D757DB8F09C15260F4463DAC15E_755D5354_EC919.pdf,264512fcca73a2d2838e79ece1618311a105233777cba00081ab023cf959085c,已执行
HFVT-590302/590302,AF01A5884BE49122B9A556E67C0_FC1BD184_B7035.pdf,合肥职业技术学院-智慧健康养老服务与管理专业群-智慧健康养老服务与管理.pdf,documents/安徽/HFVT_合肥职业技术学院/智慧健康养老服务与管理专业群/590302_智慧健康养老服务与管理/AF01A5884BE49122B9A556E67C0_FC1BD184_B7035.pdf,documents/安徽/HFVT_合肥职业技术学院/智慧健康养老服务与管理专业群/590302_智慧健康养老服务与管理/合肥职业技术学院-智慧健康养老服务与管理专业群-智慧健康养老服务与管理.pdf,学校-专业群-专业兜底,https://hzyxy.htc.edu.cn/info/1102/15683.htm,https://hzyxy.htc.edu.cn/__local/3/92/71/AF01A5884BE49122B9A556E67C0_FC1BD184_B7035.pdf,c5e9f5d0c6e6be8c3a348e02d2f2091b5e8283fde1d34a0183bd2513990d243f,已执行
HFVT-590302/520201,A9BC4A15205E10408070ABD48E8_1F7F2E3E_BBD4C.pdf,合肥职业技术学院-智慧健康养老服务与管理专业群-护理.pdf,documents/安徽/HFVT_合肥职业技术学院/智慧健康养老服务与管理专业群/520201_护理/A9BC4A15205E10408070ABD48E8_1F7F2E3E_BBD4C.pdf,documents/安徽/HFVT_合肥职业技术学院/智慧健康养老服务与管理专业群/520201_护理/合肥职业技术学院-智慧健康养老服务与管理专业群-护理.pdf,学校-专业群-专业兜底,https://hzyxy.htc.edu.cn/info/1102/15643.htm,https://hzyxy.htc.edu.cn/__local/7/1B/30/A9BC4A15205E10408070ABD48E8_1F7F2E3E_BBD4C.pdf,63d5e50fbc050c97fcba0c42193fa718421dde604696c90922ef76ade1283988,已执行
HFVT-590302/520501,EDEBC8E37D69F7BB16C0D0C7171_E90BE20D_A6294.pdf,合肥职业技术学院-智慧健康养老服务与管理专业群-医学检验技术.pdf,documents/安徽/HFVT_合肥职业技术学院/智慧健康养老服务与管理专业群/520501_医学检验技术/EDEBC8E37D69F7BB16C0D0C7171_E90BE20D_A6294.pdf,documents/安徽/HFVT_合肥职业技术学院/智慧健康养老服务与管理专业群/520501_医学检验技术/合肥职业技术学院-智慧健康养老服务与管理专业群-医学检验技术.pdf,学校-专业群-专业兜底,https://hzyxy.htc.edu.cn/info/1102/15673.htm,https://hzyxy.htc.edu.cn/__local/0/C8/C5/EDEBC8E37D69F7BB16C0D0C7171_E90BE20D_A6294.pdf,15a8abc6ec4cd5542f93e2fcbac49e5e9e34889330234c61abbdbf75fb7bbbca,已执行
HFVT-590302/520101K,4F34591807689D98323A7A3F015_D796F134_B70E7.pdf,合肥职业技术学院-智慧健康养老服务与管理专业群-临床医学.pdf,documents/安徽/HFVT_合肥职业技术学院/智慧健康养老服务与管理专业群/520101K_临床医学/4F34591807689D98323A7A3F015_D796F134_B70E7.pdf,documents/安徽/HFVT_合肥职业技术学院/智慧健康养老服务与管理专业群/520101K_临床医学/合肥职业技术学院-智慧健康养老服务与管理专业群-临床医学.pdf,学校-专业群-专业兜底,https://hzyxy.htc.edu.cn/info/1102/15663.htm,https://hzyxy.htc.edu.cn/__local/1/34/A5/4F34591807689D98323A7A3F015_D796F134_B70E7.pdf,858cea72919ac62b548cbb20fadbd7d6b8ba82198eea603570b84aaa25dcd47f,已执行
FJCPC-500301/500301,1363a176-9c3d-46ed-972d-f30e6ef18f9c.pdf,2025级航海技术专业人才培养方案.pdf,documents/福建/FJCPC_福建船政交通职业学院/航海技术专业群/500301_航海技术/1363a176-9c3d-46ed-972d-f30e6ef18f9c.pdf,documents/福建/FJCPC_福建船政交通职业学院/航海技术专业群/500301_航海技术/2025级航海技术专业人才培养方案.pdf,官网附件标题,https://www.fjcpc.edu.cn/jwc/2025/0831/c3769a101239/page.htm,https://www.fjcpc.edu.cn/_upload/article/files/5c/b7/17bdfab449cf8c7ac21f3cb23c20/1363a176-9c3d-46ed-972d-f30e6ef18f9c.pdf,2b17a6d4e26ee1d4b4178479de84d6873fb1a48d78354b48bc8913a61d12101b,已执行
FJCPC-500301/500303,c8e099e7-6d6f-49ec-acf5-6b09caa82f94.pdf,2025级轮机工程技术专业人才培养方案.pdf,documents/福建/FJCPC_福建船政交通职业学院/航海技术专业群/500303_轮机工程技术/c8e099e7-6d6f-49ec-acf5-6b09caa82f94.pdf,documents/福建/FJCPC_福建船政交通职业学院/航海技术专业群/500303_轮机工程技术/2025级轮机工程技术专业人才培养方案.pdf,官网附件标题,https://www.fjcpc.edu.cn/jwc/2025/0831/c3769a101240/page.htm,https://www.fjcpc.edu.cn/_upload/article/files/21/ad/0a0be62741df893903d602c4c933/c8e099e7-6d6f-49ec-acf5-6b09caa82f94.pdf,049c398990ee75f1de19bc5f4abaec444573c9a2b6416410eecc8e9587b893d2,已执行
FJCPC-500301/460501,28d09b61-b715-4628-8d38-266a5130a029.pdf,2025船舶工程技术人才培养方案.pdf,documents/福建/FJCPC_福建船政交通职业学院/航海技术专业群/460501_船舶工程技术/28d09b61-b715-4628-8d38-266a5130a029.pdf,documents/福建/FJCPC_福建船政交通职业学院/航海技术专业群/460501_船舶工程技术/2025船舶工程技术人才培养方案.pdf,官网附件标题,https://www.fjcpc.edu.cn/jwc/2025/0831/c3769a101237/page.htm,https://www.fjcpc.edu.cn/_upload/article/files/a5/fc/dcbc4a7a466e9818c6e73a62da91/28d09b61-b715-4628-8d38-266a5130a029.pdf,17375864a2fd3c0ec3207079e0751fe42ded93dd783a1aca599ebd1e8da0026c,已执行
FJCPC-500201/500201,17b1a03e-f6aa-4255-9f6d-d6c3946bda69.pdf,2025级道路桥梁工程专业人才培养方案.pdf,documents/福建/FJCPC_福建船政交通职业学院/道路与桥梁工程技术专业群/500201_道路与桥梁工程技术/17b1a03e-f6aa-4255-9f6d-d6c3946bda69.pdf,documents/福建/FJCPC_福建船政交通职业学院/道路与桥梁工程技术专业群/500201_道路与桥梁工程技术/2025级道路桥梁工程专业人才培养方案.pdf,官网附件标题,https://www.fjcpc.edu.cn/jwc/2025/0831/c3774a101261/page.htm,https://www.fjcpc.edu.cn/_upload/article/files/4c/9d/e9efe51341bc85480a4b91105646/17b1a03e-f6aa-4255-9f6d-d6c3946bda69.pdf,25f9cdf2aa3da5bcb8ffce9aea0e77220e5bd2e2923bf12faabcb1ade103a1aa,已执行
FJCPC-500201/500207,cdcf220f-ae7c-4ce6-bc12-526d84a58e0f.pdf,2025级智能交通技术专业人才培养方案.pdf,documents/福建/FJCPC_福建船政交通职业学院/道路与桥梁工程技术专业群/500207_智能交通技术/cdcf220f-ae7c-4ce6-bc12-526d84a58e0f.pdf,documents/福建/FJCPC_福建船政交通职业学院/道路与桥梁工程技术专业群/500207_智能交通技术/2025级智能交通技术专业人才培养方案.pdf,官网附件标题,https://www.fjcpc.edu.cn/jwc/2025/0831/c3774a101266/page.htm,https://www.fjcpc.edu.cn/_upload/article/files/5f/16/338c556a4f878a811610764652a8/cdcf220f-ae7c-4ce6-bc12-526d84a58e0f.pdf,0cb96b1c92ced70de758869319c5c3174f37081d0e98339671fb47d3ce79dd33,已执行
FJCPC-500201/420303,0a8f43ea-fb43-49d1-8042-bd7541f05fd5.pdf,2025级测绘地理信息技术专业人才培养方案.pdf,documents/福建/FJCPC_福建船政交通职业学院/道路与桥梁工程技术专业群/420303_测绘地理信息技术/0a8f43ea-fb43-49d1-8042-bd7541f05fd5.pdf,documents/福建/FJCPC_福建船政交通职业学院/道路与桥梁工程技术专业群/420303_测绘地理信息技术/2025级测绘地理信息技术专业人才培养方案.pdf,官网附件标题,https://www.fjcpc.edu.cn/jwc/2025/0831/c3774a101260/page.htm,https://www.fjcpc.edu.cn/_upload/article/files/c4/5f/b1cc12f444a3b7f8bb786ceba921/0a8f43ea-fb43-49d1-8042-bd7541f05fd5.pdf,6511534fda8c867a706dc89e12cea3f1d24ffc70f372c76b143892e16b40aaf7,已执行
FJCPC-500201/420901,bbf9383f-bbf6-45c5-a43b-42e8205e632f.pdf,2025级安全技术与管理专业人才培养方案.pdf,documents/福建/FJCPC_福建船政交通职业学院/道路与桥梁工程技术专业群/420901_安全技术与管理/bbf9383f-bbf6-45c5-a43b-42e8205e632f.pdf,documents/福建/FJCPC_福建船政交通职业学院/道路与桥梁工程技术专业群/420901_安全技术与管理/2025级安全技术与管理专业人才培养方案.pdf,官网附件标题,https://www.fjcpc.edu.cn/jwc/2025/0831/c3777a101235/page.htm,https://www.fjcpc.edu.cn/_upload/article/files/5f/41/9d3fd8b6449fa894fcea81e18a05/bbf9383f-bbf6-45c5-a43b-42e8205e632f.pdf,c897384337a654fe910819c5a71e62ff0aeb998a418fc1fe5f5fb94f1f86f28f,已执行
FJCPC-500201/420802,fc32ad83-ae28-4241-bb40-4edd77b84d50.pdf,2025级环境工程技术专业人才培养方案.pdf,documents/福建/FJCPC_福建船政交通职业学院/道路与桥梁工程技术专业群/420802_环境工程技术/fc32ad83-ae28-4241-bb40-4edd77b84d50.pdf,documents/福建/FJCPC_福建船政交通职业学院/道路与桥梁工程技术专业群/420802_环境工程技术/2025级环境工程技术专业人才培养方案.pdf,官网附件标题,https://www.fjcpc.edu.cn/jwc/2025/0831/c3777a101236/page.htm,https://www.fjcpc.edu.cn/_upload/article/files/0d/02/0b7500fc4537b57b4669abc9c31c/fc32ad83-ae28-4241-bb40-4edd77b84d50.pdf,75cdbca035ae74e63c1e43481b743c61fdd34626d24a9092b535e93d1505e38d,已执行
JXXD-510101/510109,41be309704.pdf,附件2.2025级智能光电技术应用专业人才培养方案.pdf,documents/江西/JXXD_江西现代职业技术学院/电子信息工程技术专业群/510109_智能光电技术应用/41be309704.pdf,documents/江西/JXXD_江西现代职业技术学院/电子信息工程技术专业群/510109_智能光电技术应用/附件2.2025级智能光电技术应用专业人才培养方案.pdf,官网附件标题,https://jiaowc.jxxdxy.edu.cn/news-show-937.html,https://jiaowc.jxxdxy.edu.cn/uploadfile/71/Attachment/41be309704.pdf,824a23a5fbb2092e44f737acc4cbba854c074f61fdbaafd5def1a09ea8777bf5,已执行
ZZRVTC-500105/500105,6a3d4b17-fefe-41e9-8ce4-df0a34ba3831.pdf,郑州铁路职业技术大学-铁道机车运用与维护专业群-铁道机车运用与维护.pdf,documents/河南/ZZRVTC_郑州铁路职业技术大学/铁道机车运用与维护专业群/500105_铁道机车运用与维护/6a3d4b17-fefe-41e9-8ce4-df0a34ba3831.pdf,documents/河南/ZZRVTC_郑州铁路职业技术大学/铁道机车运用与维护专业群/500105_铁道机车运用与维护/郑州铁路职业技术大学-铁道机车运用与维护专业群-铁道机车运用与维护.pdf,学校-专业群-专业兜底,https://www.zzrvtc.edu.cn/jwgl2/2025/1120/c3513a136920/page.htm,https://www.zzrvtc.edu.cn/_upload/article/files/72/0d/1b87f2574bbb9fbec39ac622f633/6a3d4b17-fefe-41e9-8ce4-df0a34ba3831.pdf,8e56491357e161e76b14ebc5f893ae05ca901bf05d4f7553c547ceedec8e13c9,已执行
ZZRVTC-500105/500106,ce6a7786-dee7-4298-8cef-7d5f30fa1dc8.pdf,郑州铁路职业技术大学-铁道机车运用与维护专业群-铁道车辆技术.pdf,documents/河南/ZZRVTC_郑州铁路职业技术大学/铁道机车运用与维护专业群/500106_铁道车辆技术/ce6a7786-dee7-4298-8cef-7d5f30fa1dc8.pdf,documents/河南/ZZRVTC_郑州铁路职业技术大学/铁道机车运用与维护专业群/500106_铁道车辆技术/郑州铁路职业技术大学-铁道机车运用与维护专业群-铁道车辆技术.pdf,学校-专业群-专业兜底,https://www.zzrvtc.edu.cn/jwgl2/2026/0107/c3513a138910/page.htm,https://www.zzrvtc.edu.cn/_upload/article/files/91/ef/83cfb64e4fceae7f7dd7f380d585/ce6a7786-dee7-4298-8cef-7d5f30fa1dc8.pdf,149acf267e34cf2c946328aa13fbfdf9f0d1a1d2395b96030ffea9a58620746b,已执行
ZZRVTC-500105/500108,733c055f-ad01-4573-9bab-488d7d285ffc.pdf,郑州铁路职业技术大学-铁道机车运用与维护专业群-动车组检修技术.pdf,documents/河南/ZZRVTC_郑州铁路职业技术大学/铁道机车运用与维护专业群/500108_动车组检修技术/733c055f-ad01-4573-9bab-488d7d285ffc.pdf,documents/河南/ZZRVTC_郑州铁路职业技术大学/铁道机车运用与维护专业群/500108_动车组检修技术/郑州铁路职业技术大学-铁道机车运用与维护专业群-动车组检修技术.pdf,学校-专业群-专业兜底,https://www.zzrvtc.edu.cn/jwgl2/2026/0107/c3513a138908/page.htm,https://www.zzrvtc.edu.cn/_upload/article/files/b5/cc/ef3f29ee4ea7ab2d17aaa0ddf54e/733c055f-ad01-4573-9bab-488d7d285ffc.pdf,d396e2741cedd0a8f576bdf13fcd1969a8df268eac7c41bf1b3ffe2e152c8c1b,已执行
ZZRVTC-500105/500104,e0598103-c467-4b8b-87ac-e69dd58986df.pdf,郑州铁路职业技术大学-铁道机车运用与维护专业群-铁道养路机械应用技术.pdf,documents/河南/ZZRVTC_郑州铁路职业技术大学/铁道机车运用与维护专业群/500104_铁道养路机械应用技术/e0598103-c467-4b8b-87ac-e69dd58986df.pdf,documents/河南/ZZRVTC_郑州铁路职业技术大学/铁道机车运用与维护专业群/500104_铁道养路机械应用技术/郑州铁路职业技术大学-铁道机车运用与维护专业群-铁道养路机械应用技术.pdf,学校-专业群-专业兜底,https://www.zzrvtc.edu.cn/jwgl2/2025/1120/c3513a136919/page.htm,https://www.zzrvtc.edu.cn/_upload/article/files/a0/53/4ab03c2c4f61a3350c8a498f5764/e0598103-c467-4b8b-87ac-e69dd58986df.pdf,4d9a805a3c2a4cb939d88278bb6e0dd91a1f01e9d7e3b54ce927dac1764d6aa2,已执行
ZZRVTC-500105/500112,beb0acdd-0a37-4177-97af-c146b712a4ac.pdf,郑州铁路职业技术大学-铁道机车运用与维护专业群-铁道交通运营管理.pdf,documents/河南/ZZRVTC_郑州铁路职业技术大学/铁道机车运用与维护专业群/500112_铁道交通运营管理/beb0acdd-0a37-4177-97af-c146b712a4ac.pdf,documents/河南/ZZRVTC_郑州铁路职业技术大学/铁道机车运用与维护专业群/500112_铁道交通运营管理/郑州铁路职业技术大学-铁道机车运用与维护专业群-铁道交通运营管理.pdf,学校-专业群-专业兜底,https://www.zzrvtc.edu.cn/jwgl2/2025/1011/c3513a136083/page.htm,https://www.zzrvtc.edu.cn/_upload/article/files/b3/70/13bda3bb4d028b0a21a92ae02836/beb0acdd-0a37-4177-97af-c146b712a4ac.pdf,86bd9f8b094620430b08c00de49e7b23a7667c921807d9c825c768ac443db0da,已执行
ZZRVTC-500109/500109,9702d179-4a7c-4923-a1be-b89df51ba211.pdf,郑州铁路职业技术大学-高速铁路综合维修技术专业群-高速铁路综合维修技术.pdf,documents/河南/ZZRVTC_郑州铁路职业技术大学/高速铁路综合维修技术专业群/500109_高速铁路综合维修技术/9702d179-4a7c-4923-a1be-b89df51ba211.pdf,documents/河南/ZZRVTC_郑州铁路职业技术大学/高速铁路综合维修技术专业群/500109_高速铁路综合维修技术/郑州铁路职业技术大学-高速铁路综合维修技术专业群-高速铁路综合维修技术.pdf,学校-专业群-专业兜底,https://www.zzrvtc.edu.cn/jwgl2/2025/1121/c3513a137050/page.htm,https://www.zzrvtc.edu.cn/_upload/article/files/41/a9/d6312634484294ebb7bcc87258e8/9702d179-4a7c-4923-a1be-b89df51ba211.pdf,b6536cb606b77777c7476ccebd9d70d0a2dfb4b61681707efd0741a8f834162f,已执行
ZZRVTC-500109/500107,3bb66b13-eeb6-47e1-8b1b-7f8b1edf3c9e.pdf,郑州铁路职业技术大学-高速铁路综合维修技术专业群-铁道供电技术.pdf,documents/河南/ZZRVTC_郑州铁路职业技术大学/高速铁路综合维修技术专业群/500107_铁道供电技术/3bb66b13-eeb6-47e1-8b1b-7f8b1edf3c9e.pdf,documents/河南/ZZRVTC_郑州铁路职业技术大学/高速铁路综合维修技术专业群/500107_铁道供电技术/郑州铁路职业技术大学-高速铁路综合维修技术专业群-铁道供电技术.pdf,学校-专业群-专业兜底,https://www.zzrvtc.edu.cn/jwgl2/2025/1121/c3513a137049/page.htm,https://www.zzrvtc.edu.cn/_upload/article/files/23/ca/cf8a9a0c43fca4491f6a42e391a7/3bb66b13-eeb6-47e1-8b1b-7f8b1edf3c9e.pdf,04bb28c75ae1e6903ddb12d831bb57bfea59d62f412567db9249fa246ae87c6b,已执行
ZZRVTC-500109/500111,a0e910bd-68d0-4ff9-befd-1ebd4d660d93.pdf,郑州铁路职业技术大学-高速铁路综合维修技术专业群-铁道通信与信息化技术.pdf,documents/河南/ZZRVTC_郑州铁路职业技术大学/高速铁路综合维修技术专业群/500111_铁道通信与信息化技术/a0e910bd-68d0-4ff9-befd-1ebd4d660d93.pdf,documents/河南/ZZRVTC_郑州铁路职业技术大学/高速铁路综合维修技术专业群/500111_铁道通信与信息化技术/郑州铁路职业技术大学-高速铁路综合维修技术专业群-铁道通信与信息化技术.pdf,学校-专业群-专业兜底,https://www.zzrvtc.edu.cn/jwgl2/2025/1120/c3513a136924/page.htm,https://www.zzrvtc.edu.cn/_upload/article/files/fc/32/35794d5c4eb480f22747d12ff768/a0e910bd-68d0-4ff9-befd-1ebd4d660d93.pdf,7de2154784dd00a51bbeda83aa83bc09ff4d2d42f727de20b9a4a94d0e454379,已执行
ZZRVTC-500109/500110,53842298-f809-4653-be19-2a3b12334b5d.pdf,郑州铁路职业技术大学-高速铁路综合维修技术专业群-铁道信号自动控制.pdf,documents/河南/ZZRVTC_郑州铁路职业技术大学/高速铁路综合维修技术专业群/500110_铁道信号自动控制/53842298-f809-4653-be19-2a3b12334b5d.pdf,documents/河南/ZZRVTC_郑州铁路职业技术大学/高速铁路综合维修技术专业群/500110_铁道信号自动控制/郑州铁路职业技术大学-高速铁路综合维修技术专业群-铁道信号自动控制.pdf,学校-专业群-专业兜底,https://www.zzrvtc.edu.cn/jwgl2/2025/1120/c3513a136923/page.htm,https://www.zzrvtc.edu.cn/_upload/article/files/ba/2d/8b2cd8d1438e92a30a020f8084d5/53842298-f809-4653-be19-2a3b12334b5d.pdf,1f310ea641138b50a8544ff71a935ad9825a62d5eeb672538cbcd2644a0bcf7d,已执行
ZZRVTC-500109/500102,0ff32a0e-6f75-4036-a43a-550d97684626.pdf,郑州铁路职业技术大学-高速铁路综合维修技术专业群-高速铁路施工与维护.pdf,documents/河南/ZZRVTC_郑州铁路职业技术大学/高速铁路综合维修技术专业群/500102_高速铁路施工与维护/0ff32a0e-6f75-4036-a43a-550d97684626.pdf,documents/河南/ZZRVTC_郑州铁路职业技术大学/高速铁路综合维修技术专业群/500102_高速铁路施工与维护/郑州铁路职业技术大学-高速铁路综合维修技术专业群-高速铁路施工与维护.pdf,学校-专业群-专业兜底,https://www.zzrvtc.edu.cn/jwgl2/2025/1120/c3513a136918/page.htm,https://www.zzrvtc.edu.cn/_upload/article/files/4a/12/967082ae4911955d58772d95f0e9/0ff32a0e-6f75-4036-a43a-550d97684626.pdf,7457ead80dc2c35930fff5fe54b10590ed0c10c45dffd6922c1524f7c5bee120,已执行
HBPI-520201/520201,66C7163716339C168401CA67A6F_607B1864_C5C97.pdf,湖北职业技术学院-护理专业群-护理.pdf,documents/湖北/HBPI_湖北职业技术学院/护理专业群/520201_护理/66C7163716339C168401CA67A6F_607B1864_C5C97.pdf,documents/湖北/HBPI_湖北职业技术学院/护理专业群/520201_护理/湖北职业技术学院-护理专业群-护理.pdf,学校-专业群-专业兜底,https://jwc.hbvtc.edu.cn/info/1041/3937.htm,https://jwc.hbvtc.edu.cn/__local/F/1E/D8/66C7163716339C168401CA67A6F_607B1864_C5C97.pdf,ce80a7714c7b25f10bf30baf1f89d3df1858db0efce8c181857ee5a4a21efcf8,已执行
HBPI-520201/520202,03CB389C286454815634D2FAAEE_E456FC9C_C55F6.pdf,湖北职业技术学院-护理专业群-助产.pdf,documents/湖北/HBPI_湖北职业技术学院/护理专业群/520202_助产/03CB389C286454815634D2FAAEE_E456FC9C_C55F6.pdf,documents/湖北/HBPI_湖北职业技术学院/护理专业群/520202_助产/湖北职业技术学院-护理专业群-助产.pdf,学校-专业群-专业兜底,https://jwc.hbvtc.edu.cn/info/1041/3934.htm,https://jwc.hbvtc.edu.cn/__local/0/BD/E0/03CB389C286454815634D2FAAEE_E456FC9C_C55F6.pdf,cc68cbefe9e1e02368da04d86ced267b76321c651568523784d684520af7c139,已执行
HBPI-520201/520507,7E5976BDA0628DCD82A06A424F9_77282358_B3807.pdf,湖北职业技术学院-护理专业群-医学美容技术.pdf,documents/湖北/HBPI_湖北职业技术学院/护理专业群/520507_医学美容技术/7E5976BDA0628DCD82A06A424F9_77282358_B3807.pdf,documents/湖北/HBPI_湖北职业技术学院/护理专业群/520507_医学美容技术/湖北职业技术学院-护理专业群-医学美容技术.pdf,学校-专业群-专业兜底,https://jwc.hbvtc.edu.cn/info/1041/3933.htm,https://jwc.hbvtc.edu.cn/__local/8/A6/AF/7E5976BDA0628DCD82A06A424F9_77282358_B3807.pdf,2ff94f57aac73f34c7e51e95aabbc7f9ebd27c511d1c10beecaeea62a92ce4bc,已执行
HBPI-520201/590302,25A13FDF17B0510D32C7427DE87_F200DDC8_C46D9.pdf,湖北职业技术学院-护理专业群-智慧健康养老服务与管理.pdf,documents/湖北/HBPI_湖北职业技术学院/护理专业群/590302_智慧健康养老服务与管理/25A13FDF17B0510D32C7427DE87_F200DDC8_C46D9.pdf,documents/湖北/HBPI_湖北职业技术学院/护理专业群/590302_智慧健康养老服务与管理/湖北职业技术学院-护理专业群-智慧健康养老服务与管理.pdf,学校-专业群-专业兜底,https://jwc.hbvtc.edu.cn/info/1041/3932.htm,https://jwc.hbvtc.edu.cn/__local/3/F7/89/25A13FDF17B0510D32C7427DE87_F200DDC8_C46D9.pdf,06982dbeb36e149214f2d02188d911c8e7543a6c91da6ae974d6909c9b2e7e90,已执行
HNIVC-460103/460103,B0A724568D88A1A89A7C521EAA1_F114B0DB_4CF705.pdf,湖南工业职业技术学院-数控技术专业群-数控技术.pdf,documents/湖南/HNIVC_湖南工业职业技术学院/数控技术专业群/460103_数控技术/B0A724568D88A1A89A7C521EAA1_F114B0DB_4CF705.pdf,documents/湖南/HNIVC_湖南工业职业技术学院/数控技术专业群/460103_数控技术/湖南工业职业技术学院-数控技术专业群-数控技术.pdf,学校-专业群-专业兜底,https://www.hunangy.com/jixie/info/1073/7115.htm,https://www.hunangy.com/__local/7/21/D4/B0A724568D88A1A89A7C521EAA1_F114B0DB_4CF705.pdf,b49d04e41d9d188d57808208e747681bc21508fd2f6415058faa4f307a0c55c8,已执行
HNIVC-460103/460104,B0A724568D88A1A89A7C521EAA1_F114B0DB_4CF705.pdf,湖南工业职业技术学院-数控技术专业群-机械制造及自动化.pdf,documents/湖南/HNIVC_湖南工业职业技术学院/数控技术专业群/460104_机械制造及自动化/B0A724568D88A1A89A7C521EAA1_F114B0DB_4CF705.pdf,documents/湖南/HNIVC_湖南工业职业技术学院/数控技术专业群/460104_机械制造及自动化/湖南工业职业技术学院-数控技术专业群-机械制造及自动化.pdf,学校-专业群-专业兜底,https://www.hunangy.com/jixie/info/1073/7115.htm,https://www.hunangy.com/__local/7/21/D4/B0A724568D88A1A89A7C521EAA1_F114B0DB_4CF705.pdf,b49d04e41d9d188d57808208e747681bc21508fd2f6415058faa4f307a0c55c8,已执行
HNIVC-460103/460201,B0A724568D88A1A89A7C521EAA1_F114B0DB_4CF705.pdf,湖南工业职业技术学院-数控技术专业群-智能制造装备技术.pdf,documents/湖南/HNIVC_湖南工业职业技术学院/数控技术专业群/460201_智能制造装备技术/B0A724568D88A1A89A7C521EAA1_F114B0DB_4CF705.pdf,documents/湖南/HNIVC_湖南工业职业技术学院/数控技术专业群/460201_智能制造装备技术/湖南工业职业技术学院-数控技术专业群-智能制造装备技术.pdf,学校-专业群-专业兜底,https://www.hunangy.com/jixie/info/1073/7115.htm,https://www.hunangy.com/__local/7/21/D4/B0A724568D88A1A89A7C521EAA1_F114B0DB_4CF705.pdf,b49d04e41d9d188d57808208e747681bc21508fd2f6415058faa4f307a0c55c8,已执行
HNIVC-460103/460119,B0A724568D88A1A89A7C521EAA1_F114B0DB_4CF705.pdf,湖南工业职业技术学院-数控技术专业群-工业产品质量检测技术.pdf,documents/湖南/HNIVC_湖南工业职业技术学院/数控技术专业群/460119_工业产品质量检测技术/B0A724568D88A1A89A7C521EAA1_F114B0DB_4CF705.pdf,documents/湖南/HNIVC_湖南工业职业技术学院/数控技术专业群/460119_工业产品质量检测技术/湖南工业职业技术学院-数控技术专业群-工业产品质量检测技术.pdf,学校-专业群-专业兜底,https://www.hunangy.com/jixie/info/1073/7115.htm,https://www.hunangy.com/__local/7/21/D4/B0A724568D88A1A89A7C521EAA1_F114B0DB_4CF705.pdf,b49d04e41d9d188d57808208e747681bc21508fd2f6415058faa4f307a0c55c8,已执行
HNIVC-460103/460106,B0A724568D88A1A89A7C521EAA1_F114B0DB_4CF705.pdf,湖南工业职业技术学院-数控技术专业群-工业工程技术.pdf,documents/湖南/HNIVC_湖南工业职业技术学院/数控技术专业群/460106_工业工程技术/B0A724568D88A1A89A7C521EAA1_F114B0DB_4CF705.pdf,documents/湖南/HNIVC_湖南工业职业技术学院/数控技术专业群/460106_工业工程技术/湖南工业职业技术学院-数控技术专业群-工业工程技术.pdf,学校-专业群-专业兜底,https://www.hunangy.com/jixie/info/1073/7115.htm,https://www.hunangy.com/__local/7/21/D4/B0A724568D88A1A89A7C521EAA1_F114B0DB_4CF705.pdf,b49d04e41d9d188d57808208e747681bc21508fd2f6415058faa4f307a0c55c8,已执行
HNIVC-460103/460118,B0A724568D88A1A89A7C521EAA1_F114B0DB_4CF705.pdf,湖南工业职业技术学院-数控技术专业群-机械装备制造技术.pdf,documents/湖南/HNIVC_湖南工业职业技术学院/数控技术专业群/460118_机械装备制造技术/B0A724568D88A1A89A7C521EAA1_F114B0DB_4CF705.pdf,documents/湖南/HNIVC_湖南工业职业技术学院/数控技术专业群/460118_机械装备制造技术/湖南工业职业技术学院-数控技术专业群-机械装备制造技术.pdf,学校-专业群-专业兜底,https://www.hunangy.com/jixie/info/1073/7115.htm,https://www.hunangy.com/__local/7/21/D4/B0A724568D88A1A89A7C521EAA1_F114B0DB_4CF705.pdf,b49d04e41d9d188d57808208e747681bc21508fd2f6415058faa4f307a0c55c8,已执行
CAVTC-460601/460601,8410564026BCC4C0FDC8EEB1D79_76A8F475_1BB53A.pdf,长沙航空职业技术学院-飞行器数字化制造技术专业群-飞行器数字化制造技术.pdf,documents/湖南/CAVTC_长沙航空职业技术学院/飞行器数字化制造技术专业群/460601_飞行器数字化制造技术/8410564026BCC4C0FDC8EEB1D79_76A8F475_1BB53A.pdf,documents/湖南/CAVTC_长沙航空职业技术学院/飞行器数字化制造技术专业群/460601_飞行器数字化制造技术/长沙航空职业技术学院-飞行器数字化制造技术专业群-飞行器数字化制造技术.pdf,学校-专业群-专业兜底,https://jww.cavtc.cn/info/1464/3286.htm,https://jww.cavtc.cn/__local/F/33/36/8410564026BCC4C0FDC8EEB1D79_76A8F475_1BB53A.pdf,315ce030295b1c28acf9b0c117973556d478c219239bf8c5f7e2902a19428a04,已执行
CAVTC-460601/460603,FA9972C73E3FD27FDF1CCEB9675_5F35D8F4_219B4D.pdf,长沙航空职业技术学院-飞行器数字化制造技术专业群-航空发动机制造技术.pdf,documents/湖南/CAVTC_长沙航空职业技术学院/飞行器数字化制造技术专业群/460603_航空发动机制造技术/FA9972C73E3FD27FDF1CCEB9675_5F35D8F4_219B4D.pdf,documents/湖南/CAVTC_长沙航空职业技术学院/飞行器数字化制造技术专业群/460603_航空发动机制造技术/长沙航空职业技术学院-飞行器数字化制造技术专业群-航空发动机制造技术.pdf,学校-专业群-专业兜底,https://jww.cavtc.cn/info/1464/3289.htm,https://jww.cavtc.cn/__local/8/BA/2A/FA9972C73E3FD27FDF1CCEB9675_5F35D8F4_219B4D.pdf,dd9c443f3b3151e7eb8a4ca815bc1e564a73b00a5c87d5ae4049447a17e8fc00,已执行
CAVTC-460601/430603,52D02506CD84A6421E8720960E9_DE92BB41_1EC790.pdf,长沙航空职业技术学院-飞行器数字化制造技术专业群-复合材料智能制造技术.pdf,documents/湖南/CAVTC_长沙航空职业技术学院/飞行器数字化制造技术专业群/430603_复合材料智能制造技术/52D02506CD84A6421E8720960E9_DE92BB41_1EC790.pdf,documents/湖南/CAVTC_长沙航空职业技术学院/飞行器数字化制造技术专业群/430603_复合材料智能制造技术/长沙航空职业技术学院-飞行器数字化制造技术专业群-复合材料智能制造技术.pdf,学校-专业群-专业兜底,https://jww.cavtc.cn/info/1464/3287.htm,https://jww.cavtc.cn/__local/6/C2/CC/52D02506CD84A6421E8720960E9_DE92BB41_1EC790.pdf,e3a43a5732bd77f3bf78311608d857b4d26ba027c5015e9f0688743ca30d5b34,已执行
CAVTC-460601/460110,DB3EC709C6F41719D0E0F45AEB3_DAAE12BD_1BE28E.pdf,长沙航空职业技术学院-飞行器数字化制造技术专业群-智能焊接技术.pdf,documents/湖南/CAVTC_长沙航空职业技术学院/飞行器数字化制造技术专业群/460110_智能焊接技术/DB3EC709C6F41719D0E0F45AEB3_DAAE12BD_1BE28E.pdf,documents/湖南/CAVTC_长沙航空职业技术学院/飞行器数字化制造技术专业群/460110_智能焊接技术/长沙航空职业技术学院-飞行器数字化制造技术专业群-智能焊接技术.pdf,学校-专业群-专业兜底,https://jww.cavtc.cn/info/1464/3293.htm,https://jww.cavtc.cn/__local/3/21/92/DB3EC709C6F41719D0E0F45AEB3_DAAE12BD_1BE28E.pdf,61ec3a13807b741ca78b74f5217a22e6788bc5168f6680e605670a0f84888cc2,已执行
CAVTC-460601/460103,C4590139AADF2E9F668EFA042F0_B6816876_1C4EB2.pdf,长沙航空职业技术学院-飞行器数字化制造技术专业群-数控技术.pdf,documents/湖南/CAVTC_长沙航空职业技术学院/飞行器数字化制造技术专业群/460103_数控技术/C4590139AADF2E9F668EFA042F0_B6816876_1C4EB2.pdf,documents/湖南/CAVTC_长沙航空职业技术学院/飞行器数字化制造技术专业群/460103_数控技术/长沙航空职业技术学院-飞行器数字化制造技术专业群-数控技术.pdf,学校-专业群-专业兜底,https://jww.cavtc.cn/info/1464/3292.htm,https://jww.cavtc.cn/__local/8/C4/2C/C4590139AADF2E9F668EFA042F0_B6816876_1C4EB2.pdf,9112d4cc0b2694c789e35bfab39cc539f8ab7f2b3186d1c60bada0976062731e,已执行
HNBEMC-410101/410101,2025101621295016941nm7c.pdf,湖南生物机电职业技术学院-种子生产与经营专业群-种子生产与经营.pdf,documents/湖南/HNBEMC_湖南生物机电职业技术学院/种子生产与经营专业群/410101_种子生产与经营/2025101621295016941nm7c.pdf,documents/湖南/HNBEMC_湖南生物机电职业技术学院/种子生产与经营专业群/410101_种子生产与经营/湖南生物机电职业技术学院-种子生产与经营专业群-种子生产与经营.pdf,学校-专业群-专业兜底,https://jwc.hnbemc.edu.cn/channel/354/2025/0925/detail-68661.html,https://dfs.hnbemc.edu.cn//2025/10/16/2025101621295016941nm7c.pdf,a92db1ffe35830a428ad0e6a86a6d1f81db99537501ef4b7c328bc655a13c6ae,已执行
HNBEMC-410101/410118,20251016212950723m4eykl.pdf,湖南生物机电职业技术学院-种子生产与经营专业群-休闲农业经营与管理.pdf,documents/湖南/HNBEMC_湖南生物机电职业技术学院/种子生产与经营专业群/410118_休闲农业经营与管理/20251016212950723m4eykl.pdf,documents/湖南/HNBEMC_湖南生物机电职业技术学院/种子生产与经营专业群/410118_休闲农业经营与管理/湖南生物机电职业技术学院-种子生产与经营专业群-休闲农业经营与管理.pdf,学校-专业群-专业兜底,https://jwc.hnbemc.edu.cn/channel/354/2025/0925/detail-68661.html,https://dfs.hnbemc.edu.cn//2025/10/16/20251016212950723m4eykl.pdf,0383d0a6116fee76004aa32c303ce68b26e465dc642bff3a572744aacbe9749b,已执行
HNBEMC-410101/410105,20251016212951040ckm7ab.pdf,湖南生物机电职业技术学院-种子生产与经营专业群-园艺技术.pdf,documents/湖南/HNBEMC_湖南生物机电职业技术学院/种子生产与经营专业群/410105_园艺技术/20251016212951040ckm7ab.pdf,documents/湖南/HNBEMC_湖南生物机电职业技术学院/种子生产与经营专业群/410105_园艺技术/湖南生物机电职业技术学院-种子生产与经营专业群-园艺技术.pdf,学校-专业群-专业兜底,https://jwc.hnbemc.edu.cn/channel/354/2025/0925/detail-68661.html,https://dfs.hnbemc.edu.cn//2025/10/16/20251016212951040ckm7ab.pdf,66c7f00d026c5906a8fb4d2f73003a1f6ab9e5c2857d3f91dec11b3c17c09edd,已执行
HNBEMC-410101/410115,2025102021534320576iwf2.pdf,湖南生物机电职业技术学院-种子生产与经营专业群-绿色食品生产技术.pdf,documents/湖南/HNBEMC_湖南生物机电职业技术学院/种子生产与经营专业群/410115_绿色食品生产技术/2025102021534320576iwf2.pdf,documents/湖南/HNBEMC_湖南生物机电职业技术学院/种子生产与经营专业群/410115_绿色食品生产技术/湖南生物机电职业技术学院-种子生产与经营专业群-绿色食品生产技术.pdf,学校-专业群-专业兜底,https://jwc.hnbemc.edu.cn/channel/354/2025/0925/detail-68661.html,https://dfs.hnbemc.edu.cn//2025/10/20/2025102021534320576iwf2.pdf,bfc68da38d96339ca3410e07d4ce522c2839a398f65c4a8ae359fe4ef7bd4630,已执行
HNBEMC-410101/410202,20251016212951536mph1gk.pdf,湖南生物机电职业技术学院-种子生产与经营专业群-园林技术.pdf,documents/湖南/HNBEMC_湖南生物机电职业技术学院/种子生产与经营专业群/410202_园林技术/20251016212951536mph1gk.pdf,documents/湖南/HNBEMC_湖南生物机电职业技术学院/种子生产与经营专业群/410202_园林技术/湖南生物机电职业技术学院-种子生产与经营专业群-园林技术.pdf,学校-专业群-专业兜底,https://jwc.hnbemc.edu.cn/channel/354/2025/0925/detail-68661.html,https://dfs.hnbemc.edu.cn//2025/10/16/20251016212951536mph1gk.pdf,7ac47657160abcb3f6c2b8c72dacc57c204f9bae8b88502400554f3763b2ae3f,已执行
HNBEMC-410101/410106,202510162129522833g7tqu.pdf,湖南生物机电职业技术学院-种子生产与经营专业群-植物保护与检疫技术.pdf,documents/湖南/HNBEMC_湖南生物机电职业技术学院/种子生产与经营专业群/410106_植物保护与检疫技术/202510162129522833g7tqu.pdf,documents/湖南/HNBEMC_湖南生物机电职业技术学院/种子生产与经营专业群/410106_植物保护与检疫技术/湖南生物机电职业技术学院-种子生产与经营专业群-植物保护与检疫技术.pdf,学校-专业群-专业兜底,https://jwc.hnbemc.edu.cn/channel/354/2025/0925/detail-68661.html,https://dfs.hnbemc.edu.cn//2025/10/16/202510162129522833g7tqu.pdf,37f0efbab02a8432c9b32021a695abbabd1f702c524dd7a4043302c519eb5258,已执行
HNBEMC-410101/540109,20251016212952280lwrvda.pdf,湖南生物机电职业技术学院-种子生产与经营专业群-茶艺与茶文化.pdf,documents/湖南/HNBEMC_湖南生物机电职业技术学院/种子生产与经营专业群/540109_茶艺与茶文化/20251016212952280lwrvda.pdf,documents/湖南/HNBEMC_湖南生物机电职业技术学院/种子生产与经营专业群/540109_茶艺与茶文化/湖南生物机电职业技术学院-种子生产与经营专业群-茶艺与茶文化.pdf,学校-专业群-专业兜底,https://jwc.hnbemc.edu.cn/channel/354/2025/0925/detail-68661.html,https://dfs.hnbemc.edu.cn//2025/10/16/20251016212952280lwrvda.pdf,d3fa9f5dc5838c9f2702974e01572a813196998b68a1a9c3cf346268fab9adc9,已执行
HNBEMC-410101/440106,20251016212951768za5qeg.pdf,湖南生物机电职业技术学院-种子生产与经营专业群-建筑室内设计.pdf,documents/湖南/HNBEMC_湖南生物机电职业技术学院/种子生产与经营专业群/440106_建筑室内设计/20251016212951768za5qeg.pdf,documents/湖南/HNBEMC_湖南生物机电职业技术学院/种子生产与经营专业群/440106_建筑室内设计/湖南生物机电职业技术学院-种子生产与经营专业群-建筑室内设计.pdf,学校-专业群-专业兜底,https://jwc.hnbemc.edu.cn/channel/354/2025/0925/detail-68661.html,https://dfs.hnbemc.edu.cn//2025/10/16/20251016212951768za5qeg.pdf,3f0250a93be35d8b15dd605dcd8ec2b820bdeb31689bdba4201bd23dc04e54b0,已执行
HNACVC-550125/550125,54B6471B0B073550F4F08BB4C81_09ED4E4C_141B33.pdf,湖南工艺美术职业学院-刺绣设计与工艺专业群-刺绣设计与工艺.pdf,documents/湖南/HNACVC_湖南工艺美术职业学院/刺绣设计与工艺专业群/550125_刺绣设计与工艺/54B6471B0B073550F4F08BB4C81_09ED4E4C_141B33.pdf,documents/湖南/HNACVC_湖南工艺美术职业学院/刺绣设计与工艺专业群/550125_刺绣设计与工艺/湖南工艺美术职业学院-刺绣设计与工艺专业群-刺绣设计与工艺.pdf,学校-专业群-专业兜底,https://www.hnmeida.com.cn/xxysxy/info/1003/3757.htm,https://www.hnmeida.com.cn/__local/C/7C/3A/54B6471B0B073550F4F08BB4C81_09ED4E4C_141B33.pdf,88a82a26fd04a6fbb2e421d27590006e8d78cc3801409906e913a3d25d35a393,已执行
HNACVC-550125/550112,362416E128317E38CBC34C3833E_9BEB1E8C_DFB98.pdf,湖南工艺美术职业学院-刺绣设计与工艺专业群-工艺美术品设计.pdf,documents/湖南/HNACVC_湖南工艺美术职业学院/刺绣设计与工艺专业群/550112_工艺美术品设计/362416E128317E38CBC34C3833E_9BEB1E8C_DFB98.pdf,documents/湖南/HNACVC_湖南工艺美术职业学院/刺绣设计与工艺专业群/550112_工艺美术品设计/湖南工艺美术职业学院-刺绣设计与工艺专业群-工艺美术品设计.pdf,学校-专业群-专业兜底,https://www.hnmeida.com.cn/sgysxy/info/1117/2474.htm,https://www.hnmeida.com.cn/__local/4/47/83/362416E128317E38CBC34C3833E_9BEB1E8C_DFB98.pdf,03163047cd4771127544c6515453dba57cf48f553d03b7e8d4153bb05f585e65,已执行
HNACVC-550125/550119,18BF2FEDE4B513C3CBC64D5D4DE_EEBF3D3F_10BBC4.pdf,湖南工艺美术职业学院-刺绣设计与工艺专业群-雕刻艺术设计.pdf,documents/湖南/HNACVC_湖南工艺美术职业学院/刺绣设计与工艺专业群/550119_雕刻艺术设计/18BF2FEDE4B513C3CBC64D5D4DE_EEBF3D3F_10BBC4.pdf,documents/湖南/HNACVC_湖南工艺美术职业学院/刺绣设计与工艺专业群/550119_雕刻艺术设计/湖南工艺美术职业学院-刺绣设计与工艺专业群-雕刻艺术设计.pdf,学校-专业群-专业兜底,https://www.hnmeida.com.cn/sgysxy/info/1117/2464.htm,https://www.hnmeida.com.cn/__local/B/58/FE/18BF2FEDE4B513C3CBC64D5D4DE_EEBF3D3F_10BBC4.pdf,a922af0841217ce6dc5995a1f9e24cb1360c5f12b236683fa65796eb0156f88f,已执行
HNACVC-550125/550123,412B94D4CDDE282ACB4D8019984_93DEF0D7_FF14E.pdf,湖南工艺美术职业学院-刺绣设计与工艺专业群-首饰设计与工艺.pdf,documents/湖南/HNACVC_湖南工艺美术职业学院/刺绣设计与工艺专业群/550123_首饰设计与工艺/412B94D4CDDE282ACB4D8019984_93DEF0D7_FF14E.pdf,documents/湖南/HNACVC_湖南工艺美术职业学院/刺绣设计与工艺专业群/550123_首饰设计与工艺/湖南工艺美术职业学院-刺绣设计与工艺专业群-首饰设计与工艺.pdf,学校-专业群-专业兜底,https://www.hnmeida.com.cn/sgysxy/info/1117/2484.htm,https://www.hnmeida.com.cn/__local/A/DF/AD/412B94D4CDDE282ACB4D8019984_93DEF0D7_FF14E.pdf,168856cf2e80b0137799d96f894c3930528ce511dc83a8458d51d3e2efb0ccfe,已执行
HNACVC-550125/550122,593F3D20364191ADDB2DCD0A15A_896DDB85_1133B4.pdf,湖南工艺美术职业学院-刺绣设计与工艺专业群-陶瓷设计与工艺.pdf,documents/湖南/HNACVC_湖南工艺美术职业学院/刺绣设计与工艺专业群/550122_陶瓷设计与工艺/593F3D20364191ADDB2DCD0A15A_896DDB85_1133B4.pdf,documents/湖南/HNACVC_湖南工艺美术职业学院/刺绣设计与工艺专业群/550122_陶瓷设计与工艺/湖南工艺美术职业学院-刺绣设计与工艺专业群-陶瓷设计与工艺.pdf,学校-专业群-专业兜底,https://www.hnmeida.com.cn/sgysxy/info/1117/2494.htm,https://www.hnmeida.com.cn/__local/1/42/82/593F3D20364191ADDB2DCD0A15A_896DDB85_1133B4.pdf,0ff2eabbaeeba664a161935915b85dab83809affaa81bc6d0725498eeba43c01,已执行
HNMMC-550103/550103,1e668326-679f-4696-9c5f-a30b681d62f0.pdf,2025级数字媒体艺术设计专业人才培养方案.pdf,documents/湖南/HNMMC_湖南大众传媒职业技术学院/数字媒体艺术设计专业群/550103_数字媒体艺术设计/1e668326-679f-4696-9c5f-a30b681d62f0.pdf,documents/湖南/HNMMC_湖南大众传媒职业技术学院/数字媒体艺术设计专业群/550103_数字媒体艺术设计/2025级数字媒体艺术设计专业人才培养方案.pdf,官网附件标题,https://jwc.hnmmc.cn/2025/1212/c1443a51725/page.htm,https://jwc.hnmmc.cn/_upload/article/files/ce/1e/1906ae624fedb99f9e60aa81dd01/1e668326-679f-4696-9c5f-a30b681d62f0.pdf,1ac50650dc7c00423228a61075fedc412ca17939744ae134a82b290aba1084e2,已执行
HNMMC-550103/550101,1041a0d0-0f4c-4401-9c03-073c81cd0303.pdf,2025级艺术设计专业（品牌形象设计方向）人才培养方案.pdf,documents/湖南/HNMMC_湖南大众传媒职业技术学院/数字媒体艺术设计专业群/550101_艺术设计/1041a0d0-0f4c-4401-9c03-073c81cd0303.pdf,documents/湖南/HNMMC_湖南大众传媒职业技术学院/数字媒体艺术设计专业群/550101_艺术设计/2025级艺术设计专业（品牌形象设计方向）人才培养方案.pdf,官网附件标题,https://jwc.hnmmc.cn/2025/1215/c1442a51732/page.htm,https://jwc.hnmmc.cn/_upload/article/files/f3/87/8982b9f34f5bac53b45dd8699f1c/1041a0d0-0f4c-4401-9c03-073c81cd0303.pdf,b692372d39ffbbf1df7c408ec448b3af462ee519484f7baaefb60d3d41e7cfe5,已执行
HNMMC-550103/550113,85611557-7cc9-4ddf-b575-4eecf3f2faa4.pdf,2025级广告艺术设计专业（影视广告方向）人才培养方案.pdf,documents/湖南/HNMMC_湖南大众传媒职业技术学院/数字媒体艺术设计专业群/550113_广告艺术设计/85611557-7cc9-4ddf-b575-4eecf3f2faa4.pdf,documents/湖南/HNMMC_湖南大众传媒职业技术学院/数字媒体艺术设计专业群/550113_广告艺术设计/2025级广告艺术设计专业（影视广告方向）人才培养方案.pdf,官网附件标题,https://jwc.hnmmc.cn/2025/1205/c1447a51654/page.htm,https://jwc.hnmmc.cn/_upload/article/files/98/72/4dd5ceca45618b99f3a04bfb94b4/85611557-7cc9-4ddf-b575-4eecf3f2faa4.pdf,4824a2d9803c49a1e1329934d086aa8f522b02886d28d9224dc9235617c447fc,已执行
HNMMC-550103/550114,3fd04763-1338-494d-bd80-93344fb87d38.pdf,2025级室内艺术设计专业人才培养方案.pdf,documents/湖南/HNMMC_湖南大众传媒职业技术学院/数字媒体艺术设计专业群/550114_室内艺术设计/3fd04763-1338-494d-bd80-93344fb87d38.pdf,documents/湖南/HNMMC_湖南大众传媒职业技术学院/数字媒体艺术设计专业群/550114_室内艺术设计/2025级室内艺术设计专业人才培养方案.pdf,官网附件标题,https://jwc.hnmmc.cn/2025/1211/c1444a51710/page.htm,https://jwc.hnmmc.cn/_upload/article/files/22/86/44b351e142d6b0d334ecaf41aaa9/3fd04763-1338-494d-bd80-93344fb87d38.pdf,63dbeb9287ea91e441f4b398b41616dc527cd34d32626eb0ded33c4187e50b5f,已执行
HNMMC-550103/550117,4fa26f05-124a-4aa8-9f54-d68ff22dd55d.pdf,2025级人物形象设计专业人才培养方案.pdf,documents/湖南/HNMMC_湖南大众传媒职业技术学院/数字媒体艺术设计专业群/550117_人物形象设计/4fa26f05-124a-4aa8-9f54-d68ff22dd55d.pdf,documents/湖南/HNMMC_湖南大众传媒职业技术学院/数字媒体艺术设计专业群/550117_人物形象设计/2025级人物形象设计专业人才培养方案.pdf,官网附件标题,https://jwc.hnmmc.cn/2025/1211/c1445a51702/page.htm,https://jwc.hnmmc.cn/_upload/article/files/b5/03/0d49e55d4a9cbf318b2c6d09a20e/4fa26f05-124a-4aa8-9f54-d68ff22dd55d.pdf,fa35f6a7e1d5fd0dbeeb97389011d7961ea77beee84a4dc0d0357ab5769f9441,已执行
HNCVTC-490201/490202,e2b6d186811d4080b63feb114f03b8ad.pdf,湖南化工职业技术学院-药品生产技术专业群-生物制药技术.pdf,documents/湖南/HNCVTC_湖南化工职业技术学院/药品生产技术专业群/490202_生物制药技术/e2b6d186811d4080b63feb114f03b8ad.pdf,documents/湖南/HNCVTC_湖南化工职业技术学院/药品生产技术专业群/490202_生物制药技术/湖南化工职业技术学院-药品生产技术专业群-生物制药技术.pdf,学校-专业群-专业兜底,https://www.hnhgzy.com/jwc/rcpy/dc67df2e0155409eaeeae1b66cc44936.htm,https://www.hnhgzy.com/jwc/docs/2025-08/e2b6d186811d4080b63feb114f03b8ad.pdf,cdee18c923e9a1a75820619c4da149690bf4fa0a07d227ae1276028bf8635117,已执行
HNCVTC-490201/520301,89da5e03b1eb4794955871ebef5ad2bd.pdf,湖南化工职业技术学院-药品生产技术专业群-药学.pdf,documents/湖南/HNCVTC_湖南化工职业技术学院/药品生产技术专业群/520301_药学/89da5e03b1eb4794955871ebef5ad2bd.pdf,documents/湖南/HNCVTC_湖南化工职业技术学院/药品生产技术专业群/520301_药学/湖南化工职业技术学院-药品生产技术专业群-药学.pdf,学校-专业群-专业兜底,https://www.hnhgzy.com/jwc/rcpy/c07af16fcf9044f4b87ec3f276f9e6db.htm,https://www.hnhgzy.com/jwc/docs/2025-08/89da5e03b1eb4794955871ebef5ad2bd.pdf,844ba609c04f05ae6e7ad79df6e51f449733820b16ade2a65833295b7adf3356,已执行
HNCVTC-490201/480101,5b5b96ad386b4aada6dc58b95346bd5e.pdf,湖南化工职业技术学院-药品生产技术专业群-化妆品技术.pdf,documents/湖南/HNCVTC_湖南化工职业技术学院/药品生产技术专业群/480101_化妆品技术/5b5b96ad386b4aada6dc58b95346bd5e.pdf,documents/湖南/HNCVTC_湖南化工职业技术学院/药品生产技术专业群/480101_化妆品技术/湖南化工职业技术学院-药品生产技术专业群-化妆品技术.pdf,学校-专业群-专业兜底,https://www.hnhgzy.com/jwc/rcpy/ad060457f93e43c4b4eef17a9272aac8.htm,https://www.hnhgzy.com/jwc/docs/2025-08/5b5b96ad386b4aada6dc58b95346bd5e.pdf,b6c249ef2ea322c4d88dfdf7fc8383245b0cd3feab3f8d2a0590369eee7e6cc5,已执行
HNCVTC-490201/470208,e0e5c90f447c4b30a371081a0aca3625.pdf,湖南化工职业技术学院-药品生产技术专业群-分析检验技术.pdf,documents/湖南/HNCVTC_湖南化工职业技术学院/药品生产技术专业群/470208_分析检验技术/e0e5c90f447c4b30a371081a0aca3625.pdf,documents/湖南/HNCVTC_湖南化工职业技术学院/药品生产技术专业群/470208_分析检验技术/湖南化工职业技术学院-药品生产技术专业群-分析检验技术.pdf,学校-专业群-专业兜底,https://www.hnhgzy.com/jwc/rcpy/6c25e5aad9644a8dab62b12bd2678e03.htm,https://www.hnhgzy.com/jwc/docs/2025-08/e0e5c90f447c4b30a371081a0aca3625.pdf,6d22ff62bdbfa61724d7ffd1b55576a4065468db62918294b1a1b38a774f2392,已执行
HNCVTC-490201/490201,fcd65772f8b94f108aaf724df2518973.pdf,湖南化工职业技术学院-药品生产技术专业群-药品生产技术.pdf,documents/湖南/HNCVTC_湖南化工职业技术学院/药品生产技术专业群/490201_药品生产技术/fcd65772f8b94f108aaf724df2518973.pdf,documents/湖南/HNCVTC_湖南化工职业技术学院/药品生产技术专业群/490201_药品生产技术/湖南化工职业技术学院-药品生产技术专业群-药品生产技术.pdf,学校-专业群-专业兜底,https://www.hnhgzy.com/jwc/rcpy/7b221ad935cf4c3c9bdb65dac2e24034.htm,https://www.hnhgzy.com/jwc/docs/2025-08/fcd65772f8b94f108aaf724df2518973.pdf,6d2b1426ef954a60a297398d670f1acb0014728291a5de6c4217e128b604511d,已执行
SJZPC-500703/500703,virtual_attach_file.pdf,石家庄邮电职业技术学院-邮政通信管理专业群-邮政通信管理.pdf,documents/河北/SJZPC_石家庄邮电职业技术学院/邮政通信管理专业群/500703_邮政通信管理/virtual_attach_file.pdf,documents/河北/SJZPC_石家庄邮电职业技术学院/邮政通信管理专业群/500703_邮政通信管理/石家庄邮电职业技术学院-邮政通信管理专业群-邮政通信管理.pdf,学校-专业群-专业兜底,https://www.sjzpc.edu.cn/info/2061/66411.htm,https://www.sjzpc.edu.cn/virtual_attach_file.vsb?afc=KLl7Osoz7PUz9iUx4CaMm-8U4fRM7LJsMm9bU4TRL87aM8L0gihFp2hmCIa0Mkhkn1yDLSy8ozGsUz9boRNYnN7sLz7PollsUzCiMN7ioRfFLmAVozvinmVFL4GaozGJv2nto4OeosM/_jTN_jT/vsAbgDTJQty0LmGDLSyDMmUPLSbw6208c&oid=2136892607&tid=2061&nid=66411&e=.pdf,60ab2bd5939f671c2111f3f806162fe95092755af2d87e5beef9a6d75ca17680,已执行
JSJZI-440304/440304,6f24690e-2f99-44ca-9af5-8e76c33e2ae2.pdf,1-智能建造技术专业群人才培养方案 (2025版).pdf,documents/江苏/JSJZI_江苏建筑职业技术大学/智能建造技术专业群/440304_智能建造技术/6f24690e-2f99-44ca-9af5-8e76c33e2ae2.pdf,documents/江苏/JSJZI_江苏建筑职业技术大学/智能建造技术专业群/440304_智能建造技术/1-智能建造技术专业群人才培养方案 (2025版).pdf,官网附件标题,https://jwc.jsviat.edu.cn/2025/0929/c6729a148576/page.htm,https://jwc.jsviat.edu.cn/_upload/article/files/8d/63/989c420643d7853c33d3735e505a/6f24690e-2f99-44ca-9af5-8e76c33e2ae2.pdf,12cc8e989391b6612e88a406ad032c74cf46938683a638438ac8551685e98170,已执行
JSJZI-440304/440303,6f24690e-2f99-44ca-9af5-8e76c33e2ae2.pdf,1-智能建造技术专业群人才培养方案 (2025版).pdf,documents/江苏/JSJZI_江苏建筑职业技术大学/智能建造技术专业群/440303_建筑钢结构工程技术/6f24690e-2f99-44ca-9af5-8e76c33e2ae2.pdf,documents/江苏/JSJZI_江苏建筑职业技术大学/智能建造技术专业群/440303_建筑钢结构工程技术/1-智能建造技术专业群人才培养方案 (2025版).pdf,官网附件标题,https://jwc.jsviat.edu.cn/2025/0929/c6729a148576/page.htm,https://jwc.jsviat.edu.cn/_upload/article/files/8d/63/989c420643d7853c33d3735e505a/6f24690e-2f99-44ca-9af5-8e76c33e2ae2.pdf,12cc8e989391b6612e88a406ad032c74cf46938683a638438ac8551685e98170,已执行
JSJZI-440304/440102,6f24690e-2f99-44ca-9af5-8e76c33e2ae2.pdf,1-智能建造技术专业群人才培养方案 (2025版).pdf,documents/江苏/JSJZI_江苏建筑职业技术大学/智能建造技术专业群/440102_建筑装饰工程技术/6f24690e-2f99-44ca-9af5-8e76c33e2ae2.pdf,documents/江苏/JSJZI_江苏建筑职业技术大学/智能建造技术专业群/440102_建筑装饰工程技术/1-智能建造技术专业群人才培养方案 (2025版).pdf,官网附件标题,https://jwc.jsviat.edu.cn/2025/0929/c6729a148576/page.htm,https://jwc.jsviat.edu.cn/_upload/article/files/8d/63/989c420643d7853c33d3735e505a/6f24690e-2f99-44ca-9af5-8e76c33e2ae2.pdf,12cc8e989391b6612e88a406ad032c74cf46938683a638438ac8551685e98170,已执行
JSJZI-440304/440404,6f24690e-2f99-44ca-9af5-8e76c33e2ae2.pdf,1-智能建造技术专业群人才培养方案 (2025版).pdf,documents/江苏/JSJZI_江苏建筑职业技术大学/智能建造技术专业群/440404_建筑智能化工程技术/6f24690e-2f99-44ca-9af5-8e76c33e2ae2.pdf,documents/江苏/JSJZI_江苏建筑职业技术大学/智能建造技术专业群/440404_建筑智能化工程技术/1-智能建造技术专业群人才培养方案 (2025版).pdf,官网附件标题,https://jwc.jsviat.edu.cn/2025/0929/c6729a148576/page.htm,https://jwc.jsviat.edu.cn/_upload/article/files/8d/63/989c420643d7853c33d3735e505a/6f24690e-2f99-44ca-9af5-8e76c33e2ae2.pdf,12cc8e989391b6612e88a406ad032c74cf46938683a638438ac8551685e98170,已执行
JSJZI-440304/440502,6f24690e-2f99-44ca-9af5-8e76c33e2ae2.pdf,1-智能建造技术专业群人才培养方案 (2025版).pdf,documents/江苏/JSJZI_江苏建筑职业技术大学/智能建造技术专业群/440502_建设工程管理/6f24690e-2f99-44ca-9af5-8e76c33e2ae2.pdf,documents/江苏/JSJZI_江苏建筑职业技术大学/智能建造技术专业群/440502_建设工程管理/1-智能建造技术专业群人才培养方案 (2025版).pdf,官网附件标题,https://jwc.jsviat.edu.cn/2025/0929/c6729a148576/page.htm,https://jwc.jsviat.edu.cn/_upload/article/files/8d/63/989c420643d7853c33d3735e505a/6f24690e-2f99-44ca-9af5-8e76c33e2ae2.pdf,12cc8e989391b6612e88a406ad032c74cf46938683a638438ac8551685e98170,已执行
NJCIT-510301/510301,7491cbb5-566f-4ef7-bb42-99674e23ef52.pdf,2025现代通信技术人才培养方案.pdf,documents/江苏/NJCIT_南京信息职业技术学院/现代通信技术专业群/510301_现代通信技术/7491cbb5-566f-4ef7-bb42-99674e23ef52.pdf,documents/江苏/NJCIT_南京信息职业技术学院/现代通信技术专业群/510301_现代通信技术/2025现代通信技术人才培养方案.pdf,官网附件标题,https://xxgk.njcit.cn/2025/1024/c4596a159329/page.htm,https://xxgk.njcit.cn/_upload/article/files/69/b8/100dc0724bb59ffd91288d1e137c/7491cbb5-566f-4ef7-bb42-99674e23ef52.pdf,f394494c651b40e6253b5def06d0583f1401820ade6469dc0ba75ab121d1a1bb,已执行
NJCIT-510301/510309,192e000c-97f0-4e72-9d9e-504bfc15132c.pdf,2025电信服务与管理人才培养方案.pdf,documents/江苏/NJCIT_南京信息职业技术学院/现代通信技术专业群/510309_电信服务与管理/192e000c-97f0-4e72-9d9e-504bfc15132c.pdf,documents/江苏/NJCIT_南京信息职业技术学院/现代通信技术专业群/510309_电信服务与管理/2025电信服务与管理人才培养方案.pdf,官网附件标题,https://xxgk.njcit.cn/2025/1024/c4596a159299/page.htm,https://xxgk.njcit.cn/_upload/article/files/de/50/d87b84d84ce7a818cb05074f414b/192e000c-97f0-4e72-9d9e-504bfc15132c.pdf,819fc51293baf3885dea16c2da2f542d1f7c0238006b5188a22aa8769c8ec48f,已执行
NJCIT-510301/510206,b3cfb0c1-39ef-45fc-b1ce-eb0e95325a1b.pdf,2025云计算技术应用人才培养方案.pdf,documents/江苏/NJCIT_南京信息职业技术学院/现代通信技术专业群/510206_云计算技术应用/b3cfb0c1-39ef-45fc-b1ce-eb0e95325a1b.pdf,documents/江苏/NJCIT_南京信息职业技术学院/现代通信技术专业群/510206_云计算技术应用/2025云计算技术应用人才培养方案.pdf,官网附件标题,https://xxgk.njcit.cn/2025/1024/c4596a159338/page.htm,https://xxgk.njcit.cn/_upload/article/files/c7/3d/c6e68c874b9a8ca5a03700eba6a5/b3cfb0c1-39ef-45fc-b1ce-eb0e95325a1b.pdf,17e8945c808f99d2191a29d5a9d5f9a95a6661aa789a54a76038e4763864c691,已执行
NJCIT-510301/510102,6702ea01-9559-4ccc-8f19-0c0306e25c5c.pdf,2025物联网应用技术人才培养方案.pdf,documents/江苏/NJCIT_南京信息职业技术学院/现代通信技术专业群/510102_物联网应用技术/6702ea01-9559-4ccc-8f19-0c0306e25c5c.pdf,documents/江苏/NJCIT_南京信息职业技术学院/现代通信技术专业群/510102_物联网应用技术/2025物联网应用技术人才培养方案.pdf,官网附件标题,https://xxgk.njcit.cn/2025/1024/c4596a159326/page.htm,https://xxgk.njcit.cn/_upload/article/files/da/fa/95bb18d445f3b712ed80a3525326/6702ea01-9559-4ccc-8f19-0c0306e25c5c.pdf,2c9f8f9e095d5ad201e98e4e1b72797f49fdbac87013f2b779293f01408eb70e,已执行
JSIT-510402/510401,DD5832D6353B1811E38A4F60F40_C5C0E7D0_1F8DA3.pdf,江苏信息职业技术学院-微电子技术专业群-集成电路技术.pdf,documents/江苏/JSIT_江苏信息职业技术学院/微电子技术专业群/510401_集成电路技术/DD5832D6353B1811E38A4F60F40_C5C0E7D0_1F8DA3.pdf,documents/江苏/JSIT_江苏信息职业技术学院/微电子技术专业群/510401_集成电路技术/江苏信息职业技术学院-微电子技术专业群-集成电路技术.pdf,学校-专业群-专业兜底,https://www.jsit.edu.cn/jwc/info/1029/2862.htm,https://www.jsit.edu.cn/__local/C/EE/F4/DD5832D6353B1811E38A4F60F40_C5C0E7D0_1F8DA3.pdf,4bd531db64fa9460164eabd733ede1fb820a3a57c69cf831a3042722ecebdf0c,已执行
JSIT-510402/510402,DD5832D6353B1811E38A4F60F40_C5C0E7D0_1F8DA3.pdf,江苏信息职业技术学院-微电子技术专业群-微电子技术.pdf,documents/江苏/JSIT_江苏信息职业技术学院/微电子技术专业群/510402_微电子技术/DD5832D6353B1811E38A4F60F40_C5C0E7D0_1F8DA3.pdf,documents/江苏/JSIT_江苏信息职业技术学院/微电子技术专业群/510402_微电子技术/江苏信息职业技术学院-微电子技术专业群-微电子技术.pdf,学校-专业群-专业兜底,https://www.jsit.edu.cn/jwc/info/1029/2862.htm,https://www.jsit.edu.cn/__local/C/EE/F4/DD5832D6353B1811E38A4F60F40_C5C0E7D0_1F8DA3.pdf,4bd531db64fa9460164eabd733ede1fb820a3a57c69cf831a3042722ecebdf0c,已执行
JSIT-510402/510103,DD5832D6353B1811E38A4F60F40_C5C0E7D0_1F8DA3.pdf,江苏信息职业技术学院-微电子技术专业群-应用电子技术.pdf,documents/江苏/JSIT_江苏信息职业技术学院/微电子技术专业群/510103_应用电子技术/DD5832D6353B1811E38A4F60F40_C5C0E7D0_1F8DA3.pdf,documents/江苏/JSIT_江苏信息职业技术学院/微电子技术专业群/510103_应用电子技术/江苏信息职业技术学院-微电子技术专业群-应用电子技术.pdf,学校-专业群-专业兜底,https://www.jsit.edu.cn/jwc/info/1029/2862.htm,https://www.jsit.edu.cn/__local/C/EE/F4/DD5832D6353B1811E38A4F60F40_C5C0E7D0_1F8DA3.pdf,4bd531db64fa9460164eabd733ede1fb820a3a57c69cf831a3042722ecebdf0c,已执行
JSIT-510402/510101,DD5832D6353B1811E38A4F60F40_C5C0E7D0_1F8DA3.pdf,江苏信息职业技术学院-微电子技术专业群-电子信息工程技术.pdf,documents/江苏/JSIT_江苏信息职业技术学院/微电子技术专业群/510101_电子信息工程技术/DD5832D6353B1811E38A4F60F40_C5C0E7D0_1F8DA3.pdf,documents/江苏/JSIT_江苏信息职业技术学院/微电子技术专业群/510101_电子信息工程技术/江苏信息职业技术学院-微电子技术专业群-电子信息工程技术.pdf,学校-专业群-专业兜底,https://www.jsit.edu.cn/jwc/info/1029/2862.htm,https://www.jsit.edu.cn/__local/C/EE/F4/DD5832D6353B1811E38A4F60F40_C5C0E7D0_1F8DA3.pdf,4bd531db64fa9460164eabd733ede1fb820a3a57c69cf831a3042722ecebdf0c,已执行
JSIT-510402/510108,DD5832D6353B1811E38A4F60F40_C5C0E7D0_1F8DA3.pdf,江苏信息职业技术学院-微电子技术专业群-智能产品开发与应用.pdf,documents/江苏/JSIT_江苏信息职业技术学院/微电子技术专业群/510108_智能产品开发与应用/DD5832D6353B1811E38A4F60F40_C5C0E7D0_1F8DA3.pdf,documents/江苏/JSIT_江苏信息职业技术学院/微电子技术专业群/510108_智能产品开发与应用/江苏信息职业技术学院-微电子技术专业群-智能产品开发与应用.pdf,学校-专业群-专业兜底,https://www.jsit.edu.cn/jwc/info/1029/2862.htm,https://www.jsit.edu.cn/__local/C/EE/F4/DD5832D6353B1811E38A4F60F40_C5C0E7D0_1F8DA3.pdf,4bd531db64fa9460164eabd733ede1fb820a3a57c69cf831a3042722ecebdf0c,已执行
JSFPC-490101/490101,03637d10-ca1d-489b-a69d-8e4cf4077bb9.pdf,1.2025年食品学院人才培养方案.pdf,documents/江苏/JSFPC_江苏食品药品职业技术学院/食品智能加工技术专业群/490101_食品智能加工技术/03637d10-ca1d-489b-a69d-8e4cf4077bb9.pdf,documents/江苏/JSFPC_江苏食品药品职业技术学院/食品智能加工技术专业群/490101_食品智能加工技术/1.2025年食品学院人才培养方案.pdf,官网附件标题,https://jw.jsfpc.edu.cn/2026/0401/c2934a86056/page.htm,https://jw.jsfpc.edu.cn/_upload/article/files/0c/9f/ef026153497486283e5b3bed1134/03637d10-ca1d-489b-a69d-8e4cf4077bb9.pdf,948bb9a2f69023554740f6bb6ce2a33c9f707f81b83c4b5a55a13290c1529f70,已执行
JSFPC-490101/490103,03637d10-ca1d-489b-a69d-8e4cf4077bb9.pdf,1.2025年食品学院人才培养方案.pdf,documents/江苏/JSFPC_江苏食品药品职业技术学院/食品智能加工技术专业群/490103_食品营养与健康/03637d10-ca1d-489b-a69d-8e4cf4077bb9.pdf,documents/江苏/JSFPC_江苏食品药品职业技术学院/食品智能加工技术专业群/490103_食品营养与健康/1.2025年食品学院人才培养方案.pdf,官网附件标题,https://jw.jsfpc.edu.cn/2026/0401/c2934a86056/page.htm,https://jw.jsfpc.edu.cn/_upload/article/files/0c/9f/ef026153497486283e5b3bed1134/03637d10-ca1d-489b-a69d-8e4cf4077bb9.pdf,948bb9a2f69023554740f6bb6ce2a33c9f707f81b83c4b5a55a13290c1529f70,已执行
JSFPC-490101/490209,03637d10-ca1d-489b-a69d-8e4cf4077bb9.pdf,1.2025年食品学院人才培养方案.pdf,documents/江苏/JSFPC_江苏食品药品职业技术学院/食品智能加工技术专业群/490209_食品药品监督管理/03637d10-ca1d-489b-a69d-8e4cf4077bb9.pdf,documents/江苏/JSFPC_江苏食品药品职业技术学院/食品智能加工技术专业群/490209_食品药品监督管理/1.2025年食品学院人才培养方案.pdf,官网附件标题,https://jw.jsfpc.edu.cn/2026/0401/c2934a86056/page.htm,https://jw.jsfpc.edu.cn/_upload/article/files/0c/9f/ef026153497486283e5b3bed1134/03637d10-ca1d-489b-a69d-8e4cf4077bb9.pdf,948bb9a2f69023554740f6bb6ce2a33c9f707f81b83c4b5a55a13290c1529f70,已执行
JSFPC-490101/490104,03637d10-ca1d-489b-a69d-8e4cf4077bb9.pdf,1.2025年食品学院人才培养方案.pdf,documents/江苏/JSFPC_江苏食品药品职业技术学院/食品智能加工技术专业群/490104_食品检验检测技术/03637d10-ca1d-489b-a69d-8e4cf4077bb9.pdf,documents/江苏/JSFPC_江苏食品药品职业技术学院/食品智能加工技术专业群/490104_食品检验检测技术/1.2025年食品学院人才培养方案.pdf,官网附件标题,https://jw.jsfpc.edu.cn/2026/0401/c2934a86056/page.htm,https://jw.jsfpc.edu.cn/_upload/article/files/0c/9f/ef026153497486283e5b3bed1134/03637d10-ca1d-489b-a69d-8e4cf4077bb9.pdf,948bb9a2f69023554740f6bb6ce2a33c9f707f81b83c4b5a55a13290c1529f70,已执行
JSFPC-490101/490102,03637d10-ca1d-489b-a69d-8e4cf4077bb9.pdf,1.2025年食品学院人才培养方案.pdf,documents/江苏/JSFPC_江苏食品药品职业技术学院/食品智能加工技术专业群/490102_食品质量与安全/03637d10-ca1d-489b-a69d-8e4cf4077bb9.pdf,documents/江苏/JSFPC_江苏食品药品职业技术学院/食品智能加工技术专业群/490102_食品质量与安全/1.2025年食品学院人才培养方案.pdf,官网附件标题,https://jw.jsfpc.edu.cn/2026/0401/c2934a86056/page.htm,https://jw.jsfpc.edu.cn/_upload/article/files/0c/9f/ef026153497486283e5b3bed1134/03637d10-ca1d-489b-a69d-8e4cf4077bb9.pdf,948bb9a2f69023554740f6bb6ce2a33c9f707f81b83c4b5a55a13290c1529f70,已执行
JSSC-460501/460501,fb79923b-69e7-4088-b329-1e4108603f0f.pdf,（船舶与海洋工程学院）2025级专业人才培养方案.pdf,documents/江苏/JSSC_江苏航运职业技术学院/船舶工程技术专业群/460501_船舶工程技术/fb79923b-69e7-4088-b329-1e4108603f0f.pdf,documents/江苏/JSSC_江苏航运职业技术学院/船舶工程技术专业群/460501_船舶工程技术/（船舶与海洋工程学院）2025级专业人才培养方案.pdf,官网附件标题,https://www.jssc.edu.cn/cbhyx/2025/0718/c3967a62374/page.htm,https://www.jssc.edu.cn/_upload/article/files/fd/64/8119d08d4f708923f07dfccdfa0a/fb79923b-69e7-4088-b329-1e4108603f0f.pdf,2aa099f27381fcb9934fa762ae795be266041c346ea48c5aa4f081b1b16423a2,已执行
JSSC-460501/460510,fb79923b-69e7-4088-b329-1e4108603f0f.pdf,（船舶与海洋工程学院）2025级专业人才培养方案.pdf,documents/江苏/JSSC_江苏航运职业技术学院/船舶工程技术专业群/460510_海洋工程装备技术/fb79923b-69e7-4088-b329-1e4108603f0f.pdf,documents/江苏/JSSC_江苏航运职业技术学院/船舶工程技术专业群/460510_海洋工程装备技术/（船舶与海洋工程学院）2025级专业人才培养方案.pdf,官网附件标题,https://www.jssc.edu.cn/cbhyx/2025/0718/c3967a62374/page.htm,https://www.jssc.edu.cn/_upload/article/files/fd/64/8119d08d4f708923f07dfccdfa0a/fb79923b-69e7-4088-b329-1e4108603f0f.pdf,2aa099f27381fcb9934fa762ae795be266041c346ea48c5aa4f081b1b16423a2,已执行
JSSC-460501/460502,7896f949-2ecf-478c-8d7d-8b6575a19325.pdf,（轮机工程学院）2025级专业人才培养方案.pdf,documents/江苏/JSSC_江苏航运职业技术学院/船舶工程技术专业群/460502_船舶动力工程技术/7896f949-2ecf-478c-8d7d-8b6575a19325.pdf,documents/江苏/JSSC_江苏航运职业技术学院/船舶工程技术专业群/460502_船舶动力工程技术/（轮机工程学院）2025级专业人才培养方案.pdf,官网附件标题,https://www.jssc.edu.cn/ljgcx/2025/0717/c3540a62357/page.htm,https://www.jssc.edu.cn/_upload/article/files/26/99/a911ee564f169069cda1fa793253/7896f949-2ecf-478c-8d7d-8b6575a19325.pdf,ff0de7e88b936b57cb60ad9ea56283d41c129f9b3a2b265c13977fc50855f033,已执行
JSSC-460501/500308,7896f949-2ecf-478c-8d7d-8b6575a19325.pdf,（轮机工程学院）2025级专业人才培养方案.pdf,documents/江苏/JSSC_江苏航运职业技术学院/船舶工程技术专业群/500308_船舶电子电气技术/7896f949-2ecf-478c-8d7d-8b6575a19325.pdf,documents/江苏/JSSC_江苏航运职业技术学院/船舶工程技术专业群/500308_船舶电子电气技术/（轮机工程学院）2025级专业人才培养方案.pdf,官网附件标题,https://www.jssc.edu.cn/ljgcx/2025/0717/c3540a62357/page.htm,https://www.jssc.edu.cn/_upload/article/files/26/99/a911ee564f169069cda1fa793253/7896f949-2ecf-478c-8d7d-8b6575a19325.pdf,ff0de7e88b936b57cb60ad9ea56283d41c129f9b3a2b265c13977fc50855f033,已执行
JQTU-430302/430302,25091454ay1s.pdf,酒泉职业技术大学-风力发电工程技术专业群-风力发电工程技术.pdf,documents/甘肃/JQTU_酒泉职业技术大学/风力发电工程技术专业群/430302_风力发电工程技术/25091454ay1s.pdf,documents/甘肃/JQTU_酒泉职业技术大学/风力发电工程技术专业群/430302_风力发电工程技术/酒泉职业技术大学-风力发电工程技术专业群-风力发电工程技术.pdf,学校-专业群-专业兜底,https://xny.jqtu.edu.cn/u/cms/xnygcxy/202606/25091454ay1s.pdf,https://xny.jqtu.edu.cn/u/cms/xnygcxy/202606/25091454ay1s.pdf,0fc6400f2dc6c42f66d2c1f98a4e7a801f6ab595a21711342fb8364e74f04d5d,已执行
IMVCCE-470205/470201,c648611a-64f5-4c19-89ae-5d0064430b2f.pdf,内蒙古化工职业学院-煤化工技术专业群-应用化工技术.pdf,documents/内蒙古/IMVCCE_内蒙古化工职业学院/煤化工技术专业群/470201_应用化工技术/c648611a-64f5-4c19-89ae-5d0064430b2f.pdf,documents/内蒙古/IMVCCE_内蒙古化工职业学院/煤化工技术专业群/470201_应用化工技术/内蒙古化工职业学院-煤化工技术专业群-应用化工技术.pdf,学校-专业群-专业兜底,https://www.hgzyxy.com.cn/_upload/article/files/67/f2/5866e97746e2a07a7830620ee6f7/c648611a-64f5-4c19-89ae-5d0064430b2f.pdf,https://www.hgzyxy.com.cn/_upload/article/files/67/f2/5866e97746e2a07a7830620ee6f7/c648611a-64f5-4c19-89ae-5d0064430b2f.pdf,ce268594f5ccdedeb4b8253a42b6df4cf4b831c2d95f44357e746271ab6537a8,已执行
WZVTC-460203/460203,7ef094d8-009c-4ceb-9373-44a216fa590d.pdf,上册.pdf,documents/浙江/WZVTC_温州职业技术学院/电机与电器技术专业群/460203_电机与电器技术/7ef094d8-009c-4ceb-9373-44a216fa590d.pdf,documents/浙江/WZVTC_温州职业技术学院/电机与电器技术专业群/460203_电机与电器技术/上册.pdf,官网链接文字,https://jwc.wzvtc.cn/_upload/article/files/66/d0/2f88ce014e20a33473f01b007da0/7ef094d8-009c-4ceb-9373-44a216fa590d.pdf,https://jwc.wzvtc.cn/_upload/article/files/66/d0/2f88ce014e20a33473f01b007da0/7ef094d8-009c-4ceb-9373-44a216fa590d.pdf,76c193ed9d3c12756f3665d1f18eef2420791d3816e052e0bafb4524a2dde22c,已执行
WZVTC-460203/460306,7ef094d8-009c-4ceb-9373-44a216fa590d.pdf,上册.pdf,documents/浙江/WZVTC_温州职业技术学院/电机与电器技术专业群/460306_电气自动化技术/7ef094d8-009c-4ceb-9373-44a216fa590d.pdf,documents/浙江/WZVTC_温州职业技术学院/电机与电器技术专业群/460306_电气自动化技术/上册.pdf,官网链接文字,https://jwc.wzvtc.cn/_upload/article/files/66/d0/2f88ce014e20a33473f01b007da0/7ef094d8-009c-4ceb-9373-44a216fa590d.pdf,https://jwc.wzvtc.cn/_upload/article/files/66/d0/2f88ce014e20a33473f01b007da0/7ef094d8-009c-4ceb-9373-44a216fa590d.pdf,76c193ed9d3c12756f3665d1f18eef2420791d3816e052e0bafb4524a2dde22c,已执行
WZVTC-460203/510101,7ef094d8-009c-4ceb-9373-44a216fa590d.pdf,上册.pdf,documents/浙江/WZVTC_温州职业技术学院/电机与电器技术专业群/510101_电子信息工程技术/7ef094d8-009c-4ceb-9373-44a216fa590d.pdf,documents/浙江/WZVTC_温州职业技术学院/电机与电器技术专业群/510101_电子信息工程技术/上册.pdf,官网链接文字,https://jwc.wzvtc.cn/_upload/article/files/66/d0/2f88ce014e20a33473f01b007da0/7ef094d8-009c-4ceb-9373-44a216fa590d.pdf,https://jwc.wzvtc.cn/_upload/article/files/66/d0/2f88ce014e20a33473f01b007da0/7ef094d8-009c-4ceb-9373-44a216fa590d.pdf,76c193ed9d3c12756f3665d1f18eef2420791d3816e052e0bafb4524a2dde22c,已执行
WZVTC-460203/460301,7ef094d8-009c-4ceb-9373-44a216fa590d.pdf,上册.pdf,documents/浙江/WZVTC_温州职业技术学院/电机与电器技术专业群/460301_机电一体化技术/7ef094d8-009c-4ceb-9373-44a216fa590d.pdf,documents/浙江/WZVTC_温州职业技术学院/电机与电器技术专业群/460301_机电一体化技术/上册.pdf,官网链接文字,https://jwc.wzvtc.cn/_upload/article/files/66/d0/2f88ce014e20a33473f01b007da0/7ef094d8-009c-4ceb-9373-44a216fa590d.pdf,https://jwc.wzvtc.cn/_upload/article/files/66/d0/2f88ce014e20a33473f01b007da0/7ef094d8-009c-4ceb-9373-44a216fa590d.pdf,76c193ed9d3c12756f3665d1f18eef2420791d3816e052e0bafb4524a2dde22c,已执行
WZVTC-460203/460101,7ef094d8-009c-4ceb-9373-44a216fa590d.pdf,上册.pdf,documents/浙江/WZVTC_温州职业技术学院/电机与电器技术专业群/460101_机械设计与制造/7ef094d8-009c-4ceb-9373-44a216fa590d.pdf,documents/浙江/WZVTC_温州职业技术学院/电机与电器技术专业群/460101_机械设计与制造/上册.pdf,官网链接文字,https://jwc.wzvtc.cn/_upload/article/files/66/d0/2f88ce014e20a33473f01b007da0/7ef094d8-009c-4ceb-9373-44a216fa590d.pdf,https://jwc.wzvtc.cn/_upload/article/files/66/d0/2f88ce014e20a33473f01b007da0/7ef094d8-009c-4ceb-9373-44a216fa590d.pdf,76c193ed9d3c12756f3665d1f18eef2420791d3816e052e0bafb4524a2dde22c,已执行
WZVTC-460203/460305,7ef094d8-009c-4ceb-9373-44a216fa590d.pdf,上册.pdf,documents/浙江/WZVTC_温州职业技术学院/电机与电器技术专业群/460305_工业机器人技术/7ef094d8-009c-4ceb-9373-44a216fa590d.pdf,documents/浙江/WZVTC_温州职业技术学院/电机与电器技术专业群/460305_工业机器人技术/上册.pdf,官网链接文字,https://jwc.wzvtc.cn/_upload/article/files/66/d0/2f88ce014e20a33473f01b007da0/7ef094d8-009c-4ceb-9373-44a216fa590d.pdf,https://jwc.wzvtc.cn/_upload/article/files/66/d0/2f88ce014e20a33473f01b007da0/7ef094d8-009c-4ceb-9373-44a216fa590d.pdf,76c193ed9d3c12756f3665d1f18eef2420791d3816e052e0bafb4524a2dde22c,已执行
