node_id,standard_chain,stage,node_name,node_description,mapped_standard_segments,mapped_original_folders,source_company_count_sum,mapping_type,original_fields_available,original_node_samples
node-001,数据要素与数字经济产业链,上游,数据资源采集与基础设施,覆盖数据源接入、数据采集、存储与基础算力环境。,大数据、数据要素,大数据产业链企查查；数据要素产业链企查查,423975,原始方向+标准链推导,ID、一级分类、七级分类、三级分类、二级分类、五级分类、产业位置、产业关联性、产业链节点、企业(机构)类型、企业地址、企业简介、企业规模、八级分类、公司名称、六级分类、原文件导入名称、参保人数、参保人数所属年报、四级分类、国标行业中类、国标行业大类、国标行业小类、国标行业门类、官网、实缴资本、成立日期、所属区县、所属城市、所属省份、更多电话、更多邮箱、曾用名、最新年报年份、核准日期、法定代表人、注册号、注册资本、电话、登记机关、登记状态、纳税人识别号、纳税人资质、组织机构代码、经营范围、统一社会信用代码、英文名、营业期限、融资上市、通信地址、邮箱,大数据产业链企查查:-、RFID读卡器、中间件软件、云存储服务、云资源管理平台、交通大数据、企业大数据、企业级物联网平台、传感器、农业大数据；数据要素产业链企查查:AI大模型、CPU、DPU、FPGA、GPU、个人隐私保护、中间件软件、互联网数据中心(IDC)、交通大数据、企业大数据
node-002,数据要素与数字经济产业链,中游,数据治理、流通与服务,覆盖数据清洗、治理、标注、交易流通、数据服务供给。,大数据、数据要素、数据服务,大数据产业链企查查；数据要素产业链企查查；数据服务,453926,原始方向+标准链推导,"-、13548786168、140万人民币、17775782939、2000万人民币、2018-02-02、2018-02-02 至 2068-02-01、2022-12-30、2023、25、430194000053935、91430100MA4PD37P5G、Hunan Zhongguang Huizhi Information Technology Co., Ltd、ID、MA4PD37P-5、http://www.idcode.cloud、一级分类、七级分类、三级分类、二级分类、五级分类、产业位置、产业关联性、产业链节点、企业(机构)类型、企业地址、企业简介、企业规模、信息传输、软件和信息技术服务业、八级分类、公司名称、六级分离、六级分类、其他信息技术服务业、原文件导入名称、参保人数、参保人数所属年报、四级分类、国标行业中类、国标行业大类、国标行业小类、国标行业门类、存续、官网、实缴资本、小型、成立日期、所属区县、所属城市、所属省份、更多电话、更多邮箱、曾用名、最新年报年份、有限责任公司(自然人投资或控股)、核准日期、法定代表人、注册号、注册资本、湖南中广汇智信息技术有限公司、湖南省、电子产品、家用电器、文具用品的零售；工业自动化设备、智能化技术、五金机电产品的研发；广告制作服务、国内代理服务；监控设备、计算机辅助设备、计算机硬件、日用品、计算机软件的销售；电子商务平台的开发建设；信息系统集成服务；软件开发；贸易咨询服务；市场调研服务；展览服务；机器人开发；广告设计；企业管理战略策划；企业管理咨询服务；计算机技术开发、技术服务。（依法须经批准的项目，经相关部门批准后方可开展经营活动）、电话、登记机关、登记状态、纳税人识别号、纳税人资质、组织机构代码、经营范围、统一社会信用代码、英文名、营业期限、融资上市、袁跃、软件和信息技术服务业、通信地址、邮箱、长沙市、长沙经济技术开发区开元东路以北、东六线以东华润置地广场一期12幢1201（集群注册）、长沙经济技术开发区螺丝塘路1号、3号德普五和企业园5栋B座402室",大数据产业链企查查:-、RFID读卡器、中间件软件、云存储服务、云资源管理平台、交通大数据、企业大数据、企业级物联网平台、传感器、农业大数据；数据要素产业链企查查:AI大模型、CPU、DPU、FPGA、GPU、个人隐私保护、中间件软件、互联网数据中心(IDC)、交通大数据、企业大数据
node-003,数据要素与数字经济产业链,下游,数字经济场景应用与内容创意,覆盖产业数字化、数据产品、内容创意和行业应用。,数字经济、数据创意,数字经济产业链企查查；数据创意,118401,原始方向+标准链推导,ID、一级分类、七级分类、三级分类、不可用电话、二级分类、五级分类、产业关联性、产业链节点、企业(机构)类型、企业地址、企业简介、企业规模、八级分类、公司名称、公司类型、六级分类、其他电话、其他邮箱、原文件导入名称、参保人数、参保人数所属年报、可用电话、四级分类、国标行业中类、国标行业大类、国标行业小类、国标行业门类、官网、实缴资本、成立日期、所属区县、所属城市、所属省份、更多电话、更多邮箱、曾用名、最新年报地址、最新年报年份、核准日期、法定代表人、注册号、注册地址、注册资本、电话、登记机关、登记状态、系统匹配企业名称、纳税人识别号、纳税人资质、组织机构代码、经营范围、统一社会信用代码、网址、英文名、荣誉、营业期限、融资上市、通信地址、邮箱,数字经济产业链企查查:-、5G网络、云计算服务、人工智能、人工智能算法软件、人工智能芯片、光纤网络建设服务、农业数字化、办公数字化、区块链
node-004,高端装备与智能制造产业链,上游,关键基础件与工业母机,覆盖数控机床、基础机械、关键零部件和加工能力。,数控机床、机械设备,数控机床；机械设备产业链企查查,73179,原始方向+标准链推导,"ID、一级分类、七级分类、三级分类、上市企业,科技小巨人企业,高新技术企业、不可用电话、二级分类、五级分类、产业位置、产业关联性、产业链节点、企业(机构)类型、企业地址、企业简介、企业规模、八级分类、公司名称、公司类型、六级分类、其他电话、其他邮箱、原文件导入名称、参保人数、参保人数所属年报、可用电话、四级分类、国标行业中类、国标行业大类、国标行业小类、国标行业门类、宁波海天精工股份有限公司、官网、实缴资本、成立日期、所属区县、所属城市、所属省份、更多电话、更多邮箱、曾用名、最新年报地址、最新年报年份、核准日期、法定代表人、注册号、注册地址、注册资本、电话、登记机关、登记状态、纳税人识别号、纳税人资质、组织机构代码、经营范围、统一社会信用代码、网址、英文名、荣誉、营业期限、融资上市、通信地址、邮箱",机械设备产业链企查查:3D打印设备及零配件、三轮车、串联机器人、五金工具、伺服控制器、供应用仪器仪表、光学仪器、内燃机、农用机械、凿岩机
node-005,高端装备与智能制造产业链,中游,高端装备制造与激光加工,覆盖高端装备整机制造、激光加工装备和智能制造装备。,高端装备制造、激光、机械设备,高端装备制造；激光；机械设备产业链企查查,284837,原始方向+标准链推导,"ID、一级分类、七级分类、三级分类、不可用电话、二级分类、五级分类、产业位置、产业关联性、产业链节点、企业(机构)类型、企业地址、企业简介、企业规模、八级分类、公司名称、公司类型、六级分类、其他电话、其他邮箱、原文件导入名称、参保人数、参保人数所属年报、可用电话、四级分类、国标行业中类、国标行业大类、国标行业小类、国标行业门类、官网、实缴资本、小米科技有限责任公司、成立日期、所属区县、所属城市、所属省份、更多电话、更多邮箱、曾用名、最新年报地址、最新年报年份、核准日期、法定代表人、注册号、注册地址、注册资本、电话、登记机关、登记状态、瞪羚企业,独角兽企业,知识产权优势企业,上市企业、系统匹配企业名称、纳税人识别号、纳税人资质、组织机构代码、经营范围、统一社会信用代码、网址、英文名、荣誉、营业期限、融资上市、资质、通信地址、邮箱",机械设备产业链企查查:3D打印设备及零配件、三轮车、串联机器人、五金工具、伺服控制器、供应用仪器仪表、光学仪器、内燃机、农用机械、凿岩机
node-006,高端装备与智能制造产业链,下游,行业智能制造应用与运维,覆盖装备在生产线、工厂、工程场景中的集成应用和运维服务。,高端装备制造、机械设备,高端装备制造；机械设备产业链企查查,279499,标准链推导,ID、一级分类、七级分类、三级分类、二级分类、五级分类、产业位置、产业关联性、产业链节点、企业(机构)类型、企业地址、企业简介、企业规模、八级分类、公司名称、六级分类、原文件导入名称、参保人数、参保人数所属年报、四级分类、国标行业中类、国标行业大类、国标行业小类、国标行业门类、官网、实缴资本、成立日期、所属区县、所属城市、所属省份、更多电话、更多邮箱、曾用名、最新年报年份、核准日期、法定代表人、注册号、注册资本、电话、登记机关、登记状态、系统匹配企业名称、纳税人识别号、纳税人资质、组织机构代码、经营范围、统一社会信用代码、英文名、营业期限、融资上市、资质、通信地址、邮箱,机械设备产业链企查查:3D打印设备及零配件、三轮车、串联机器人、五金工具、伺服控制器、供应用仪器仪表、光学仪器、内燃机、农用机械、凿岩机
node-007,基础设施与城市建设产业链,上游,规划设计、建材与工程准备,覆盖基建规划、工程材料、施工装备和前期服务。,基础设施建设,基础设施建设产业链企查查,160221,标准链推导,ID、一级分类、七级分类、三级分类、二级分类、五级分类、产业位置、产业关联性、产业链节点、企业(机构)类型、企业地址、企业简介、企业规模、八级分类、公司名称、六级分类、原文件导入名称、参保人数、参保人数所属年报、四级分类、国标行业中类、国标行业大类、国标行业小类、国标行业门类、官网、实缴资本、成立日期、所属区县、所属城市、所属省份、更多电话、更多邮箱、曾用名、最新年报年份、核准日期、法定代表人、注册号、注册资本、电话、登记机关、登记状态、纳税人识别号、纳税人资质、组织机构代码、经营范围、统一社会信用代码、英文名、营业期限、融资上市、通信地址、邮箱,基础设施建设产业链企查查:公路工程、压实机械、园林养护工程、园林工程设计、城市公交、城市轨道交通工程、太阳能发电工程、工程勘察服务、工程咨询服务、工程监理服务
node-008,基础设施与城市建设产业链,中游,基础设施建设与房地产开发,覆盖交通、市政、园区、房屋开发和工程建设实施。,基础设施建设、房地产,基础设施建设产业链企查查；房地产产业链企查查,290363,原始方向+标准链推导,ID、一级分类、七级分类、三级分类、二级分类、五级分类、产业位置、产业关联性、产业链节点、企业(机构)类型、企业地址、企业简介、企业规模、八级分类、公司名称、六级分类、原文件导入名称、参保人数、参保人数所属年报、四级分类、国标行业中类、国标行业大类、国标行业小类、国标行业门类、官网、实缴资本、成立日期、所属区县、所属城市、所属省份、更多电话、更多邮箱、曾用名、最新年报年份、核准日期、法定代表人、注册号、注册资本、电话、登记机关、登记状态、纳税人识别号、纳税人资质、组织机构代码、经营范围、统一社会信用代码、英文名、营业期限、融资上市、通信地址、邮箱,基础设施建设产业链企查查:公路工程、压实机械、园林养护工程、园林工程设计、城市公交、城市轨道交通工程、太阳能发电工程、工程勘察服务、工程咨询服务、工程监理服务；房地产产业链企查查:产业地产开发、产业地产租赁、住宅建筑、住宅建筑装饰装修、公共建筑装饰装修、公共租赁房租赁、其他保障房开发、其他建筑材料、冰洗家电、办公建筑
node-009,基础设施与城市建设产业链,下游,城市运营、公用事业与物业服务,覆盖供水、供电、燃气、环卫、公用设施运营和房地产后服务。,公用事业、房地产,公用事业产业链企查查；房地产产业链企查查,179150,原始方向+标准链推导,ID、一级分类、七级分类、三级分类、二级分类、五级分类、产业位置、产业关联性、产业链节点、企业(机构)类型、企业地址、企业简介、企业规模、八级分类、公司名称、六级分类、原文件导入名称、参保人数、参保人数所属年报、四级分类、国标行业中类、国标行业大类、国标行业小类、国标行业门类、官网、实缴资本、成立日期、所属区县、所属城市、所属省份、更多电话、更多邮箱、曾用名、最新年报年份、核准日期、法定代表人、注册号、注册资本、电话、登记机关、登记状态、纳税人识别号、纳税人资质、组织机构代码、经营范围、统一社会信用代码、英文名、营业期限、融资上市、通信地址、邮箱,公用事业产业链企查查:天然气工程、太阳能发电、太阳能发电工程、工业污水治理服务、工业用水、水利工程、水力发电、水电工程、液化天然气供应、火力发电；房地产产业链企查查:产业地产开发、产业地产租赁、住宅建筑、住宅建筑装饰装修、公共建筑装饰装修、公共租赁房租赁、其他保障房开发、其他建筑材料、冰洗家电、办公建筑
node-010,医药生物与医疗健康产业链,上游,药物研发、诊断试剂与核心材料,覆盖生物药、化学药、体外诊断的研发和关键原料。,医药生物、生物药品、化学药品、体外诊断,医药生物产业链企查查；生物药品产业链企查查；化学药品产业链企查查；体外诊断产业链企查查,48878,原始方向+标准链推导,ID、一级分类、七级分类、三级分类、二级分类、五级分类、产业位置、产业关联性、产业链节点、企业(机构)类型、企业地址、企业简介、企业规模、八级分类、公司名称、六级分类、原文件导入名称、参保人数、参保人数所属年报、四级分类、国标行业中类、国标行业大类、国标行业小类、国标行业门类、官网、实缴资本、成立日期、所属区县、所属城市、所属省份、更多电话、更多邮箱、曾用名、最新年报年份、核准日期、法定代表人、注册号、注册资本、电话、登记机关、登记状态、纳税人识别号、纳税人资质、组织机构代码、经营范围、统一社会信用代码、英文名、营业期限、融资上市、通信地址、邮箱,医药生物产业链企查查:SMO服务、专科医院运营、中医器械、中成药、中药材/饮片、体外诊断设备、体外诊断试剂及耗材、化药制剂、医用决策支持软件、医用康复器械；生物药品产业链企查查:专科医院运营、中医院运营、亚单位疫苗与多肽疫苗、免疫球蛋白、其他医院运营、其他生物药品、其他疫苗、其他血液制品、减毒疫苗、凝血因子；化学药品产业链企查查:SMO服务、专科医院运营、儿科用药、免疫系统用药、医药CDMO、医药CMO、医药CRO、医药中间体、医药批发、医药电商；体外诊断产业链企查查:-、体外诊断服务、体外诊断类软件、体外诊断耗材、免疫分析设备、免疫诊断试剂、其他体外诊断设备、其他体外诊断试剂、分子生物学分析设备、分子诊断试剂
node-011,医药生物与医疗健康产业链,中游,药械生产、医疗装备与数字平台,覆盖药品生产、医疗器械、医疗机器人和医疗数字化平台。,医药生物、生物药品、化学药品、医疗器械、医疗机器人、医疗数字化,医药生物产业链企查查；生物药品产业链企查查；化学药品产业链企查查；医疗器械产业链企查查；医疗机器人；医疗数字化,231395,原始方向+标准链推导,ID、一级分类、七级分类、三级分类、不可用电话、二级分类、五级分类、产业位置、产业关联性、产业链节点、企业(机构)类型、企业地址、企业简介、企业规模、八级分类、公司名称、公司类型、六级分类、其他电话、其他邮箱、原文件导入名称、参保人数、参保人数所属年报、可用电话、四级分类、国标行业中类、国标行业大类、国标行业小类、国标行业门类、官网、实缴资本、成立日期、所属区县、所属城市、所属省份、更多电话、更多邮箱、曾用名、最新年报地址、最新年报年份、核准日期、法定代表人、注册号、注册地址、注册资本、电话、登记机关、登记状态、纳税人识别号、纳税人资质、组织机构代码、经营范围、统一社会信用代码、网址、英文名、荣誉、营业期限、融资上市、资质、通信地址、邮箱,医药生物产业链企查查:SMO服务、专科医院运营、中医器械、中成药、中药材/饮片、体外诊断设备、体外诊断试剂及耗材、化药制剂、医用决策支持软件、医用康复器械；生物药品产业链企查查:专科医院运营、中医院运营、亚单位疫苗与多肽疫苗、免疫球蛋白、其他医院运营、其他生物药品、其他疫苗、其他血液制品、减毒疫苗、凝血因子；化学药品产业链企查查:SMO服务、专科医院运营、儿科用药、免疫系统用药、医药CDMO、医药CMO、医药CRO、医药中间体、医药批发、医药电商；医疗器械产业链企查查:-、专科医院运营、中医器械、中医院运营、体外诊断设备及耗材制造、其他医院运营、医用决策支持软件、医用康复器械、医用影像处理软件、医用成像器械
node-012,医药生物与医疗健康产业链,下游,医疗服务、临床应用与健康管理,覆盖医院/机构应用、数字健康服务、临床诊断和康复场景。,医疗器械、体外诊断、医疗数字化、医疗机器人,医疗器械产业链企查查；体外诊断产业链企查查；医疗数字化；医疗机器人,184681,标准链推导,ID、一级分类、七级分类、三级分类、不可用电话、二级分类、五级分类、产业位置、产业关联性、产业链节点、企业(机构)类型、企业地址、企业简介、企业规模、八级分类、公司名称、公司类型、六级分类、其他电话、其他邮箱、原文件导入名称、参保人数、参保人数所属年报、可用电话、四级分类、国标行业中类、国标行业大类、国标行业小类、国标行业门类、官网、实缴资本、成立日期、所属区县、所属城市、所属省份、更多电话、更多邮箱、曾用名、最新年报地址、最新年报年份、核准日期、法定代表人、注册号、注册地址、注册资本、电话、登记机关、登记状态、纳税人识别号、纳税人资质、组织机构代码、经营范围、统一社会信用代码、网址、英文名、荣誉、营业期限、融资上市、资质、通信地址、邮箱,医疗器械产业链企查查:-、专科医院运营、中医器械、中医院运营、体外诊断设备及耗材制造、其他医院运营、医用决策支持软件、医用康复器械、医用影像处理软件、医用成像器械；体外诊断产业链企查查:-、体外诊断服务、体外诊断类软件、体外诊断耗材、免疫分析设备、免疫诊断试剂、其他体外诊断设备、其他体外诊断试剂、分子生物学分析设备、分子诊断试剂
node-013,新能源与电力装备产业链,上游,新能源材料、电芯与发电设备,覆盖锂电材料、电芯、光伏组件、风电装备和关键设备。,锂离子电池、光伏生产设备、光伏、风电,锂离子电池产业链企查查；光伏生产设备；光伏产业链企查查；风电产业链企查查,12322,原始方向+标准链推导,ID、一级分类、七级分类、三级分类、二级分类、五级分类、产业位置、产业关联性、产业链节点、企业(机构)类型、企业地址、企业简介、企业规模、八级分类、公司名称、六级分类、原文件导入名称、参保人数、参保人数所属年报、四级分类、国标行业中类、国标行业大类、国标行业小类、国标行业门类、官网、实缴资本、成立日期、所属区县、所属城市、所属省份、更多电话、更多邮箱、曾用名、最新年报年份、核准日期、法定代表人、注册号、注册资本、电话、登记机关、登记状态、系统匹配企业名称、纳税人识别号、纳税人资质、组织机构代码、经营范围、统一社会信用代码、英文名、营业期限、融资上市、资质、通信地址、邮箱,锂离子电池产业链企查查:-、三元材料、三元锂电池、储能锂电池、动力锂电池、消费锂电池、电池回收利用、石墨负极材料、硅碳负极材料、磷酸铁锂；光伏产业链企查查:-、PET薄膜、储能用铅酸蓄电池、光伏接线盒、光伏支架、光伏汇流箱、光伏硅片、光伏级多晶硅、光伏组件、光伏逆变器；风电产业链企查查:法兰、海上风力发电、海岸风力发电、涂料、环氧树脂、玻璃纤维、电力电缆、碳纤维、结构胶、聚氨酯泡沫
node-014,新能源与电力装备产业链,中游,发电、储能与输配电装备,覆盖光伏/风电发电系统、储能系统、特高压输配电装备。,光伏、风电、储能、特高压,光伏产业链企查查；风电产业链企查查；储能类；特高压产业链企查查,181966,原始方向+标准链推导,ID、一级分类、七级分类、三级分类、二级分类、五级分类、产业位置、产业关联性、产业链节点、企业(机构)类型、企业地址、企业简介、企业规模、八级分类、公司、公司名称、公司类型、六级分类、其他电话、其他邮箱、原文件导入名称、参保人数、参保人数所属年报、四级分类、国标行业中类、国标行业大类、国标行业小类、国标行业门类、官网、实缴资本、成立日期、所属区县、所属城市、所属省份、更多电话、更多邮箱、曾用名、最新年报地址、最新年报年份、核准日期、法定代表人、注册号、注册地址、注册资本、电话、登记机关、登记状态、纳税人识别号、纳税人资质、组织机构代码、经营范围、统一社会信用代码、网址、联系电话、英文名、营业期限、融资上市、通信地址、邮箱,光伏产业链企查查:-、PET薄膜、储能用铅酸蓄电池、光伏接线盒、光伏支架、光伏汇流箱、光伏硅片、光伏级多晶硅、光伏组件、光伏逆变器；风电产业链企查查:法兰、海上风力发电、海岸风力发电、涂料、环氧树脂、玻璃纤维、电力电缆、碳纤维、结构胶、聚氨酯泡沫；特高压产业链企查查:IGBT、交流互感器、传感器、供电、全封闭组合电器(GIS)、平波电抗器、开关电器、换流变压器、换流阀、架空导线
node-015,新能源与电力装备产业链,下游,电力消纳、能源服务与场景应用,覆盖电网消纳、工商业储能、新能源运营和综合能源服务。,储能、特高压、光伏、风电,储能类；特高压产业链企查查；光伏产业链企查查；风电产业链企查查,181966,标准链推导,ID、一级分类、七级分类、三级分类、二级分类、五级分类、产业位置、产业关联性、产业链节点、企业(机构)类型、企业地址、企业简介、企业规模、八级分类、公司、公司名称、公司类型、六级分类、其他电话、其他邮箱、原文件导入名称、参保人数、参保人数所属年报、四级分类、国标行业中类、国标行业大类、国标行业小类、国标行业门类、官网、实缴资本、成立日期、所属区县、所属城市、所属省份、更多电话、更多邮箱、曾用名、最新年报地址、最新年报年份、核准日期、法定代表人、注册号、注册地址、注册资本、电话、登记机关、登记状态、纳税人识别号、纳税人资质、组织机构代码、经营范围、统一社会信用代码、网址、联系电话、英文名、营业期限、融资上市、通信地址、邮箱,特高压产业链企查查:IGBT、交流互感器、传感器、供电、全封闭组合电器(GIS)、平波电抗器、开关电器、换流变压器、换流阀、架空导线；光伏产业链企查查:-、PET薄膜、储能用铅酸蓄电池、光伏接线盒、光伏支架、光伏汇流箱、光伏硅片、光伏级多晶硅、光伏组件、光伏逆变器；风电产业链企查查:法兰、海上风力发电、海岸风力发电、涂料、环氧树脂、玻璃纤维、电力电缆、碳纤维、结构胶、聚氨酯泡沫
node-016,智能物联与消费电子产业链,上游,传感器、芯片模组与基础器件,覆盖物联网感知器件、通信模组、智能终端基础部件。,物联网、智能物联、消费电子,物联网产业链企查查；智能物联；消费电子产业链企查查,153738,标准链推导,ID、一级分类、七级分类、三级分类、不可用电话、二级分类、五级分类、产业位置、产业关联性、产业链节点、企业(机构)类型、企业地址、企业简介、企业规模、八级分类、公司名称、公司类型、六级分类、其他电话、其他邮箱、原文件导入名称、参保人数、参保人数所属年报、可用电话、四级分类、国标行业中类、国标行业大类、国标行业小类、国标行业门类、官网、实缴资本、成立日期、所属区县、所属城市、所属省份、更多电话、更多邮箱、曾用名、最新年报地址、最新年报年份、核准日期、法定代表人、注册号、注册地址、注册资本、电话、登记机关、登记状态、系统匹配企业名称、纳税人识别号、纳税人资质、组织机构代码、经营范围、统一社会信用代码、网址、英文名、荣誉、营业期限、融资上市、通信地址、邮箱,物联网产业链企查查:IT系统集成、LoRa模块、MCU、NB-IoT模块、RFID电子标签、RFID读写设备、SoC、Wifi模组、Zigbee模块、云计算服务；消费电子产业链企查查:-、DSP、OLED显示屏、VR/AR设备、主板组件、便携音乐播放器、元器件与零部件、基础元器件、消费电子零部件、摄像头模组零部件、精密结构件、消费电子设备、个人消费电子设备、智能手机、元器件与零部件、基础元器件、消费电子零部件、集成电路、电子显示屏、OLED显示屏、消费电子设备、其他消费电子设备、车载影音、元器件与零部件、基础元器件、集成电路、摄像头模组零部件、光学镜头、图像传感器、消费电子设备、个人消费电子设备、智能手机、可穿戴电子设备、照相机、耳机、游戏设备、家庭消费电子设备、电视机、音箱、音响、其他消费电子设备、电子教育设备、VR/AR设备、车载影音、摄像机、投影仪、家庭影院、电子阅读器、元器件与零部件、基础元器件、集成电路、消费电子设备、个人消费电子设备、平板电脑
node-017,智能物联与消费电子产业链,中游,智能终端、家电与物联平台,覆盖智能手机、家电、消费电子、智能物联平台与终端制造。,智能手机、家用电器、消费电子、智能物联、物联网,智能手机产业链企查查；家用电器产业链企查查；消费电子产业链企查查；智能物联；物联网产业链企查查,174017,原始方向+标准链推导,ID、一级分类、七级分类、三级分类、不可用电话、二级分类、五级分类、产业位置、产业关联性、产业链节点、企业(机构)类型、企业地址、企业简介、企业规模、八级分类、公司名称、公司类型、六级分类、其他电话、其他邮箱、原文件导入名称、参保人数、参保人数所属年报、可用电话、四级分类、国标行业中类、国标行业大类、国标行业小类、国标行业门类、官网、实缴资本、成立日期、所属区县、所属城市、所属省份、更多电话、更多邮箱、曾用名、最新年报地址、最新年报年份、核准日期、法定代表人、注册号、注册地址、注册资本、电话、登记机关、登记状态、系统匹配企业名称、纳税人识别号、纳税人资质、组织机构代码、经营范围、统一社会信用代码、网址、英文名、荣誉、营业期限、融资上市、通信地址、邮箱,智能手机产业链企查查:CPU芯片、OLED显示面板、光学镜头、印制电路板、图像传感器、基础电信服务、存储器芯片、射频天线、射频芯片、手机主板；家用电器产业链企查查:-、个人护理小家电、健身电器、冰箱、冰箱配件、厨房垃圾处理器、厨房小家电、取暖电器、吸油烟机、家用影视设备；消费电子产业链企查查:-、DSP、OLED显示屏、VR/AR设备、主板组件、便携音乐播放器、元器件与零部件、基础元器件、消费电子零部件、摄像头模组零部件、精密结构件、消费电子设备、个人消费电子设备、智能手机、元器件与零部件、基础元器件、消费电子零部件、集成电路、电子显示屏、OLED显示屏、消费电子设备、其他消费电子设备、车载影音、元器件与零部件、基础元器件、集成电路、摄像头模组零部件、光学镜头、图像传感器、消费电子设备、个人消费电子设备、智能手机、可穿戴电子设备、照相机、耳机、游戏设备、家庭消费电子设备、电视机、音箱、音响、其他消费电子设备、电子教育设备、VR/AR设备、车载影音、摄像机、投影仪、家庭影院、电子阅读器、元器件与零部件、基础元器件、集成电路、消费电子设备、个人消费电子设备、平板电脑；物联网产业链企查查:IT系统集成、LoRa模块、MCU、NB-IoT模块、RFID电子标签、RFID读写设备、SoC、Wifi模组、Zigbee模块、云计算服务
node-018,智能物联与消费电子产业链,下游,智慧家庭、行业物联与消费场景,覆盖智能家居、行业物联、消费电子渠道与服务。,家用电器、消费电子、智能物联、物联网,家用电器产业链企查查；消费电子产业链企查查；智能物联；物联网产业链企查查,168170,标准链推导,ID、一级分类、七级分类、三级分类、不可用电话、二级分类、五级分类、产业位置、产业关联性、产业链节点、企业(机构)类型、企业地址、企业简介、企业规模、八级分类、公司名称、公司类型、六级分类、其他电话、其他邮箱、原文件导入名称、参保人数、参保人数所属年报、可用电话、四级分类、国标行业中类、国标行业大类、国标行业小类、国标行业门类、官网、实缴资本、成立日期、所属区县、所属城市、所属省份、更多电话、更多邮箱、曾用名、最新年报地址、最新年报年份、核准日期、法定代表人、注册号、注册地址、注册资本、电话、登记机关、登记状态、系统匹配企业名称、纳税人识别号、纳税人资质、组织机构代码、经营范围、统一社会信用代码、网址、英文名、荣誉、营业期限、融资上市、通信地址、邮箱,家用电器产业链企查查:-、个人护理小家电、健身电器、冰箱、冰箱配件、厨房垃圾处理器、厨房小家电、取暖电器、吸油烟机、家用影视设备；消费电子产业链企查查:-、DSP、OLED显示屏、VR/AR设备、主板组件、便携音乐播放器、元器件与零部件、基础元器件、消费电子零部件、摄像头模组零部件、精密结构件、消费电子设备、个人消费电子设备、智能手机、元器件与零部件、基础元器件、消费电子零部件、集成电路、电子显示屏、OLED显示屏、消费电子设备、其他消费电子设备、车载影音、元器件与零部件、基础元器件、集成电路、摄像头模组零部件、光学镜头、图像传感器、消费电子设备、个人消费电子设备、智能手机、可穿戴电子设备、照相机、耳机、游戏设备、家庭消费电子设备、电视机、音箱、音响、其他消费电子设备、电子教育设备、VR/AR设备、车载影音、摄像机、投影仪、家庭影院、电子阅读器、元器件与零部件、基础元器件、集成电路、消费电子设备、个人消费电子设备、平板电脑；物联网产业链企查查:IT系统集成、LoRa模块、MCU、NB-IoT模块、RFID电子标签、RFID读写设备、SoC、Wifi模组、Zigbee模块、云计算服务
node-019,石油化工产业链,上游,油气资源与基础化工原料,覆盖油气资源、煤化工原料和基础化工原料供给。,石油化工,石油化工产业链企查查,113876,宽口径原始方向拆分,ID、一级分类、七级分类、三级分类、二级分类、五级分类、产业位置、产业关联性、产业链节点、企业(机构)类型、企业地址、企业简介、企业规模、八级分类、公司名称、六级分类、原文件导入名称、参保人数、参保人数所属年报、四级分类、国标行业中类、国标行业大类、国标行业小类、国标行业门类、官网、实缴资本、成立日期、所属区县、所属城市、所属省份、更多电话、更多邮箱、曾用名、最新年报年份、核准日期、法定代表人、注册号、注册资本、电话、登记机关、登记状态、系统匹配企业名称、纳税人识别号、纳税人资质、组织机构代码、经营范围、统一社会信用代码、英文名、营业期限、融资上市、通信地址、邮箱,石油化工产业链企查查:-、ABS塑料、PET纤维、PE塑料、PP塑料、PS塑料、PVC塑料、丁二烯、丁基橡胶、丁烷
node-020,石油化工产业链,中游,炼化加工与化工材料制造,覆盖炼油、烯烃芳烃、化工材料和中间体制造。,石油化工,石油化工产业链企查查,113876,宽口径原始方向拆分,ID、一级分类、七级分类、三级分类、二级分类、五级分类、产业位置、产业关联性、产业链节点、企业(机构)类型、企业地址、企业简介、企业规模、八级分类、公司名称、六级分类、原文件导入名称、参保人数、参保人数所属年报、四级分类、国标行业中类、国标行业大类、国标行业小类、国标行业门类、官网、实缴资本、成立日期、所属区县、所属城市、所属省份、更多电话、更多邮箱、曾用名、最新年报年份、核准日期、法定代表人、注册号、注册资本、电话、登记机关、登记状态、系统匹配企业名称、纳税人识别号、纳税人资质、组织机构代码、经营范围、统一社会信用代码、英文名、营业期限、融资上市、通信地址、邮箱,石油化工产业链企查查:-、ABS塑料、PET纤维、PE塑料、PP塑料、PS塑料、PVC塑料、丁二烯、丁基橡胶、丁烷
node-021,石油化工产业链,下游,化工制品与终端应用,覆盖塑料、橡胶、涂料、精细化工和下游消费/工业应用。,石油化工,石油化工产业链企查查,113876,宽口径原始方向拆分,ID、一级分类、七级分类、三级分类、二级分类、五级分类、产业位置、产业关联性、产业链节点、企业(机构)类型、企业地址、企业简介、企业规模、八级分类、公司名称、六级分类、原文件导入名称、参保人数、参保人数所属年报、四级分类、国标行业中类、国标行业大类、国标行业小类、国标行业门类、官网、实缴资本、成立日期、所属区县、所属城市、所属省份、更多电话、更多邮箱、曾用名、最新年报年份、核准日期、法定代表人、注册号、注册资本、电话、登记机关、登记状态、系统匹配企业名称、纳税人识别号、纳税人资质、组织机构代码、经营范围、统一社会信用代码、英文名、营业期限、融资上市、通信地址、邮箱,石油化工产业链企查查:-、ABS塑料、PET纤维、PE塑料、PP塑料、PS塑料、PVC塑料、丁二烯、丁基橡胶、丁烷
node-022,汽车与智能网联汽车产业链,上游,汽车材料、零部件与电子电气,覆盖轻量化材料、汽车零部件、汽车电子和关键总成。,汽车零部件、汽车电子、汽车轻量化,汽车零部件产业链企查查；汽车电子产业链企查查；汽车轻量化产业链企查查,84754,原始方向+标准链推导,ID、一级分类、七级分类、三级分类、二级分类、五级分类、产业位置、产业关联性、产业链节点、企业(机构)类型、企业地址、企业简介、企业规模、八级分类、公司名称、六级分类、原文件导入名称、参保人数、参保人数所属年报、四级分类、国标行业中类、国标行业大类、国标行业小类、国标行业门类、官网、实缴资本、成立日期、所属区县、所属城市、所属省份、更多电话、更多邮箱、曾用名、最新年报年份、核准日期、法定代表人、注册号、注册资本、电话、登记机关、登记状态、纳税人识别号、纳税人资质、组织机构代码、经营范围、统一社会信用代码、英文名、营业期限、融资上市、通信地址、邮箱,汽车零部件产业链企查查:万向节、专用汽车、乘用车、仪表板、六氟磷酸锂、制动踏板、动力转向泵、发动机电子控制系统(EECs)、客车、底盘电子控制系统；汽车电子产业链企查查:DC/DC转换器、IGBT、专用汽车、乘用车、低速报警器AVAS、发动机电子控制系统(EECs)、安全芯片、客车、整车控制器VCU、新能源汽车；汽车轻量化产业链企查查:一体化压铸、发动机盖、底盘车架、改性塑料、汽车内饰件、汽车冲压件、汽车发动机、汽车吸塑件、汽车外饰件、汽车橡胶零部件
node-023,汽车与智能网联汽车产业链,中游,整车制造与智能网联系统集成,覆盖整车制造、车载电子、智能座舱和自动驾驶系统集成。,汽车、汽车电子、自动驾驶,汽车产业链企查查；汽车电子产业链企查查；自动驾驶产业链企查查,105363,原始方向+标准链推导,ID、一级分类、七级分类、三级分类、二级分类、五级分类、产业位置、产业关联性、产业链节点、企业(机构)类型、企业地址、企业简介、企业规模、八级分类、公司名称、六级分类、原文件导入名称、参保人数、参保人数所属年报、四级分类、国标行业中类、国标行业大类、国标行业小类、国标行业门类、官网、实缴资本、成立日期、所属区县、所属城市、所属省份、更多电话、更多邮箱、曾用名、最新年报年份、核准日期、法定代表人、注册号、注册资本、电话、登记机关、登记状态、纳税人识别号、纳税人资质、组织机构代码、经营范围、统一社会信用代码、英文名、营业期限、融资上市、通信地址、邮箱,汽车产业链企查查:万向节、中型货车、二手车服务、休闲专用车、传动轴、作业型专用汽车、公交汽车客运、出租车客运、发动机电子控制系统(EECs)、密封件；汽车电子产业链企查查:DC/DC转换器、IGBT、专用汽车、乘用车、低速报警器AVAS、发动机电子控制系统(EECs)、安全芯片、客车、整车控制器VCU、新能源汽车；自动驾驶产业链企查查:-、传感器芯片、智能汽车中控、智能汽车语音交互系统、智能网联汽车云平台、毫米波雷达、汽车域控制器DCU、汽车线束、港口自动驾驶机械、激光雷达
node-024,汽车与智能网联汽车产业链,下游,出行服务、后市场与自动驾驶应用,覆盖智能出行、车联网服务、后市场和自动驾驶落地场景。,汽车、自动驾驶,汽车产业链企查查；自动驾驶产业链企查查,85773,标准链推导,ID、一级分类、七级分类、三级分类、二级分类、五级分类、产业位置、产业关联性、产业链节点、企业(机构)类型、企业地址、企业简介、企业规模、八级分类、公司名称、六级分类、原文件导入名称、参保人数、参保人数所属年报、四级分类、国标行业中类、国标行业大类、国标行业小类、国标行业门类、官网、实缴资本、成立日期、所属区县、所属城市、所属省份、更多电话、更多邮箱、曾用名、最新年报年份、核准日期、法定代表人、注册号、注册资本、电话、登记机关、登记状态、纳税人识别号、纳税人资质、组织机构代码、经营范围、统一社会信用代码、英文名、营业期限、融资上市、通信地址、邮箱,汽车产业链企查查:万向节、中型货车、二手车服务、休闲专用车、传动轴、作业型专用汽车、公交汽车客运、出租车客运、发动机电子控制系统(EECs)、密封件；自动驾驶产业链企查查:-、传感器芯片、智能汽车中控、智能汽车语音交互系统、智能网联汽车云平台、毫米波雷达、汽车域控制器DCU、汽车线束、港口自动驾驶机械、激光雷达
node-025,食品饮料产业链,上游,农产品原料与食品配料,覆盖农副产品、食品添加剂、包装材料和基础原料供给。,食品饮料,食品饮料产业链企查查,91223,宽口径原始方向拆分,ID、一级分类、七级分类、三级分类、二级分类、五级分类、产业位置、产业关联性、产业链节点、企业(机构)类型、企业地址、企业简介、企业规模、八级分类、公司名称、六级分类、原文件导入名称、参保人数、参保人数所属年报、四级分类、国标行业中类、国标行业大类、国标行业小类、国标行业门类、官网、实缴资本、成立日期、所属区县、所属城市、所属省份、更多电话、更多邮箱、曾用名、最新年报年份、核准日期、法定代表人、注册号、注册资本、电话、登记机关、登记状态、纳税人识别号、纳税人资质、组织机构代码、经营范围、统一社会信用代码、英文名、营业期限、融资上市、通信地址、邮箱,食品饮料产业链企查查:-、乳制品、供应链物流服务、农业种植、冷冻饮品、冷链物流、包装专用设备、包装制品、含乳饮料、啤酒
node-026,食品饮料产业链,中游,食品饮料加工制造,覆盖食品加工、饮料制造、质量检测和生产包装。,食品饮料,食品饮料产业链企查查,91223,宽口径原始方向拆分,ID、一级分类、七级分类、三级分类、二级分类、五级分类、产业位置、产业关联性、产业链节点、企业(机构)类型、企业地址、企业简介、企业规模、八级分类、公司名称、六级分类、原文件导入名称、参保人数、参保人数所属年报、四级分类、国标行业中类、国标行业大类、国标行业小类、国标行业门类、官网、实缴资本、成立日期、所属区县、所属城市、所属省份、更多电话、更多邮箱、曾用名、最新年报年份、核准日期、法定代表人、注册号、注册资本、电话、登记机关、登记状态、纳税人识别号、纳税人资质、组织机构代码、经营范围、统一社会信用代码、英文名、营业期限、融资上市、通信地址、邮箱,食品饮料产业链企查查:-、乳制品、供应链物流服务、农业种植、冷冻饮品、冷链物流、包装专用设备、包装制品、含乳饮料、啤酒
node-027,食品饮料产业链,下游,品牌渠道、餐饮零售与消费服务,覆盖品牌运营、商超餐饮、电商渠道和终端消费。,食品饮料,食品饮料产业链企查查,91223,宽口径原始方向拆分,ID、一级分类、七级分类、三级分类、二级分类、五级分类、产业位置、产业关联性、产业链节点、企业(机构)类型、企业地址、企业简介、企业规模、八级分类、公司名称、六级分类、原文件导入名称、参保人数、参保人数所属年报、四级分类、国标行业中类、国标行业大类、国标行业小类、国标行业门类、官网、实缴资本、成立日期、所属区县、所属城市、所属省份、更多电话、更多邮箱、曾用名、最新年报年份、核准日期、法定代表人、注册号、注册资本、电话、登记机关、登记状态、纳税人识别号、纳税人资质、组织机构代码、经营范围、统一社会信用代码、英文名、营业期限、融资上市、通信地址、邮箱,食品饮料产业链企查查:-、乳制品、供应链物流服务、农业种植、冷冻饮品、冷链物流、包装专用设备、包装制品、含乳饮料、啤酒
node-028,新一代信息基础设施产业链,上游,通信与算力硬件设备,覆盖服务器、光通信器件、网络设备和基础硬件。,服务器、光通信、网络通信,服务器；光通信；网络通讯,38554,原始方向+标准链推导,ID、一级分类、三级分类、不可用电话、二级分类、五级分类、企业规模、公司名称、公司类型、六级分类、其他电话、其他邮箱、参保人数、参保人数所属年报、可用电话、四级分类、国标行业中类、国标行业大类、国标行业门类、实缴资本、成立日期、所属区县、所属城市、所属省份、曾用名、最新年报地址、核准日期、法定代表人、注册号、注册地址、注册资本、登记状态、纳税人识别号、组织机构代码、经营范围、统一社会信用代码、网址、英文名、荣誉、营业期限、资质、通信地址、邮箱,
node-029,新一代信息基础设施产业链,中游,5G网络、数据中心与云边平台,覆盖5G网络、IDC、云计算、边缘计算和网络通讯服务。,5G通信、IDC数据中心、云计算、边缘计算、网络通信,5G产业链企查查；IDC产业链企查查；云计算产业链企查查；边缘计算；网络通讯,94516,原始方向+标准链推导,"-、010-67817300 ; 010-67817621 ; 010-67668211、010-67817421、10000万人民币、110000009884021、2001-11-01、2001-11-01 至 无固定期限、2023、2024-10-21、235、71092899-7、91110302710928997Y、China Telecom Construction Co.,Ltd.、ID、zgtjgfgw.zgtj@chinaccs.cn、ztjsgfgw@citcc.cn;ztsgfgw.@citcc.cn;ztjgfgw@citcc.cn、一级分类、七级分类、三级分类、不可用电话、中通建设股份有限公司、二级分类、五级分类、产业位置、产业关联性、产业链节点、企业(机构)类型、企业地址、企业简介、企业规模、八级分类、公司名称、公司类型、六级分类、其他土木工程建筑、其他电话、其他股份有限公司(非上市)、其他邮箱、北京市、北京市北京经济技术开发区景园北街2号内15号楼、北京市经济技术开发区景园北街2号内15号楼、原文件导入名称、参保人数、参保人数所属年报、可用电话、四级分类、国标行业中类、国标行业大类、国标行业小类、国标行业门类、土木工程建筑业、增值税一般纳税人、大兴区、存续、官方网址：https://zldatas.com、官网、实缴资本、建筑业、成立日期、所属区县、所属城市、所属省份、更多电话、更多邮箱、曾用名、最新年报地址、最新年报年份、核准日期、法定代表人、注册号、注册地址、注册资本、王睿峰、电话、登记机关、登记状态、系统匹配企业名称、纳税人识别号、纳税人资质、组织机构代码、经营范围、统一社会信用代码、网址、英文名、荣誉、营业期限、融资上市、许可项目：建设工程施工；建筑劳务分包；广播电视节目传送；建设工程勘察；建设工程设计；基础电信业务；网络文化经营；互联网信息服务；第一类增值电信业务；第二类增值电信业务；建筑智能化系统设计；住宅室内装饰装修；电气安装服务；营业性演出。（依法须经批准的项目，经相关部门批准后方可开展经营活动，具体经营项目以相关部门批准文件或许可证件为准）一般项目：工业控制计算机及系统销售；会议及展览服务；组织文化艺术交流活动；计算机系统服务；信息技术咨询服务；信息系统集成服务；信息系统运行维护服务；工程管理服务；技术服务、技术开发、技术咨询、技术交流、技术转让、技术推广；计算机软硬件及辅助设备零售；计算机软硬件及辅助设备批发；五金产品零售；五金产品批发；通讯设备销售；电线、电缆经营；机械设备销售；技术玻璃制品销售；日用玻璃制品销售；玻璃纤维及制品销售；电力设施器材销售；塑料制品销售；橡胶制品销售；机械设备租赁；货物进出口；技术进出口；进出口代理；软件开发；数据处理服务；普通机械设备安装服务；通用设备修理；专用设备修理；通讯设备修理；城市绿化管理；物业管理；园林绿化工程施工；商务代理代办服务；采购代理服务；销售代理；广告设计、代理；招投标代理服务；工程造价咨询业务；对外承包工程；消防技术服务；市政设施管理；新兴能源技术研发；太阳能发电技术服务；光伏设备及元器件销售；建筑材料销售；建筑装饰材料销售；光伏设备及元器件制造；充电桩销售；充电控制设备租赁；办公用品销售；小微型客车租赁经营服务；教学专用仪器销售；教学用模型及教具销售；文具用品批发；承接档案服务外包；其他文化艺术经纪代理；消防器材销售；汽车装饰用品销售；汽车零配件零售；人力资源服务（不含职业中介活动、劳务派遣服务）；矿山机械销售；矿山机械制造；通信设备制造；通信设备销售；机械设备研发；电子产品销售；电子（气）物理设备及其他电子设备制造；网络设备制造；网络设备销售。（除依法须经批准的项目外，凭营业执照依法自主开展经营活动）（不得从事国家和本市产业政策禁止和限制类项目的经营活动。）、资质、通信地址、邮箱",5G产业链企查查:-、SDN/NFV、VR/AR设备、光模块、光纤光缆、光通信器件、可穿戴电子设备、基站天线、射频元器件、无人机系统；IDC产业链企查查:-、CPU芯片、IDC服务、IaaS云服务、PaaS云服务、SaaS云服务、不间断电源、交换机、光模块、其他云计算服务；云计算产业链企查查:-、CPU芯片、GPU(图形处理器)、IDC服务、IaaS云服务、PaaS云服务、SaaS云服务、云存储服务、交换机、光模块
node-030,新一代信息基础设施产业链,下游,云网算服务与行业数字化支撑,覆盖云服务、算力服务、网络服务和行业数字化基础支撑。,云计算、IDC数据中心、边缘计算、5G通信,云计算产业链企查查；IDC产业链企查查；边缘计算；5G产业链企查查,74405,标准链推导,"-、010-67817300 ; 010-67817621 ; 010-67668211、010-67817421、10000万人民币、110000009884021、2001-11-01、2001-11-01 至 无固定期限、2023、2024-10-21、235、71092899-7、91110302710928997Y、China Telecom Construction Co.,Ltd.、ID、zgtjgfgw.zgtj@chinaccs.cn、ztjsgfgw@citcc.cn;ztsgfgw.@citcc.cn;ztjgfgw@citcc.cn、一级分类、七级分类、三级分类、不可用电话、中通建设股份有限公司、二级分类、五级分类、产业位置、产业关联性、产业链节点、企业(机构)类型、企业地址、企业简介、企业规模、八级分类、公司名称、公司类型、六级分类、其他土木工程建筑、其他电话、其他股份有限公司(非上市)、其他邮箱、北京市、北京市北京经济技术开发区景园北街2号内15号楼、北京市经济技术开发区景园北街2号内15号楼、原文件导入名称、参保人数、参保人数所属年报、可用电话、四级分类、国标行业中类、国标行业大类、国标行业小类、国标行业门类、土木工程建筑业、增值税一般纳税人、大兴区、存续、官方网址：https://zldatas.com、官网、实缴资本、建筑业、成立日期、所属区县、所属城市、所属省份、更多电话、更多邮箱、曾用名、最新年报地址、最新年报年份、核准日期、法定代表人、注册号、注册地址、注册资本、王睿峰、电话、登记机关、登记状态、系统匹配企业名称、纳税人识别号、纳税人资质、组织机构代码、经营范围、统一社会信用代码、网址、英文名、营业期限、融资上市、许可项目：建设工程施工；建筑劳务分包；广播电视节目传送；建设工程勘察；建设工程设计；基础电信业务；网络文化经营；互联网信息服务；第一类增值电信业务；第二类增值电信业务；建筑智能化系统设计；住宅室内装饰装修；电气安装服务；营业性演出。（依法须经批准的项目，经相关部门批准后方可开展经营活动，具体经营项目以相关部门批准文件或许可证件为准）一般项目：工业控制计算机及系统销售；会议及展览服务；组织文化艺术交流活动；计算机系统服务；信息技术咨询服务；信息系统集成服务；信息系统运行维护服务；工程管理服务；技术服务、技术开发、技术咨询、技术交流、技术转让、技术推广；计算机软硬件及辅助设备零售；计算机软硬件及辅助设备批发；五金产品零售；五金产品批发；通讯设备销售；电线、电缆经营；机械设备销售；技术玻璃制品销售；日用玻璃制品销售；玻璃纤维及制品销售；电力设施器材销售；塑料制品销售；橡胶制品销售；机械设备租赁；货物进出口；技术进出口；进出口代理；软件开发；数据处理服务；普通机械设备安装服务；通用设备修理；专用设备修理；通讯设备修理；城市绿化管理；物业管理；园林绿化工程施工；商务代理代办服务；采购代理服务；销售代理；广告设计、代理；招投标代理服务；工程造价咨询业务；对外承包工程；消防技术服务；市政设施管理；新兴能源技术研发；太阳能发电技术服务；光伏设备及元器件销售；建筑材料销售；建筑装饰材料销售；光伏设备及元器件制造；充电桩销售；充电控制设备租赁；办公用品销售；小微型客车租赁经营服务；教学专用仪器销售；教学用模型及教具销售；文具用品批发；承接档案服务外包；其他文化艺术经纪代理；消防器材销售；汽车装饰用品销售；汽车零配件零售；人力资源服务（不含职业中介活动、劳务派遣服务）；矿山机械销售；矿山机械制造；通信设备制造；通信设备销售；机械设备研发；电子产品销售；电子（气）物理设备及其他电子设备制造；网络设备制造；网络设备销售。（除依法须经批准的项目外，凭营业执照依法自主开展经营活动）（不得从事国家和本市产业政策禁止和限制类项目的经营活动。）、资质、通信地址、邮箱",云计算产业链企查查:-、CPU芯片、GPU(图形处理器)、IDC服务、IaaS云服务、PaaS云服务、SaaS云服务、云存储服务、交换机、光模块；IDC产业链企查查:-、CPU芯片、IDC服务、IaaS云服务、PaaS云服务、SaaS云服务、不间断电源、交换机、光模块、其他云计算服务；5G产业链企查查:-、SDN/NFV、VR/AR设备、光模块、光纤光缆、光通信器件、可穿戴电子设备、基站天线、射频元器件、无人机系统
node-031,绿色环保与资源循环产业链,上游,环保装备、监测与资源回收基础,覆盖环保装备、监测检测、资源回收和碳管理基础能力。,环保、资源循环利用、碳中和,环保产业链企查查；资源循环利用产业链企查查；碳中和产业链企查查,71328,标准链推导,ID、一级分类、七级分类、三级分类、二级分类、五级分类、产业位置、产业关联性、产业链节点、企业(机构)类型、企业地址、企业简介、企业规模、八级分类、公司名称、六级分类、原文件导入名称、参保人数、参保人数所属年报、四级分类、国标行业中类、国标行业大类、国标行业小类、国标行业门类、官网、实缴资本、成立日期、所属区县、所属城市、所属省份、更多电话、更多邮箱、曾用名、最新年报年份、核准日期、法定代表人、注册号、注册资本、电话、登记机关、登记状态、纳税人识别号、纳税人资质、组织机构代码、经营范围、统一社会信用代码、英文名、营业期限、融资上市、通信地址、邮箱,环保产业链企查查:-、土壤修复服务、垃圾焚烧炉、城市环境卫生管理服务、室内空气污染治理服务、工业废弃物治理服务、工业污水治理服务、废旧机械设备拆解、废旧金属回收利用、水污染监测仪器；资源循环利用产业链企查查:余热发电、再生建筑材料、再生纸、再生资源再利用、危险废弃物综合利用、厨余垃圾资源化利用、园区循环化改造、垃圾焚烧炉、工业固体废弃物综合利用装备、工业水污染综合利用；碳中和产业链企查查:-、储氢设备、光伏设备、制氢设备、动力锂电池、太阳能发电、废旧机械设备拆解、废旧金属回收利用、新能源汽车整车、林业碳汇
node-032,绿色环保与资源循环产业链,中游,污染治理与节能降碳服务,覆盖大气治理、污水处理、固废资源化、节能减排和碳中和服务。,大气治理、污水处理、环保、碳中和、资源循环利用,大气治理产业链企查查；污水处理产业链企查查；环保产业链企查查；碳中和产业链企查查；资源循环利用产业链企查查,85711,原始方向+标准链推导,ID、一级分类、七级分类、三级分类、二级分类、五级分类、产业位置、产业关联性、产业链节点、企业(机构)类型、企业地址、企业简介、企业规模、八级分类、公司名称、六级分类、原文件导入名称、参保人数、参保人数所属年报、四级分类、国标行业中类、国标行业大类、国标行业小类、国标行业门类、官网、实缴资本、成立日期、所属区县、所属城市、所属省份、更多电话、更多邮箱、曾用名、最新年报年份、核准日期、法定代表人、注册号、注册资本、电话、登记机关、登记状态、系统匹配企业名称、纳税人识别号、纳税人资质、组织机构代码、经营范围、统一社会信用代码、英文名、营业期限、融资上市、通信地址、邮箱,大气治理产业链企查查:-、VOCs废气治理服务、室内空气污染治理服务、废气净化催化剂、气体或烟雾分析仪、气体监测仪器、烟气脱硝、烟气脱硫、烟气除尘、空气净化装置；污水处理产业链企查查:-、养殖业污水处理服务、农村污水治理服务、医疗废水水处理服务、压滤机、工业污水治理服务、市政污水治理服务、水处理环保材料、水污染监测仪器、水资源循环利用；环保产业链企查查:-、土壤修复服务、垃圾焚烧炉、城市环境卫生管理服务、室内空气污染治理服务、工业废弃物治理服务、工业污水治理服务、废旧机械设备拆解、废旧金属回收利用、水污染监测仪器；碳中和产业链企查查:-、储氢设备、光伏设备、制氢设备、动力锂电池、太阳能发电、废旧机械设备拆解、废旧金属回收利用、新能源汽车整车、林业碳汇；资源循环利用产业链企查查:余热发电、再生建筑材料、再生纸、再生资源再利用、危险废弃物综合利用、厨余垃圾资源化利用、园区循环化改造、垃圾焚烧炉、工业固体废弃物综合利用装备、工业水污染综合利用
node-033,绿色环保与资源循环产业链,下游,园区、市政与企业绿色运营,覆盖城市环境治理、工业园区环保、企业绿色运营和循环经济应用。,环保、资源循环利用、碳中和,环保产业链企查查；资源循环利用产业链企查查；碳中和产业链企查查,71328,标准链推导,ID、一级分类、七级分类、三级分类、二级分类、五级分类、产业位置、产业关联性、产业链节点、企业(机构)类型、企业地址、企业简介、企业规模、八级分类、公司名称、六级分类、原文件导入名称、参保人数、参保人数所属年报、四级分类、国标行业中类、国标行业大类、国标行业小类、国标行业门类、官网、实缴资本、成立日期、所属区县、所属城市、所属省份、更多电话、更多邮箱、曾用名、最新年报年份、核准日期、法定代表人、注册号、注册资本、电话、登记机关、登记状态、纳税人识别号、纳税人资质、组织机构代码、经营范围、统一社会信用代码、英文名、营业期限、融资上市、通信地址、邮箱,环保产业链企查查:-、土壤修复服务、垃圾焚烧炉、城市环境卫生管理服务、室内空气污染治理服务、工业废弃物治理服务、工业污水治理服务、废旧机械设备拆解、废旧金属回收利用、水污染监测仪器；资源循环利用产业链企查查:余热发电、再生建筑材料、再生纸、再生资源再利用、危险废弃物综合利用、厨余垃圾资源化利用、园区循环化改造、垃圾焚烧炉、工业固体废弃物综合利用装备、工业水污染综合利用；碳中和产业链企查查:-、储氢设备、光伏设备、制氢设备、动力锂电池、太阳能发电、废旧机械设备拆解、废旧金属回收利用、新能源汽车整车、林业碳汇
node-034,新材料产业链,上游,矿物、化工与基础材料原料,覆盖基础原料、矿物材料、化工材料和关键助剂。,新材料,新材料产业链企查查,41848,宽口径原始方向拆分,ID、一级分类、七级分类、三级分类、二级分类、五级分类、产业位置、产业关联性、产业链节点、企业(机构)类型、企业地址、企业简介、企业规模、八级分类、公司名称、六级分类、原文件导入名称、参保人数、参保人数所属年报、四级分类、国标行业中类、国标行业大类、国标行业小类、国标行业门类、官网、实缴资本、成立日期、所属区县、所属城市、所属省份、更多电话、更多邮箱、曾用名、最新年报年份、核准日期、法定代表人、注册号、注册资本、电话、登记机关、登记状态、纳税人识别号、纳税人资质、组织机构代码、经营范围、统一社会信用代码、英文名、营业期限、融资上市、通信地址、邮箱,新材料产业链企查查:-、不锈钢铝合金、新型高强塑汽车钢加工、炼铁、硬质合金及制品、稀土储氢材料、稀土催化剂、稀土磁性材料、稀有稀土金属矿、稀有金属材料
node-035,新材料产业链,中游,先进材料制备与加工,覆盖先进基础材料、关键战略材料、前沿新材料制备加工。,新材料,新材料产业链企查查,41848,宽口径原始方向拆分,ID、一级分类、七级分类、三级分类、二级分类、五级分类、产业位置、产业关联性、产业链节点、企业(机构)类型、企业地址、企业简介、企业规模、八级分类、公司名称、六级分类、原文件导入名称、参保人数、参保人数所属年报、四级分类、国标行业中类、国标行业大类、国标行业小类、国标行业门类、官网、实缴资本、成立日期、所属区县、所属城市、所属省份、更多电话、更多邮箱、曾用名、最新年报年份、核准日期、法定代表人、注册号、注册资本、电话、登记机关、登记状态、纳税人识别号、纳税人资质、组织机构代码、经营范围、统一社会信用代码、英文名、营业期限、融资上市、通信地址、邮箱,新材料产业链企查查:-、不锈钢铝合金、新型高强塑汽车钢加工、炼铁、硬质合金及制品、稀土储氢材料、稀土催化剂、稀土磁性材料、稀有稀土金属矿、稀有金属材料
node-036,新材料产业链,下游,材料应用与高端制造配套,覆盖电子、汽车、装备、新能源、医疗等应用场景。,新材料,新材料产业链企查查,41848,宽口径原始方向拆分,ID、一级分类、七级分类、三级分类、二级分类、五级分类、产业位置、产业关联性、产业链节点、企业(机构)类型、企业地址、企业简介、企业规模、八级分类、公司名称、六级分类、原文件导入名称、参保人数、参保人数所属年报、四级分类、国标行业中类、国标行业大类、国标行业小类、国标行业门类、官网、实缴资本、成立日期、所属区县、所属城市、所属省份、更多电话、更多邮箱、曾用名、最新年报年份、核准日期、法定代表人、注册号、注册资本、电话、登记机关、登记状态、纳税人识别号、纳税人资质、组织机构代码、经营范围、统一社会信用代码、英文名、营业期限、融资上市、通信地址、邮箱,新材料产业链企查查:-、不锈钢铝合金、新型高强塑汽车钢加工、炼铁、硬质合金及制品、稀土储氢材料、稀土催化剂、稀土磁性材料、稀有稀土金属矿、稀有金属材料
node-037,空天装备与低空经济产业链,上游,航空航天材料、零部件与核心系统,覆盖航空航天关键材料、核心零部件、航电和动力系统。,空天装备、航空航天装备,空天装备；航空航天装备产业链企查查,40738,原始方向+标准链推导,ID、一级分类、七级分类、三级分类、不可用电话、二级分类、五级分类、产业位置、产业关联性、产业链节点、企业(机构)类型、企业地址、企业简介、企业规模、八级分类、公司名称、公司类型、六级分类、其他电话、其他邮箱、原文件导入名称、参保人数、参保人数所属年报、可用电话、四级分类、国标行业中类、国标行业大类、国标行业小类、国标行业门类、官网、实缴资本、成立日期、所属区县、所属城市、所属省份、更多电话、更多邮箱、曾用名、最新年报地址、最新年报年份、核准日期、法定代表人、注册号、注册地址、注册资本、电话、登记机关、登记状态、纳税人识别号、纳税人资质、组织机构代码、经营范围、统一社会信用代码、网址、英文名、营业期限、融资上市、资质、通信地址、邮箱,航空航天装备产业链企查查:卫星、卫星组件、商用无人机、商用飞机、太空资源开发、探空火箭、无人机反制设备、机载机电系统、消费无人机、火箭部组件
node-038,空天装备与低空经济产业链,中游,空天装备制造与低空飞行器,覆盖航空航天装备制造、无人机/eVTOL等低空飞行器。,空天装备、航空航天装备、低空经济,空天装备；航空航天装备产业链企查查；低空经济产业链企查查,42312,原始方向+标准链推导,ID、一级分类、七级分类、三级分类、不可用电话、二级分类、五级分类、产业位置、产业关联性、产业链节点、企业(机构)类型、企业地址、企业简介、企业规模、八级分类、公司名称、公司类型、六级分类、其他电话、其他邮箱、原文件导入名称、参保人数、参保人数所属年报、可用电话、四级分类、国标行业中类、国标行业大类、国标行业小类、国标行业门类、官网、实缴资本、成立日期、所属区县、所属城市、所属省份、更多电话、更多邮箱、曾用名、最新年报地址、最新年报年份、核准日期、法定代表人、注册号、注册地址、注册资本、电话、登记机关、登记状态、系统匹配企业名称、纳税人识别号、纳税人资质、组织机构代码、经营范围、统一社会信用代码、网址、英文名、营业期限、融资上市、资质、通信地址、邮箱,航空航天装备产业链企查查:卫星、卫星组件、商用无人机、商用飞机、太空资源开发、探空火箭、无人机反制设备、机载机电系统、消费无人机、火箭部组件；低空经济产业链企查查:-、低空出行、低空旅游、低空物流、农林植保、动力锂电池、安防监控无人机、摄影无人机、无人机航拍摄影、无人机表演
node-039,空天装备与低空经济产业链,下游,低空运营、空域服务与场景应用,覆盖低空物流、巡检、文旅、应急和空域运营服务。,低空经济,低空经济产业链企查查,1574,原始方向+标准链推导,ID、一级分类、七级分类、三级分类、二级分类、五级分类、产业位置、产业关联性、产业链节点、企业(机构)类型、企业地址、企业简介、企业规模、八级分类、公司名称、六级分类、原文件导入名称、参保人数、参保人数所属年报、四级分类、国标行业中类、国标行业大类、国标行业小类、国标行业门类、官网、实缴资本、成立日期、所属区县、所属城市、所属省份、更多电话、更多邮箱、曾用名、最新年报年份、核准日期、法定代表人、注册号、注册资本、电话、登记机关、登记状态、系统匹配企业名称、纳税人识别号、纳税人资质、组织机构代码、经营范围、统一社会信用代码、英文名、营业期限、融资上市、通信地址、邮箱,低空经济产业链企查查:-、低空出行、低空旅游、低空物流、农林植保、动力锂电池、安防监控无人机、摄影无人机、无人机航拍摄影、无人机表演
node-040,机器人产业链,上游,核心零部件、控制器与传感系统,覆盖减速器、伺服、控制器、传感器和机器人基础部件。,机器人综合、机器人补充清单、工业机器人、人形机器人,机器人；机器人产业链企查查；工业机器人；人形机器人,39862,标准链推导,ID、一级分类、七级分类、三级分类、不可用电话、二级分类、五级分类、产业位置、产业关联性、产业链节点、企业(机构)类型、企业地址、企业简介、企业规模、八级分类、公司、公司名称、公司类型、六级分类、其他电话、其他邮箱、原文件导入名称、参保人数、参保人数所属年报、可用电话、四级分类、国标行业中类、国标行业大类、国标行业小类、国标行业门类、官网、实缴资本、成立日期、所属区县、所属城市、所属省份、更多电话、更多邮箱、曾用名、最新年报地址、最新年报年份、核准日期、法定代表人、注册号、注册地址、注册资本、电话、登记机关、登记状态、纳税人识别号、纳税人资质、组织机构代码、经营范围、统一社会信用代码、网址、英文名、荣誉、营业期限、融资上市、资质、通信地址、邮箱,机器人产业链企查查:-、AGV、MEMS传感器、SCARA机器人、上下料机器人、人工智能芯片、人机界面、伺服电机、位移传感器、倾角传感器
node-041,机器人产业链,中游,机器人本体制造与系统集成,覆盖工业机器人、人形机器人本体和系统集成。,机器人综合、机器人补充清单、工业机器人、人形机器人,机器人；机器人产业链企查查；工业机器人；人形机器人,39862,原始方向+标准链推导,ID、一级分类、七级分类、三级分类、不可用电话、二级分类、五级分类、产业位置、产业关联性、产业链节点、企业(机构)类型、企业地址、企业简介、企业规模、八级分类、公司、公司名称、公司类型、六级分类、其他电话、其他邮箱、原文件导入名称、参保人数、参保人数所属年报、可用电话、四级分类、国标行业中类、国标行业大类、国标行业小类、国标行业门类、官网、实缴资本、成立日期、所属区县、所属城市、所属省份、更多电话、更多邮箱、曾用名、最新年报地址、最新年报年份、核准日期、法定代表人、注册号、注册地址、注册资本、电话、登记机关、登记状态、纳税人识别号、纳税人资质、组织机构代码、经营范围、统一社会信用代码、网址、英文名、荣誉、营业期限、融资上市、资质、通信地址、邮箱,机器人产业链企查查:-、AGV、MEMS传感器、SCARA机器人、上下料机器人、人工智能芯片、人机界面、伺服电机、位移传感器、倾角传感器
node-042,机器人产业链,下游,工业、服务与特种场景应用,覆盖制造、服务、巡检、教育等机器人应用场景。,机器人综合、机器人补充清单、工业机器人、人形机器人,机器人；机器人产业链企查查；工业机器人；人形机器人,39862,标准链推导,ID、一级分类、七级分类、三级分类、不可用电话、二级分类、五级分类、产业位置、产业关联性、产业链节点、企业(机构)类型、企业地址、企业简介、企业规模、八级分类、公司、公司名称、公司类型、六级分类、其他电话、其他邮箱、原文件导入名称、参保人数、参保人数所属年报、可用电话、四级分类、国标行业中类、国标行业大类、国标行业小类、国标行业门类、官网、实缴资本、成立日期、所属区县、所属城市、所属省份、更多电话、更多邮箱、曾用名、最新年报地址、最新年报年份、核准日期、法定代表人、注册号、注册地址、注册资本、电话、登记机关、登记状态、纳税人识别号、纳税人资质、组织机构代码、经营范围、统一社会信用代码、网址、英文名、荣誉、营业期限、融资上市、资质、通信地址、邮箱,机器人产业链企查查:-、AGV、MEMS传感器、SCARA机器人、上下料机器人、人工智能芯片、人机界面、伺服电机、位移传感器、倾角传感器
node-043,人工智能产业链,上游,数据、算力与模型基础,覆盖AI训练数据、算力基础、算法模型和基础平台。,人工智能,人工智能产业链企查查,22251,标准链推导,ID、一级分类、七级分类、三级分类、二级分类、五级分类、产业位置、产业关联性、产业链节点、企业(机构)类型、企业地址、企业简介、企业规模、八级分类、公司名称、六级分类、原文件导入名称、参保人数、参保人数所属年报、四级分类、国标行业中类、国标行业大类、国标行业小类、国标行业门类、官网、实缴资本、成立日期、所属区县、所属城市、所属省份、更多电话、更多邮箱、曾用名、最新年报年份、核准日期、法定代表人、注册号、注册资本、电话、登记机关、登记状态、纳税人识别号、纳税人资质、组织机构代码、经营范围、统一社会信用代码、英文名、营业期限、融资上市、通信地址、邮箱,人工智能产业链企查查:ASIC(特殊应用IC)、CPU芯片、GPU(图形处理器)、IDC服务、云计算服务、人工智能开放平台、传感器、垂直大模型、复杂可编程逻辑器件(FPGA)、数据管理
node-044,人工智能产业链,中游,智能感知、语音视觉与平台工具,覆盖智能视觉、语音识别、算法平台和AI工具链。,人工智能、智能视觉、智能语音识别,人工智能产业链企查查；智能视觉；智能语音识别,33975,原始方向+标准链推导,ID、一级分类、七级分类、三级分类、不可用电话、二级分类、五级分类、产业位置、产业关联性、产业链节点、企业(机构)类型、企业地址、企业简介、企业规模、八级分类、公司名称、公司类型、六级分类、其他电话、其他邮箱、原文件导入名称、参保人数、参保人数所属年报、可用电话、四级分类、国标行业中类、国标行业大类、国标行业小类、国标行业门类、官网、实缴资本、成立日期、所属区县、所属城市、所属省份、更多电话、更多邮箱、曾用名、最新年报地址、最新年报年份、核准日期、法定代表人、注册号、注册地址、注册资本、电话、登记机关、登记状态、纳税人识别号、纳税人资质、组织机构代码、经营范围、统一社会信用代码、网址、英文名、营业期限、融资上市、资质、通信地址、邮箱,人工智能产业链企查查:ASIC(特殊应用IC)、CPU芯片、GPU(图形处理器)、IDC服务、云计算服务、人工智能开放平台、传感器、垂直大模型、复杂可编程逻辑器件(FPGA)、数据管理
node-045,人工智能产业链,下游,行业智能化应用与AI服务,覆盖工业、教育、医疗、政务等AI应用和服务。,人工智能、智能视觉、智能语音识别,人工智能产业链企查查；智能视觉；智能语音识别,33975,标准链推导,ID、一级分类、七级分类、三级分类、不可用电话、二级分类、五级分类、产业位置、产业关联性、产业链节点、企业(机构)类型、企业地址、企业简介、企业规模、八级分类、公司名称、公司类型、六级分类、其他电话、其他邮箱、原文件导入名称、参保人数、参保人数所属年报、可用电话、四级分类、国标行业中类、国标行业大类、国标行业小类、国标行业门类、官网、实缴资本、成立日期、所属区县、所属城市、所属省份、更多电话、更多邮箱、曾用名、最新年报地址、最新年报年份、核准日期、法定代表人、注册号、注册地址、注册资本、电话、登记机关、登记状态、纳税人识别号、纳税人资质、组织机构代码、经营范围、统一社会信用代码、网址、英文名、营业期限、融资上市、资质、通信地址、邮箱,人工智能产业链企查查:ASIC(特殊应用IC)、CPU芯片、GPU(图形处理器)、IDC服务、云计算服务、人工智能开放平台、传感器、垂直大模型、复杂可编程逻辑器件(FPGA)、数据管理
node-046,半导体与集成电路产业链,上游,半导体材料与制造设备,覆盖硅材料、光刻胶、靶材、设备和工艺装备。,半导体材料、半导体设备,半导体材料产业链企查查；半导体设备产业链企查查,2338,原始方向+标准链推导,ID、一级分类、七级分类、三级分类、二级分类、五级分类、产业关联性、产业链节点、企业(机构)类型、企业地址、企业简介、企业规模、八级分类、公司名称、六级分类、原文件导入名称、参保人数、参保人数所属年报、四级分类、国标行业中类、国标行业大类、国标行业小类、国标行业门类、官网、实缴资本、成立日期、所属区县、所属城市、所属省份、更多电话、更多邮箱、曾用名、最新年报年份、核准日期、法定代表人、注册号、注册资本、电话、登记机关、登记状态、系统匹配企业名称、纳税人识别号、纳税人资质、组织机构代码、经营范围、统一社会信用代码、英文名、营业期限、融资上市、通信地址、邮箱,半导体材料产业链企查查:MO源、光刻掩膜版、光刻胶、光刻胶专用化学品、其他半导体制造材料、其他半导体基体材料、化学机械抛光液、半导体切割材料、半导体测试探针、半导体硅材料；半导体设备产业链企查查:CMP设备、IC切筋成型机、LED固晶机、光刻机、其他半导体制造设备、其他半导体封测设备、其他半导体材料生产设备、刻蚀设备、半导体塑封机、半导体尾气处理设备
node-047,半导体与集成电路产业链,中游,芯片设计、制造、封测与集成电路,覆盖芯片设计、晶圆制造、封装测试和集成电路产品。,半导体、集成电路,半导体产业链企查查；集成电路产业链企查查,32009,原始方向+标准链推导,ID、一级分类、七级分类、三级分类、二级分类、五级分类、产业位置、产业关联性、产业链节点、企业(机构)类型、企业地址、企业简介、企业规模、八级分类、公司名称、六级分类、原文件导入名称、参保人数、参保人数所属年报、四级分类、国标行业中类、国标行业大类、国标行业小类、国标行业门类、官网、实缴资本、成立日期、所属区县、所属城市、所属省份、更多电话、更多邮箱、曾用名、最新年报年份、核准日期、法定代表人、注册号、注册资本、电话、登记机关、登记状态、系统匹配企业名称、纳税人识别号、纳税人资质、组织机构代码、经营范围、统一社会信用代码、英文名、营业期限、融资上市、通信地址、邮箱,半导体产业链企查查:-、CMP抛光材料、CMP设备、EDA软件、传感器、光刻掩膜版、光刻机、光刻胶、光通信器件、刻蚀设备；集成电路产业链企查查:-、CMP设备、EDA软件(电子设计自动化)、IC切筋成型机、光刻掩膜版、光刻机、光刻胶、光刻胶专用化学品、刻蚀设备、化学机械抛光液
node-048,半导体与集成电路产业链,下游,电子终端、汽车与工业芯片应用,覆盖消费电子、汽车电子、工业控制和通信终端应用。,半导体、集成电路,半导体产业链企查查；集成电路产业链企查查,32009,标准链推导,ID、一级分类、七级分类、三级分类、二级分类、五级分类、产业位置、产业关联性、产业链节点、企业(机构)类型、企业地址、企业简介、企业规模、八级分类、公司名称、六级分类、原文件导入名称、参保人数、参保人数所属年报、四级分类、国标行业中类、国标行业大类、国标行业小类、国标行业门类、官网、实缴资本、成立日期、所属区县、所属城市、所属省份、更多电话、更多邮箱、曾用名、最新年报年份、核准日期、法定代表人、注册号、注册资本、电话、登记机关、登记状态、系统匹配企业名称、纳税人识别号、纳税人资质、组织机构代码、经营范围、统一社会信用代码、英文名、营业期限、融资上市、通信地址、邮箱,半导体产业链企查查:-、CMP抛光材料、CMP设备、EDA软件、传感器、光刻掩膜版、光刻机、光刻胶、光通信器件、刻蚀设备；集成电路产业链企查查:-、CMP设备、EDA软件(电子设计自动化)、IC切筋成型机、光刻掩膜版、光刻机、光刻胶、光刻胶专用化学品、刻蚀设备、化学机械抛光液
node-049,纺织产业链,上游,纤维原料与纺织材料,覆盖天然纤维、化学纤维、纺织原料和助剂。,纺织,纺织产业链企查查,24699,宽口径原始方向拆分,ID、一级分类、七级分类、三级分类、二级分类、五级分类、产业位置、产业关联性、产业链节点、企业(机构)类型、企业地址、企业简介、企业规模、八级分类、公司名称、六级分类、原文件导入名称、参保人数、参保人数所属年报、四级分类、国标行业中类、国标行业大类、国标行业小类、国标行业门类、官网、实缴资本、成立日期、所属区县、所属城市、所属省份、更多电话、更多邮箱、曾用名、最新年报年份、核准日期、法定代表人、注册号、注册资本、电话、登记机关、登记状态、纳税人识别号、纳税人资质、组织机构代码、经营范围、统一社会信用代码、英文名、营业期限、融资上市、通信地址、邮箱,纺织产业链企查查:丝类纺织织物、丝线、丝绸面料、其他家纺品、化纤机械、化纤纺织织物、化纤面料、印染机械、合成纤维纱线、床上用品
node-050,纺织产业链,中游,纺纱织造、印染与面料制造,覆盖纺纱、织造、印染、面料和服装制造。,纺织,纺织产业链企查查,24699,宽口径原始方向拆分,ID、一级分类、七级分类、三级分类、二级分类、五级分类、产业位置、产业关联性、产业链节点、企业(机构)类型、企业地址、企业简介、企业规模、八级分类、公司名称、六级分类、原文件导入名称、参保人数、参保人数所属年报、四级分类、国标行业中类、国标行业大类、国标行业小类、国标行业门类、官网、实缴资本、成立日期、所属区县、所属城市、所属省份、更多电话、更多邮箱、曾用名、最新年报年份、核准日期、法定代表人、注册号、注册资本、电话、登记机关、登记状态、纳税人识别号、纳税人资质、组织机构代码、经营范围、统一社会信用代码、英文名、营业期限、融资上市、通信地址、邮箱,纺织产业链企查查:丝类纺织织物、丝线、丝绸面料、其他家纺品、化纤机械、化纤纺织织物、化纤面料、印染机械、合成纤维纱线、床上用品
node-051,纺织产业链,下游,服装家纺、品牌渠道与终端消费,覆盖服装家纺、产业用纺织品、品牌渠道和消费市场。,纺织,纺织产业链企查查,24699,宽口径原始方向拆分,ID、一级分类、七级分类、三级分类、二级分类、五级分类、产业位置、产业关联性、产业链节点、企业(机构)类型、企业地址、企业简介、企业规模、八级分类、公司名称、六级分类、原文件导入名称、参保人数、参保人数所属年报、四级分类、国标行业中类、国标行业大类、国标行业小类、国标行业门类、官网、实缴资本、成立日期、所属区县、所属城市、所属省份、更多电话、更多邮箱、曾用名、最新年报年份、核准日期、法定代表人、注册号、注册资本、电话、登记机关、登记状态、纳税人识别号、纳税人资质、组织机构代码、经营范围、统一社会信用代码、英文名、营业期限、融资上市、通信地址、邮箱,纺织产业链企查查:丝类纺织织物、丝线、丝绸面料、其他家纺品、化纤机械、化纤纺织织物、化纤面料、印染机械、合成纤维纱线、床上用品
node-052,新型显示与虚拟现实产业链,上游,显示材料、光学器件与核心部件,覆盖显示材料、面板核心部件、光学器件和VR关键部件。,新型显示、显示屏、虚拟现实VR,新型显示；显示屏产业链企查查；虚拟现实VR,23556,标准链推导,ID、一级分类、七级分类、三级分类、不可用电话、二级分类、五级分类、产业位置、产业关联性、产业链节点、企业(机构)类型、企业地址、企业简介、企业规模、八级分类、公司名称、公司类型、六级分类、其他电话、其他邮箱、原文件导入名称、参保人数、参保人数所属年报、可用电话、四级分类、国标行业中类、国标行业大类、国标行业小类、国标行业门类、官网、实缴资本、成立日期、所属区县、所属城市、所属省份、更多电话、更多邮箱、曾用名、最新年报地址、最新年报年份、核准日期、法定代表人、注册号、注册地址、注册资本、电话、登记机关、登记状态、系统匹配企业名称、纳税人识别号、纳税人资质、组织机构代码、经营范围、统一社会信用代码、网址、英文名、荣誉、营业期限、融资上市、资质、通信地址、邮箱,显示屏产业链企查查:LCD驱动芯片、LED外延片、LED显示器、LED显示屏、LED模组、LED芯片、LED衬底、MO源、Micro LED显示屏、Micro LED显示面板
node-053,新型显示与虚拟现实产业链,中游,显示面板、终端与VR设备制造,覆盖新型显示面板、显示屏、VR/AR终端和整机制造。,新型显示、显示屏、虚拟现实VR,新型显示；显示屏产业链企查查；虚拟现实VR,23556,原始方向+标准链推导,ID、一级分类、七级分类、三级分类、不可用电话、二级分类、五级分类、产业位置、产业关联性、产业链节点、企业(机构)类型、企业地址、企业简介、企业规模、八级分类、公司名称、公司类型、六级分类、其他电话、其他邮箱、原文件导入名称、参保人数、参保人数所属年报、可用电话、四级分类、国标行业中类、国标行业大类、国标行业小类、国标行业门类、官网、实缴资本、成立日期、所属区县、所属城市、所属省份、更多电话、更多邮箱、曾用名、最新年报地址、最新年报年份、核准日期、法定代表人、注册号、注册地址、注册资本、电话、登记机关、登记状态、系统匹配企业名称、纳税人识别号、纳税人资质、组织机构代码、经营范围、统一社会信用代码、网址、英文名、荣誉、营业期限、融资上市、资质、通信地址、邮箱,显示屏产业链企查查:LCD驱动芯片、LED外延片、LED显示器、LED显示屏、LED模组、LED芯片、LED衬底、MO源、Micro LED显示屏、Micro LED显示面板
node-054,新型显示与虚拟现实产业链,下游,沉浸式内容、行业应用与消费场景,覆盖VR内容、教育文旅、工业仿真、消费娱乐和显示应用。,虚拟现实VR、显示屏,虚拟现实VR；显示屏产业链企查查,22382,标准链推导,ID、一级分类、七级分类、三级分类、不可用电话、二级分类、五级分类、产业位置、产业关联性、产业链节点、企业(机构)类型、企业地址、企业简介、企业规模、八级分类、公司名称、公司类型、六级分类、其他电话、其他邮箱、原文件导入名称、参保人数、参保人数所属年报、可用电话、四级分类、国标行业中类、国标行业大类、国标行业小类、国标行业门类、官网、实缴资本、成立日期、所属区县、所属城市、所属省份、更多电话、更多邮箱、曾用名、最新年报地址、最新年报年份、核准日期、法定代表人、注册号、注册地址、注册资本、电话、登记机关、登记状态、系统匹配企业名称、纳税人识别号、纳税人资质、组织机构代码、经营范围、统一社会信用代码、网址、英文名、营业期限、融资上市、资质、通信地址、邮箱,显示屏产业链企查查:LCD驱动芯片、LED外延片、LED显示器、LED显示屏、LED模组、LED芯片、LED衬底、MO源、Micro LED显示屏、Micro LED显示面板
node-055,软件与数字安全产业链,上游,基础软件、密码与可信技术,覆盖操作系统、数据库、中间件、密码、区块链底层技术。,国产软件、区块链、网络安全,国产软件产业链企查查；区块链；网络安全产业链企查查,14606,标准链推导,ID、一级分类、七级分类、三级分类、不可用电话、二级分类、五级分类、产业位置、产业关联性、产业链节点、企业(机构)类型、企业地址、企业简介、企业规模、八级分类、公司名称、公司类型、六级分类、其他电话、其他邮箱、原文件导入名称、参保人数、参保人数所属年报、可用电话、四级分类、国标行业中类、国标行业大类、国标行业小类、国标行业门类、官网、实缴资本、成立日期、所属区县、所属城市、所属省份、更多电话、更多邮箱、曾用名、最新年报地址、最新年报年份、核准日期、法定代表人、注册号、注册地址、注册资本、电话、登记机关、登记状态、系统匹配企业名称、纳税人识别号、纳税人资质、组织机构代码、经营范围、统一社会信用代码、网址、英文名、荣誉、营业期限、融资上市、通信地址、邮箱,国产软件产业链企查查:BIOS固件、BMC固件、CRM、ERP、OA软件、SAP、人力资源管理软件、关系型数据库、制造执行系统(MES)、制造运营系统(MOM)；网络安全产业链企查查:VPN安全、上网行为管理及流控、主机安全、云安全服务、云抗DDoS、内容安全、办公设施安全、域名安全、威胁检测与捕获、安全事件管理
node-056,软件与数字安全产业链,中游,应用软件、区块链平台与安全产品,覆盖国产软件产品、区块链平台、网络安全产品和服务。,国产软件、区块链、网络安全,国产软件产业链企查查；区块链；网络安全产业链企查查,14606,原始方向+标准链推导,ID、一级分类、七级分类、三级分类、不可用电话、二级分类、五级分类、产业位置、产业关联性、产业链节点、企业(机构)类型、企业地址、企业简介、企业规模、八级分类、公司名称、公司类型、六级分类、其他电话、其他邮箱、原文件导入名称、参保人数、参保人数所属年报、可用电话、四级分类、国标行业中类、国标行业大类、国标行业小类、国标行业门类、官网、实缴资本、成立日期、所属区县、所属城市、所属省份、更多电话、更多邮箱、曾用名、最新年报地址、最新年报年份、核准日期、法定代表人、注册号、注册地址、注册资本、电话、登记机关、登记状态、系统匹配企业名称、纳税人识别号、纳税人资质、组织机构代码、经营范围、统一社会信用代码、网址、英文名、荣誉、营业期限、融资上市、通信地址、邮箱,国产软件产业链企查查:BIOS固件、BMC固件、CRM、ERP、OA软件、SAP、人力资源管理软件、关系型数据库、制造执行系统(MES)、制造运营系统(MOM)；网络安全产业链企查查:VPN安全、上网行为管理及流控、主机安全、云安全服务、云抗DDoS、内容安全、办公设施安全、域名安全、威胁检测与捕获、安全事件管理
node-057,软件与数字安全产业链,下游,政企数字化、可信流通与安全运营,覆盖政企软件应用、数据可信流通、安全运营和合规服务。,国产软件、区块链、网络安全,国产软件产业链企查查；区块链；网络安全产业链企查查,14606,标准链推导,ID、一级分类、七级分类、三级分类、不可用电话、二级分类、五级分类、产业位置、产业关联性、产业链节点、企业(机构)类型、企业地址、企业简介、企业规模、八级分类、公司名称、公司类型、六级分类、其他电话、其他邮箱、原文件导入名称、参保人数、参保人数所属年报、可用电话、四级分类、国标行业中类、国标行业大类、国标行业小类、国标行业门类、官网、实缴资本、成立日期、所属区县、所属城市、所属省份、更多电话、更多邮箱、曾用名、最新年报地址、最新年报年份、核准日期、法定代表人、注册号、注册地址、注册资本、电话、登记机关、登记状态、系统匹配企业名称、纳税人识别号、纳税人资质、组织机构代码、经营范围、统一社会信用代码、网址、英文名、荣誉、营业期限、融资上市、通信地址、邮箱,国产软件产业链企查查:BIOS固件、BMC固件、CRM、ERP、OA软件、SAP、人力资源管理软件、关系型数据库、制造执行系统(MES)、制造运营系统(MOM)；网络安全产业链企查查:VPN安全、上网行为管理及流控、主机安全、云安全服务、云抗DDoS、内容安全、办公设施安全、域名安全、威胁检测与捕获、安全事件管理
