OK	346052	/Users/liuhongzhe/Desktop/学堂/专业建设/Codex工程/专业教学标准_2025/职业本科/财经商贸大类/工商管理类/330602_市场营销.pdf
OK	362498	/Users/liuhongzhe/Desktop/学堂/专业建设/Codex工程/专业教学标准_2025/职业本科/财经商贸大类/物流类/330802_现代物流管理.pdf
OK	365471	/Users/liuhongzhe/Desktop/学堂/专业建设/Codex工程/专业教学标准_2025/职业本科/电子与信息大类/计算机类/310202_网络工程技术.pdf
OK	356602	/Users/liuhongzhe/Desktop/学堂/专业建设/Codex工程/专业教学标准_2025/职业本科/电子与信息大类/计算机类/310201_计算机应用工程.pdf
OK	352753	/Users/liuhongzhe/Desktop/学堂/专业建设/Codex工程/专业教学标准_2025/职业本科/财经商贸大类/财务会计类/330302_大数据与会计.pdf
OK	350250	/Users/liuhongzhe/Desktop/学堂/专业建设/Codex工程/专业教学标准_2025/职业本科/财经商贸大类/电子商务类/330701_电子商务.pdf
OK	370834	/Users/liuhongzhe/Desktop/学堂/专业建设/Codex工程/专业教学标准_2025/职业本科/电子与信息大类/计算机类/310203_软件工程技术.pdf
OK	374365	/Users/liuhongzhe/Desktop/学堂/专业建设/Codex工程/专业教学标准_2025/职业本科/电子与信息大类/电子信息类/310102_物联网工程技术.pdf
OK	341107	/Users/liuhongzhe/Desktop/学堂/专业建设/Codex工程/专业教学标准_2025/职业本科/财经商贸大类/金融类/330201_金融管理.pdf
OK	352930	/Users/liuhongzhe/Desktop/学堂/专业建设/Codex工程/专业教学标准_2025/职业本科/财经商贸大类/经济贸易类/330501_国际经济与贸易.pdf
OK	349885	/Users/liuhongzhe/Desktop/学堂/专业建设/Codex工程/专业教学标准_2025/职业本科/电子与信息大类/计算机类/310204_数字媒体技术.pdf
OK	371086	/Users/liuhongzhe/Desktop/学堂/专业建设/Codex工程/专业教学标准_2025/职业本科/财经商贸大类/财务会计类/330301_大数据与财务管理.pdf
OK	358560	/Users/liuhongzhe/Desktop/学堂/专业建设/Codex工程/专业教学标准_2025/职业本科/教育与体育大类/体育类/370301_社会体育指导与管理.pdf
OK	358979	/Users/liuhongzhe/Desktop/学堂/专业建设/Codex工程/专业教学标准_2025/职业本科/电子与信息大类/计算机类/310205_大数据工程技术.pdf
OK	361927	/Users/liuhongzhe/Desktop/学堂/专业建设/Codex工程/专业教学标准_2025/职业本科/电子与信息大类/通信类/310301_现代通信工程.pdf
OK	347516	/Users/liuhongzhe/Desktop/学堂/专业建设/Codex工程/专业教学标准_2025/职业本科/交通运输大类/城市轨道交通类/300601_城市轨道交通信号与控制技术.pdf
OK	336898	/Users/liuhongzhe/Desktop/学堂/专业建设/Codex工程/专业教学标准_2025/职业本科/农林牧渔大类/农业类/210103_智慧农业技术.pdf
OK	354103	/Users/liuhongzhe/Desktop/学堂/专业建设/Codex工程/专业教学标准_2025/职业本科/教育与体育大类/教育类/370101_学前教育.pdf
OK	365841	/Users/liuhongzhe/Desktop/学堂/专业建设/Codex工程/专业教学标准_2025/职业本科/电子与信息大类/计算机类/310207_信息安全与管理.pdf
OK	345928	/Users/liuhongzhe/Desktop/学堂/专业建设/Codex工程/专业教学标准_2025/职业本科/交通运输大类/道路运输类/300203_汽车服务工程技术.pdf
OK	389463	/Users/liuhongzhe/Desktop/学堂/专业建设/Codex工程/专业教学标准_2025/职业本科/电子与信息大类/电子信息类/310101_电子信息工程技术.pdf
OK	338434	/Users/liuhongzhe/Desktop/学堂/专业建设/Codex工程/专业教学标准_2025/职业本科/电子与信息大类/计算机类/310212_区块链技术.pdf
OK	344841	/Users/liuhongzhe/Desktop/学堂/专业建设/Codex工程/专业教学标准_2025/职业本科/旅游大类/旅游类/340101_旅游管理.pdf
OK	347558	/Users/liuhongzhe/Desktop/学堂/专业建设/Codex工程/专业教学标准_2025/职业本科/土木建筑大类/建设工程管理类/240502_建设工程管理.pdf
OK	340250	/Users/liuhongzhe/Desktop/学堂/专业建设/Codex工程/专业教学标准_2025/职业本科/土木建筑大类/土建施工类/240301_建筑工程.pdf
OK	343009	/Users/liuhongzhe/Desktop/学堂/专业建设/Codex工程/专业教学标准_2025/职业本科/文化艺术大类/表演艺术类/350201_音乐表演.pdf
OK	382975	/Users/liuhongzhe/Desktop/学堂/专业建设/Codex工程/专业教学标准_2025/职业本科/农林牧渔大类/畜牧业类/210304_现代畜牧.pdf
OK	357562	/Users/liuhongzhe/Desktop/学堂/专业建设/Codex工程/专业教学标准_2025/职业本科/旅游大类/旅游类/340102_酒店管理.pdf
OK	355312	/Users/liuhongzhe/Desktop/学堂/专业建设/Codex工程/专业教学标准_2025/职业本科/教育与体育大类/语言类/370201_应用英语.pdf
OK	365697	/Users/liuhongzhe/Desktop/学堂/专业建设/Codex工程/专业教学标准_2025/职业本科/农林牧渔大类/农业类/210104_设施园艺.pdf
OK	343670	/Users/liuhongzhe/Desktop/学堂/专业建设/Codex工程/专业教学标准_2025/职业本科/文化艺术大类/艺术设计类/350103_数字媒体艺术.pdf
OK	347822	/Users/liuhongzhe/Desktop/学堂/专业建设/Codex工程/专业教学标准_2025/职业本科/土木建筑大类/建设工程管理类/240501_工程造价.pdf
OK	360493	/Users/liuhongzhe/Desktop/学堂/专业建设/Codex工程/专业教学标准_2025/职业本科/文化艺术大类/艺术设计类/350106_环境艺术设计.pdf
OK	366442	/Users/liuhongzhe/Desktop/学堂/专业建设/Codex工程/专业教学标准_2025/职业本科/文化艺术大类/艺术设计类/350101_工艺美术.pdf
OK	348475	/Users/liuhongzhe/Desktop/学堂/专业建设/Codex工程/专业教学标准_2025/职业本科/新闻传播大类/广播影视类/360201_播音与主持.pdf
OK	378392	/Users/liuhongzhe/Desktop/学堂/专业建设/Codex工程/专业教学标准_2025/职业本科/农林牧渔大类/畜牧业类/210301_动物医学.pdf
OK	348486	/Users/liuhongzhe/Desktop/学堂/专业建设/Codex工程/专业教学标准_2025/职业本科/文化艺术大类/艺术设计类/350102_视觉传达设计.pdf
OK	366573	/Users/liuhongzhe/Desktop/学堂/专业建设/Codex工程/专业教学标准_2025/职业本科/新闻传播大类/广播影视类/360204_影视编导.pdf
OK	364877	/Users/liuhongzhe/Desktop/学堂/专业建设/Codex工程/专业教学标准_2025/职业本科/医药卫生大类/护理类/320201_护理.pdf
OK	374007	/Users/liuhongzhe/Desktop/学堂/专业建设/Codex工程/专业教学标准_2025/职业本科/医药卫生大类/药学类/320301_药学.pdf
OK	352327	/Users/liuhongzhe/Desktop/学堂/专业建设/Codex工程/专业教学标准_2025/职业本科/新闻传播大类/广播影视类/360202_影视摄影与制作.pdf
OK	358929	/Users/liuhongzhe/Desktop/学堂/专业建设/Codex工程/专业教学标准_2025/职业本科/新闻传播大类/广播影视类/360206_数字动画.pdf
OK	357972	/Users/liuhongzhe/Desktop/学堂/专业建设/Codex工程/专业教学标准_2025/职业本科/装备制造大类/航空装备类/260601_航空智能制造技术.pdf
OK	354763	/Users/liuhongzhe/Desktop/学堂/专业建设/Codex工程/专业教学标准_2025/职业本科/文化艺术大类/艺术设计类/350105_服装与服饰设计.pdf
OK	338614	/Users/liuhongzhe/Desktop/学堂/专业建设/Codex工程/专业教学标准_2025/职业本科/新闻传播大类/新闻出版类/360101_网络与新媒体.pdf
OK	356405	/Users/liuhongzhe/Desktop/学堂/专业建设/Codex工程/专业教学标准_2025/职业本科/装备制造大类/航空装备类/260604_无人机系统应用技术.pdf
OK	355044	/Users/liuhongzhe/Desktop/学堂/专业建设/Codex工程/专业教学标准_2025/职业本科/装备制造大类/机械设计制造类/260104_工业设计.pdf
OK	357190	/Users/liuhongzhe/Desktop/学堂/专业建设/Codex工程/专业教学标准_2025/职业本科/医药卫生大类/中医药类/320401_中药制药.pdf
OK	364618	/Users/liuhongzhe/Desktop/学堂/专业建设/Codex工程/专业教学标准_2025/职业本科/装备制造大类/机械设计制造类/260101_机械设计制造及自动化.pdf
OK	340476	/Users/liuhongzhe/Desktop/学堂/专业建设/Codex工程/专业教学标准_2025/职业本科/装备制造大类/机电设备类/260203_电梯工程技术.pdf
OK	373337	/Users/liuhongzhe/Desktop/学堂/专业建设/Codex工程/专业教学标准_2025/职业本科/医药卫生大类/康复治疗类/320601_康复治疗.pdf
curl: (22) The requested URL returned error: 522
OK	357568	/Users/liuhongzhe/Desktop/学堂/专业建设/Codex工程/专业教学标准_2025/职业本科/装备制造大类/航空装备类/260602_飞行器维修工程技术.pdf
OK	351322	/Users/liuhongzhe/Desktop/学堂/专业建设/Codex工程/专业教学标准_2025/职业本科/装备制造大类/自动化类/260304_机器人技术.pdf
OK	373578	/Users/liuhongzhe/Desktop/学堂/专业建设/Codex工程/专业教学标准_2025/职业本科/装备制造大类/自动化类/260302_电气工程及自动化.pdf
OK	355977	/Users/liuhongzhe/Desktop/学堂/专业建设/Codex工程/专业教学标准_2025/职业本科/装备制造大类/机械设计制造类/260106_材料成型及控制工程.pdf
OK	359521	/Users/liuhongzhe/Desktop/学堂/专业建设/Codex工程/专业教学标准_2025/职业本科/生物与化工大类/化工技术类/270201_应用化工技术.pdf
OK	354428	/Users/liuhongzhe/Desktop/学堂/专业建设/Codex工程/专业教学标准_2025/职业本科/装备制造大类/汽车制造类/260701_汽车工程技术.pdf
OK	346669	/Users/liuhongzhe/Desktop/学堂/专业建设/Codex工程/专业教学标准_2025/职业本科/文化艺术大类/表演艺术类/350202_舞蹈表演与编导.pdf
OK	365378	/Users/liuhongzhe/Desktop/学堂/专业建设/Codex工程/专业教学标准_2025/职业本科/装备制造大类/机械设计制造类/260102_智能制造工程技术.pdf
OK	336825	/Users/liuhongzhe/Desktop/学堂/专业建设/Codex工程/专业教学标准_2025/高职专科/财经商贸大类/财务会计类/530301_大数据与财务管理.pdf
OK	335296	/Users/liuhongzhe/Desktop/学堂/专业建设/Codex工程/专业教学标准_2025/职业本科/装备制造大类/自动化类/260301_机械电子工程技术.pdf
OK	356982	/Users/liuhongzhe/Desktop/学堂/专业建设/Codex工程/专业教学标准_2025/高职专科/财经商贸大类/财务会计类/530302_大数据与会计.pdf
OK	349805	/Users/liuhongzhe/Desktop/学堂/专业建设/Codex工程/专业教学标准_2025/职业本科/装备制造大类/自动化类/260305_自动化技术与应用.pdf
OK	355844	/Users/liuhongzhe/Desktop/学堂/专业建设/Codex工程/专业教学标准_2025/职业本科/装备制造大类/汽车制造类/260702_新能源汽车工程技术.pdf
OK	339442	/Users/liuhongzhe/Desktop/学堂/专业建设/Codex工程/专业教学标准_2025/高职专科/财经商贸大类/财务会计类/530304_会计信息管理.pdf
OK	358183	/Users/liuhongzhe/Desktop/学堂/专业建设/Codex工程/专业教学标准_2025/高职专科/财经商贸大类/电子商务类/530701_电子商务.pdf
OK	328997	/Users/liuhongzhe/Desktop/学堂/专业建设/Codex工程/专业教学标准_2025/高职专科/财经商贸大类/工商管理类/530601_工商企业管理.pdf
OK	344651	/Users/liuhongzhe/Desktop/学堂/专业建设/Codex工程/专业教学标准_2025/高职专科/财经商贸大类/电子商务类/530706_商务数据分析与应用.pdf
OK	358329	/Users/liuhongzhe/Desktop/学堂/专业建设/Codex工程/专业教学标准_2025/高职专科/财经商贸大类/电子商务类/530705_农村电子商务.pdf
OK	332483	/Users/liuhongzhe/Desktop/学堂/专业建设/Codex工程/专业教学标准_2025/高职专科/财经商贸大类/财务会计类/530303_大数据与审计.pdf
OK	348857	/Users/liuhongzhe/Desktop/学堂/专业建设/Codex工程/专业教学标准_2025/高职专科/财经商贸大类/工商管理类/530604_中小企业创业与经营.pdf
OK	395368	/Users/liuhongzhe/Desktop/学堂/专业建设/Codex工程/专业教学标准_2025/高职专科/财经商贸大类/财政税务类/530101_财税大数据应用.pdf
OK	322880	/Users/liuhongzhe/Desktop/学堂/专业建设/Codex工程/专业教学标准_2025/高职专科/财经商贸大类/工商管理类/530603_商务管理.pdf
OK	362009	/Users/liuhongzhe/Desktop/学堂/专业建设/Codex工程/专业教学标准_2025/职业本科/土木建筑大类/建筑设计类/240101_建筑设计.pdf
OK	345810	/Users/liuhongzhe/Desktop/学堂/专业建设/Codex工程/专业教学标准_2025/高职专科/财经商贸大类/电子商务类/530702_跨境电子商务.pdf
OK	341795	/Users/liuhongzhe/Desktop/学堂/专业建设/Codex工程/专业教学标准_2025/高职专科/财经商贸大类/工商管理类/530602_连锁经营与管理.pdf
OK	338068	/Users/liuhongzhe/Desktop/学堂/专业建设/Codex工程/专业教学标准_2025/高职专科/财经商贸大类/金融类/530202_金融科技应用.pdf
OK	343905	/Users/liuhongzhe/Desktop/学堂/专业建设/Codex工程/专业教学标准_2025/高职专科/财经商贸大类/电子商务类/530704_网络营销与直播电商.pdf
OK	368411	/Users/liuhongzhe/Desktop/学堂/专业建设/Codex工程/专业教学标准_2025/高职专科/财经商贸大类/经济贸易类/530502_国际商务.pdf
OK	358164	/Users/liuhongzhe/Desktop/学堂/专业建设/Codex工程/专业教学标准_2025/高职专科/财经商贸大类/金融类/530201_金融服务与管理.pdf
OK	311292	/Users/liuhongzhe/Desktop/学堂/专业建设/Codex工程/专业教学标准_2025/高职专科/财经商贸大类/金融类/530206_证券实务.pdf
OK	345138	/Users/liuhongzhe/Desktop/学堂/专业建设/Codex工程/专业教学标准_2025/高职专科/财经商贸大类/工商管理类/530605_市场营销.pdf
OK	339968	/Users/liuhongzhe/Desktop/学堂/专业建设/Codex工程/专业教学标准_2025/高职专科/财经商贸大类/电子商务类/530703_移动商务.pdf
OK	335815	/Users/liuhongzhe/Desktop/学堂/专业建设/Codex工程/专业教学标准_2025/高职专科/财经商贸大类/金融类/530205_财富管理.pdf
OK	346915	/Users/liuhongzhe/Desktop/学堂/专业建设/Codex工程/专业教学标准_2025/高职专科/财经商贸大类/经济贸易类/530501_国际经济与贸易.pdf
OK	340944	/Users/liuhongzhe/Desktop/学堂/专业建设/Codex工程/专业教学标准_2025/高职专科/财经商贸大类/金融类/530203_保险实务.pdf
OK	382310	/Users/liuhongzhe/Desktop/学堂/专业建设/Codex工程/专业教学标准_2025/高职专科/财经商贸大类/物流类/530802_现代物流管理.pdf
OK	341768	/Users/liuhongzhe/Desktop/学堂/专业建设/Codex工程/专业教学标准_2025/高职专科/财经商贸大类/金融类/530208_农村金融.pdf
OK	343073	/Users/liuhongzhe/Desktop/学堂/专业建设/Codex工程/专业教学标准_2025/高职专科/财经商贸大类/物流类/530810_供应链运营.pdf
OK	344624	/Users/liuhongzhe/Desktop/学堂/专业建设/Codex工程/专业教学标准_2025/高职专科/财经商贸大类/物流类/530803_航空物流管理.pdf
OK	342410	/Users/liuhongzhe/Desktop/学堂/专业建设/Codex工程/专业教学标准_2025/高职专科/财经商贸大类/经济贸易类/530503_关务与外贸服务.pdf
OK	329554	/Users/liuhongzhe/Desktop/学堂/专业建设/Codex工程/专业教学标准_2025/高职专科/财经商贸大类/统计类/530401_统计与大数据分析.pdf
OK	353552	/Users/liuhongzhe/Desktop/学堂/专业建设/Codex工程/专业教学标准_2025/高职专科/电子与信息大类/电子信息类/510104_电子产品制造技术.pdf
OK	358834	/Users/liuhongzhe/Desktop/学堂/专业建设/Codex工程/专业教学标准_2025/高职专科/财经商贸大类/统计类/530403_市场调查与统计分析.pdf
OK	335548	/Users/liuhongzhe/Desktop/学堂/专业建设/Codex工程/专业教学标准_2025/高职专科/财经商贸大类/物流类/530806_港口物流管理.pdf
OK	343834	/Users/liuhongzhe/Desktop/学堂/专业建设/Codex工程/专业教学标准_2025/高职专科/电子与信息大类/电子信息类/510102_物联网应用技术.pdf
OK	386264	/Users/liuhongzhe/Desktop/学堂/专业建设/Codex工程/专业教学标准_2025/高职专科/电子与信息大类/电子信息类/510105_电子产品检测技术.pdf
OK	366627	/Users/liuhongzhe/Desktop/学堂/专业建设/Codex工程/专业教学标准_2025/高职专科/财经商贸大类/物流类/530809_智能物流技术.pdf
OK	360510	/Users/liuhongzhe/Desktop/学堂/专业建设/Codex工程/专业教学标准_2025/高职专科/电子与信息大类/计算机类/510201_计算机应用技术.pdf
OK	350365	/Users/liuhongzhe/Desktop/学堂/专业建设/Codex工程/专业教学标准_2025/高职专科/电子与信息大类/电子信息类/510101_电子信息工程技术.pdf
OK	347750	/Users/liuhongzhe/Desktop/学堂/专业建设/Codex工程/专业教学标准_2025/高职专科/财经商贸大类/物流类/530804_铁路物流管理.pdf
OK	350454	/Users/liuhongzhe/Desktop/学堂/专业建设/Codex工程/专业教学标准_2025/高职专科/电子与信息大类/计算机类/510203_软件技术.pdf
OK	367442	/Users/liuhongzhe/Desktop/学堂/专业建设/Codex工程/专业教学标准_2025/高职专科/电子与信息大类/电子信息类/510107_汽车智能技术.pdf
OK	344602	/Users/liuhongzhe/Desktop/学堂/专业建设/Codex工程/专业教学标准_2025/高职专科/电子与信息大类/计算机类/510208_虚拟现实技术应用.pdf
OK	347178	/Users/liuhongzhe/Desktop/学堂/专业建设/Codex工程/专业教学标准_2025/高职专科/电子与信息大类/电子信息类/510106_移动互联应用技术.pdf
OK	349036	/Users/liuhongzhe/Desktop/学堂/专业建设/Codex工程/专业教学标准_2025/高职专科/电子与信息大类/计算机类/510204_数字媒体技术.pdf
OK	337838	/Users/liuhongzhe/Desktop/学堂/专业建设/Codex工程/专业教学标准_2025/高职专科/电子与信息大类/计算机类/510202_计算机网络技术.pdf
OK	343139	/Users/liuhongzhe/Desktop/学堂/专业建设/Codex工程/专业教学标准_2025/高职专科/电子与信息大类/电子信息类/510108_智能产品开发与应用.pdf
OK	358130	/Users/liuhongzhe/Desktop/学堂/专业建设/Codex工程/专业教学标准_2025/高职专科/电子与信息大类/计算机类/510207_信息安全技术应用.pdf
OK	343610	/Users/liuhongzhe/Desktop/学堂/专业建设/Codex工程/专业教学标准_2025/高职专科/电子与信息大类/计算机类/510206_云计算技术应用.pdf
OK	343578	/Users/liuhongzhe/Desktop/学堂/专业建设/Codex工程/专业教学标准_2025/高职专科/电子与信息大类/计算机类/510212_区块链技术应用.pdf
OK	354060	/Users/liuhongzhe/Desktop/学堂/专业建设/Codex工程/专业教学标准_2025/高职专科/电子与信息大类/计算机类/510205_大数据技术.pdf
OK	356781	/Users/liuhongzhe/Desktop/学堂/专业建设/Codex工程/专业教学标准_2025/高职专科/电子与信息大类/计算机类/510209_人工智能技术应用.pdf
OK	344145	/Users/liuhongzhe/Desktop/学堂/专业建设/Codex工程/专业教学标准_2025/高职专科/电子与信息大类/计算机类/510216_密码技术应用.pdf
curl: (28) SSL connection timeout
OK	354380	/Users/liuhongzhe/Desktop/学堂/专业建设/Codex工程/专业教学标准_2025/高职专科/电子与信息大类/计算机类/510215_动漫制作技术.pdf
OK	373668	/Users/liuhongzhe/Desktop/学堂/专业建设/Codex工程/专业教学标准_2025/高职专科/电子与信息大类/通信类/510301_现代通信技术.pdf
OK	357724	/Users/liuhongzhe/Desktop/学堂/专业建设/Codex工程/专业教学标准_2025/高职专科/电子与信息大类/计算机类/510214_工业软件开发技术.pdf
OK	341459	/Users/liuhongzhe/Desktop/学堂/专业建设/Codex工程/专业教学标准_2025/高职专科/电子与信息大类/计算机类/510211_工业互联网技术.pdf
OK	363886	/Users/liuhongzhe/Desktop/学堂/专业建设/Codex工程/专业教学标准_2025/高职专科/电子与信息大类/计算机类/510210_嵌入式技术应用.pdf
OK	343334	/Users/liuhongzhe/Desktop/学堂/专业建设/Codex工程/专业教学标准_2025/高职专科/电子与信息大类/通信类/510304_卫星通信与导航技术.pdf
OK	355233	/Users/liuhongzhe/Desktop/学堂/专业建设/Codex工程/专业教学标准_2025/高职专科/电子与信息大类/通信类/510302_现代移动通信技术.pdf
OK	359667	/Users/liuhongzhe/Desktop/学堂/专业建设/Codex工程/专业教学标准_2025/高职专科/电子与信息大类/计算机类/510213_移动应用开发.pdf
OK	360069	/Users/liuhongzhe/Desktop/学堂/专业建设/Codex工程/专业教学标准_2025/高职专科/电子与信息大类/通信类/510303_通信软件技术.pdf
OK	338469	/Users/liuhongzhe/Desktop/学堂/专业建设/Codex工程/专业教学标准_2025/高职专科/公安与司法大类/安全防范类/580701_安全防范技术.pdf
OK	334960	/Users/liuhongzhe/Desktop/学堂/专业建设/Codex工程/专业教学标准_2025/高职专科/公安与司法大类/法律实务类/580401_法律事务.pdf
OK	362051	/Users/liuhongzhe/Desktop/学堂/专业建设/Codex工程/专业教学标准_2025/高职专科/电子与信息大类/通信类/510306_通信系统运行管理.pdf
OK	342223	/Users/liuhongzhe/Desktop/学堂/专业建设/Codex工程/专业教学标准_2025/高职专科/公安与司法大类/法律执行类/580505_社区矫正.pdf
OK	373706	/Users/liuhongzhe/Desktop/学堂/专业建设/Codex工程/专业教学标准_2025/高职专科/公安与司法大类/安全防范类/580703_智能安防运营管理.pdf
OK	343977	/Users/liuhongzhe/Desktop/学堂/专业建设/Codex工程/专业教学标准_2025/高职专科/电子与信息大类/通信类/510307_智能互联网络技术.pdf
OK	366288	/Users/liuhongzhe/Desktop/学堂/专业建设/Codex工程/专业教学标准_2025/高职专科/公安与司法大类/法律实务类/580402_法律文秘.pdf
OK	359795	/Users/liuhongzhe/Desktop/学堂/专业建设/Codex工程/专业教学标准_2025/职业本科/资源环境与安全大类/环境保护类/220801_生态环境工程技术.pdf
curl: (22) The requested URL returned error: 502
OK	347691	/Users/liuhongzhe/Desktop/学堂/专业建设/Codex工程/专业教学标准_2025/高职专科/公共管理与服务大类/公共服务类/590304_婚庆服务与管理.pdf
OK	343067	/Users/liuhongzhe/Desktop/学堂/专业建设/Codex工程/专业教学标准_2025/高职专科/公安与司法大类/司法技术类/580603_司法鉴定技术.pdf
OK	327201	/Users/liuhongzhe/Desktop/学堂/专业建设/Codex工程/专业教学标准_2025/高职专科/公共管理与服务大类/公共管理类/590210_标准化技术.pdf
OK	389372	/Users/liuhongzhe/Desktop/学堂/专业建设/Codex工程/专业教学标准_2025/高职专科/公安与司法大类/安全防范类/580702_安全保卫管理.pdf
OK	336826	/Users/liuhongzhe/Desktop/学堂/专业建设/Codex工程/专业教学标准_2025/高职专科/公共管理与服务大类/公共管理类/590202_人力资源管理.pdf
OK	320921	/Users/liuhongzhe/Desktop/学堂/专业建设/Codex工程/专业教学标准_2025/高职专科/公共管理与服务大类/公共服务类/590301_现代家政服务与管理.pdf
OK	340952	/Users/liuhongzhe/Desktop/学堂/专业建设/Codex工程/专业教学标准_2025/高职专科/公共管理与服务大类/公共服务类/590306_殡葬设备维护技术.pdf
OK	344530	/Users/liuhongzhe/Desktop/学堂/专业建设/Codex工程/专业教学标准_2025/高职专科/电子与信息大类/通信类/510308_网络规划与优化技术.pdf
OK	318591	/Users/liuhongzhe/Desktop/学堂/专业建设/Codex工程/专业教学标准_2025/高职专科/公共管理与服务大类/公共事业类/590104_社区管理与服务.pdf
OK	356916	/Users/liuhongzhe/Desktop/学堂/专业建设/Codex工程/专业教学标准_2025/高职专科/公共管理与服务大类/公共服务类/590302_智慧健康养老服务与管理.pdf
OK	346450	/Users/liuhongzhe/Desktop/学堂/专业建设/Codex工程/专业教学标准_2025/高职专科/公共管理与服务大类/公共管理类/590209_职业指导与服务.pdf
OK	321094	/Users/liuhongzhe/Desktop/学堂/专业建设/Codex工程/专业教学标准_2025/高职专科/交通运输大类/城市轨道交通类/500605_城市轨道交通供配电技术.pdf
OK	342123	/Users/liuhongzhe/Desktop/学堂/专业建设/Codex工程/专业教学标准_2025/高职专科/交通运输大类/城市轨道交通类/500603_城市轨道交通机电技术.pdf
OK	338831	/Users/liuhongzhe/Desktop/学堂/专业建设/Codex工程/专业教学标准_2025/高职专科/交通运输大类/城市轨道交通类/500604_城市轨道交通通信信号技术.pdf
curl: (22) The requested URL returned error: 502
OK	344904	/Users/liuhongzhe/Desktop/学堂/专业建设/Codex工程/专业教学标准_2025/高职专科/交通运输大类/城市轨道交通类/500602_城市轨道车辆应用技术.pdf
OK	357505	/Users/liuhongzhe/Desktop/学堂/专业建设/Codex工程/专业教学标准_2025/高职专科/公共管理与服务大类/文秘类/590401_现代文秘.pdf
OK	401600	/Users/liuhongzhe/Desktop/学堂/专业建设/Codex工程/专业教学标准_2025/高职专科/交通运输大类/航空运输类/500405_空中乘务.pdf
OK	345417	/Users/liuhongzhe/Desktop/学堂/专业建设/Codex工程/专业教学标准_2025/高职专科/公共管理与服务大类/公共事业类/590102_党务工作.pdf
OK	307671	/Users/liuhongzhe/Desktop/学堂/专业建设/Codex工程/专业教学标准_2025/高职专科/公共管理与服务大类/公共事业类/590101_社会工作.pdf
OK	336793	/Users/liuhongzhe/Desktop/学堂/专业建设/Codex工程/专业教学标准_2025/高职专科/交通运输大类/航空运输类/500401_民航运输服务.pdf
OK	351190	/Users/liuhongzhe/Desktop/学堂/专业建设/Codex工程/专业教学标准_2025/高职专科/交通运输大类/航空运输类/500407_民航空中安全保卫.pdf
OK	351448	/Users/liuhongzhe/Desktop/学堂/专业建设/Codex工程/专业教学标准_2025/高职专科/交通运输大类/航空运输类/500406_民航安全技术管理.pdf
OK	343992	/Users/liuhongzhe/Desktop/学堂/专业建设/Codex工程/专业教学标准_2025/高职专科/交通运输大类/城市轨道交通类/500606_城市轨道交通运营管理.pdf
OK	388602	/Users/liuhongzhe/Desktop/学堂/专业建设/Codex工程/专业教学标准_2025/高职专科/交通运输大类/城市轨道交通类/500601_城市轨道交通工程技术.pdf
OK	334542	/Users/liuhongzhe/Desktop/学堂/专业建设/Codex工程/专业教学标准_2025/高职专科/交通运输大类/航空运输类/500408_机场运行服务与管理.pdf
OK	354206	/Users/liuhongzhe/Desktop/学堂/专业建设/Codex工程/专业教学标准_2025/高职专科/电子与信息大类/电子信息类/510103_应用电子技术.pdf
OK	354228	/Users/liuhongzhe/Desktop/学堂/专业建设/Codex工程/专业教学标准_2025/高职专科/交通运输大类/水上运输类/500302_港口与航道工程技术.pdf
OK	362571	/Users/liuhongzhe/Desktop/学堂/专业建设/Codex工程/专业教学标准_2025/高职专科/交通运输大类/航空运输类/500412_通用航空器维修.pdf
OK	356042	/Users/liuhongzhe/Desktop/学堂/专业建设/Codex工程/专业教学标准_2025/高职专科/交通运输大类/水上运输类/500305_水路运输安全管理.pdf
OK	355311	/Users/liuhongzhe/Desktop/学堂/专业建设/Codex工程/专业教学标准_2025/高职专科/交通运输大类/铁道运输类/500102_高速铁路施工与维护.pdf
OK	343302	/Users/liuhongzhe/Desktop/学堂/专业建设/Codex工程/专业教学标准_2025/高职专科/交通运输大类/航空运输类/500416_通用航空航务技术.pdf
OK	347601	/Users/liuhongzhe/Desktop/学堂/专业建设/Codex工程/专业教学标准_2025/高职专科/电子与信息大类/通信类/510309_电信服务与管理.pdf
OK	377006	/Users/liuhongzhe/Desktop/学堂/专业建设/Codex工程/专业教学标准_2025/高职专科/交通运输大类/水上运输类/500310_集装箱运输管理.pdf
OK	343727	/Users/liuhongzhe/Desktop/学堂/专业建设/Codex工程/专业教学标准_2025/高职专科/交通运输大类/航空运输类/500414_航空地面设备维修.pdf
OK	352112	/Users/liuhongzhe/Desktop/学堂/专业建设/Codex工程/专业教学标准_2025/高职专科/交通运输大类/铁道运输类/500109_高速铁路综合维修技术.pdf
OK	340989	/Users/liuhongzhe/Desktop/学堂/专业建设/Codex工程/专业教学标准_2025/高职专科/交通运输大类/水上运输类/500304_国际邮轮乘务管理.pdf
OK	376744	/Users/liuhongzhe/Desktop/学堂/专业建设/Codex工程/专业教学标准_2025/高职专科/交通运输大类/航空运输类/500409_飞机机电设备维修.pdf
OK	346431	/Users/liuhongzhe/Desktop/学堂/专业建设/Codex工程/专业教学标准_2025/高职专科/交通运输大类/水上运输类/500308_船舶电子电气技术.pdf
OK	366761	/Users/liuhongzhe/Desktop/学堂/专业建设/Codex工程/专业教学标准_2025/高职专科/交通运输大类/铁道运输类/500103_铁道桥梁隧道工程技术.pdf
OK	347480	/Users/liuhongzhe/Desktop/学堂/专业建设/Codex工程/专业教学标准_2025/高职专科/交通运输大类/水上运输类/500306_港口机械与智能控制.pdf
OK	361115	/Users/liuhongzhe/Desktop/学堂/专业建设/Codex工程/专业教学标准_2025/高职专科/交通运输大类/道路运输类/500201_道路与桥梁工程技术.pdf
OK	357585	/Users/liuhongzhe/Desktop/学堂/专业建设/Codex工程/专业教学标准_2025/高职专科/交通运输大类/铁道运输类/500105_铁道机车运用与维护.pdf
OK	348267	/Users/liuhongzhe/Desktop/学堂/专业建设/Codex工程/专业教学标准_2025/高职专科/交通运输大类/道路运输类/500207_智能交通技术.pdf
OK	333174	/Users/liuhongzhe/Desktop/学堂/专业建设/Codex工程/专业教学标准_2025/高职专科/交通运输大类/道路运输类/500208_道路运输管理.pdf
OK	412774	/Users/liuhongzhe/Desktop/学堂/专业建设/Codex工程/专业教学标准_2025/高职专科/交通运输大类/铁道运输类/500104_铁道养路机械应用技术.pdf
OK	350672	/Users/liuhongzhe/Desktop/学堂/专业建设/Codex工程/专业教学标准_2025/高职专科/交通运输大类/道路运输类/500212_新能源汽车检测与维修技术.pdf
OK	339698	/Users/liuhongzhe/Desktop/学堂/专业建设/Codex工程/专业教学标准_2025/高职专科/交通运输大类/铁道运输类/500112_铁道交通运营管理.pdf
OK	342274	/Users/liuhongzhe/Desktop/学堂/专业建设/Codex工程/专业教学标准_2025/高职专科/交通运输大类/道路运输类/500203_智能工程机械运用技术.pdf
OK	358820	/Users/liuhongzhe/Desktop/学堂/专业建设/Codex工程/专业教学标准_2025/高职专科/交通运输大类/铁道运输类/500101_铁道工程技术.pdf
OK	352955	/Users/liuhongzhe/Desktop/学堂/专业建设/Codex工程/专业教学标准_2025/高职专科/交通运输大类/铁道运输类/500106_铁道车辆技术.pdf
OK	343609	/Users/liuhongzhe/Desktop/学堂/专业建设/Codex工程/专业教学标准_2025/高职专科/交通运输大类/铁道运输类/500113_高速铁路客运服务.pdf
OK	353785	/Users/liuhongzhe/Desktop/学堂/专业建设/Codex工程/专业教学标准_2025/高职专科/交通运输大类/道路运输类/500205_道路工程造价.pdf
OK	346356	/Users/liuhongzhe/Desktop/学堂/专业建设/Codex工程/专业教学标准_2025/高职专科/交通运输大类/道路运输类/500210_汽车技术服务与营销.pdf
OK	338770	/Users/liuhongzhe/Desktop/学堂/专业建设/Codex工程/专业教学标准_2025/高职专科/教育与体育大类/教育类/570106K_小学英语教育.pdf
OK	347336	/Users/liuhongzhe/Desktop/学堂/专业建设/Codex工程/专业教学标准_2025/高职专科/教育与体育大类/教育类/570108K_音乐教育.pdf
OK	339755	/Users/liuhongzhe/Desktop/学堂/专业建设/Codex工程/专业教学标准_2025/高职专科/教育与体育大类/教育类/570102K_学前教育.pdf
OK	346928	/Users/liuhongzhe/Desktop/学堂/专业建设/Codex工程/专业教学标准_2025/高职专科/交通运输大类/道路运输类/500211_汽车检测与维修技术.pdf
OK	345702	/Users/liuhongzhe/Desktop/学堂/专业建设/Codex工程/专业教学标准_2025/高职专科/交通运输大类/道路运输类/500209_交通运营管理.pdf
OK	350870	/Users/liuhongzhe/Desktop/学堂/专业建设/Codex工程/专业教学标准_2025/高职专科/教育与体育大类/教育类/570107K_小学科学教育.pdf
OK	345029	/Users/liuhongzhe/Desktop/学堂/专业建设/Codex工程/专业教学标准_2025/高职专科/交通运输大类/邮政类/500702_邮政快递智能技术.pdf
OK	338346	/Users/liuhongzhe/Desktop/学堂/专业建设/Codex工程/专业教学标准_2025/高职专科/教育与体育大类/教育类/570105K_小学数学教育.pdf
OK	335389	/Users/liuhongzhe/Desktop/学堂/专业建设/Codex工程/专业教学标准_2025/高职专科/教育与体育大类/教育类/570103K_小学教育.pdf
OK	349361	/Users/liuhongzhe/Desktop/学堂/专业建设/Codex工程/专业教学标准_2025/高职专科/教育与体育大类/教育类/570101K_早期教育.pdf
OK	345433	/Users/liuhongzhe/Desktop/学堂/专业建设/Codex工程/专业教学标准_2025/高职专科/教育与体育大类/教育类/570104K_小学语文教育.pdf
OK	346279	/Users/liuhongzhe/Desktop/学堂/专业建设/Codex工程/专业教学标准_2025/高职专科/教育与体育大类/教育类/570109K_美术教育.pdf
OK	356817	/Users/liuhongzhe/Desktop/学堂/专业建设/Codex工程/专业教学标准_2025/高职专科/教育与体育大类/体育类/570302_休闲体育.pdf
OK	346315	/Users/liuhongzhe/Desktop/学堂/专业建设/Codex工程/专业教学标准_2025/高职专科/交通运输大类/邮政类/500701_邮政快递运营管理.pdf
OK	347943	/Users/liuhongzhe/Desktop/学堂/专业建设/Codex工程/专业教学标准_2025/高职专科/教育与体育大类/教育类/570115K_现代教育技术.pdf
OK	342407	/Users/liuhongzhe/Desktop/学堂/专业建设/Codex工程/专业教学标准_2025/高职专科/教育与体育大类/教育类/570113K_艺术教育.pdf
OK	336215	/Users/liuhongzhe/Desktop/学堂/专业建设/Codex工程/专业教学标准_2025/高职专科/教育与体育大类/教育类/570111K_小学道德与法治教育.pdf
OK	333800	/Users/liuhongzhe/Desktop/学堂/专业建设/Codex工程/专业教学标准_2025/高职专科/教育与体育大类/教育类/570112K_舞蹈教育.pdf
OK	345555	/Users/liuhongzhe/Desktop/学堂/专业建设/Codex工程/专业教学标准_2025/高职专科/教育与体育大类/体育类/570308_运动健康指导.pdf
OK	336839	/Users/liuhongzhe/Desktop/学堂/专业建设/Codex工程/专业教学标准_2025/高职专科/教育与体育大类/教育类/570114K_特殊教育.pdf
OK	356630	/Users/liuhongzhe/Desktop/学堂/专业建设/Codex工程/专业教学标准_2025/高职专科/教育与体育大类/体育类/570303_运动训练.pdf
OK	345298	/Users/liuhongzhe/Desktop/学堂/专业建设/Codex工程/专业教学标准_2025/高职专科/教育与体育大类/体育类/570301_社会体育.pdf
OK	334670	/Users/liuhongzhe/Desktop/学堂/专业建设/Codex工程/专业教学标准_2025/高职专科/教育与体育大类/体育类/570309_运动数据分析.pdf
OK	349827	/Users/liuhongzhe/Desktop/学堂/专业建设/Codex工程/专业教学标准_2025/高职专科/教育与体育大类/教育类/570110K_体育教育.pdf
OK	335675	/Users/liuhongzhe/Desktop/学堂/专业建设/Codex工程/专业教学标准_2025/高职专科/教育与体育大类/体育类/570310_体能训练.pdf
OK	348938	/Users/liuhongzhe/Desktop/学堂/专业建设/Codex工程/专业教学标准_2025/高职专科/教育与体育大类/语言类/570201_商务英语.pdf
OK	338433	/Users/liuhongzhe/Desktop/学堂/专业建设/Codex工程/专业教学标准_2025/高职专科/教育与体育大类/体育类/570304_民族传统体育.pdf
OK	340579	/Users/liuhongzhe/Desktop/学堂/专业建设/Codex工程/专业教学标准_2025/高职专科/教育与体育大类/语言类/570203_旅游英语.pdf
OK	330287	/Users/liuhongzhe/Desktop/学堂/专业建设/Codex工程/专业教学标准_2025/高职专科/教育与体育大类/体育类/570312_电子竞技运动与管理.pdf
OK	334527	/Users/liuhongzhe/Desktop/学堂/专业建设/Codex工程/专业教学标准_2025/高职专科/教育与体育大类/语言类/570202_应用英语.pdf
OK	338318	/Users/liuhongzhe/Desktop/学堂/专业建设/Codex工程/专业教学标准_2025/高职专科/教育与体育大类/语言类/570204_应用韩语.pdf
OK	333707	/Users/liuhongzhe/Desktop/学堂/专业建设/Codex工程/专业教学标准_2025/高职专科/教育与体育大类/体育类/570311_体育运营与管理.pdf
OK	340779	/Users/liuhongzhe/Desktop/学堂/专业建设/Codex工程/专业教学标准_2025/高职专科/教育与体育大类/语言类/570210_应用俄语.pdf
OK	340094	/Users/liuhongzhe/Desktop/学堂/专业建设/Codex工程/专业教学标准_2025/高职专科/教育与体育大类/语言类/570212_应用西班牙语.pdf
OK	345314	/Users/liuhongzhe/Desktop/学堂/专业建设/Codex工程/专业教学标准_2025/高职专科/教育与体育大类/体育类/570307_健身指导与管理.pdf
OK	333872	/Users/liuhongzhe/Desktop/学堂/专业建设/Codex工程/专业教学标准_2025/高职专科/教育与体育大类/体育类/570316_体育艺术表演.pdf
OK	343383	/Users/liuhongzhe/Desktop/学堂/专业建设/Codex工程/专业教学标准_2025/高职专科/教育与体育大类/语言类/570214_应用泰语.pdf
curl: (22) The requested URL returned error: 502
OK	343250	/Users/liuhongzhe/Desktop/学堂/专业建设/Codex工程/专业教学标准_2025/高职专科/教育与体育大类/语言类/570206_应用日语.pdf
OK	341774	/Users/liuhongzhe/Desktop/学堂/专业建设/Codex工程/专业教学标准_2025/高职专科/教育与体育大类/语言类/570207_旅游日语.pdf
OK	377236	/Users/liuhongzhe/Desktop/学堂/专业建设/Codex工程/专业教学标准_2025/高职专科/旅游大类/餐饮类/540201_餐饮智能管理.pdf
OK	345140	/Users/liuhongzhe/Desktop/学堂/专业建设/Codex工程/专业教学标准_2025/高职专科/教育与体育大类/体育类/570314_冰雪运动与管理.pdf
OK	333418	/Users/liuhongzhe/Desktop/学堂/专业建设/Codex工程/专业教学标准_2025/高职专科/教育与体育大类/语言类/570215_应用越南语.pdf
OK	379461	/Users/liuhongzhe/Desktop/学堂/专业建设/Codex工程/专业教学标准_2025/高职专科/旅游大类/餐饮类/540202_烹饪工艺与营养.pdf
OK	350200	/Users/liuhongzhe/Desktop/学堂/专业建设/Codex工程/专业教学标准_2025/高职专科/旅游大类/餐饮类/540203_中西面点工艺.pdf
OK	340808	/Users/liuhongzhe/Desktop/学堂/专业建设/Codex工程/专业教学标准_2025/高职专科/教育与体育大类/语言类/570213_应用德语.pdf
OK	337158	/Users/liuhongzhe/Desktop/学堂/专业建设/Codex工程/专业教学标准_2025/高职专科/教育与体育大类/语言类/570211_应用法语.pdf
OK	340606	/Users/liuhongzhe/Desktop/学堂/专业建设/Codex工程/专业教学标准_2025/高职专科/旅游大类/旅游类/540102_导游.pdf
OK	344424	/Users/liuhongzhe/Desktop/学堂/专业建设/Codex工程/专业教学标准_2025/高职专科/教育与体育大类/语言类/570205_商务日语.pdf
OK	401872	/Users/liuhongzhe/Desktop/学堂/专业建设/Codex工程/专业教学标准_2025/高职专科/旅游大类/餐饮类/540205_营养配餐.pdf
OK	353357	/Users/liuhongzhe/Desktop/学堂/专业建设/Codex工程/专业教学标准_2025/高职专科/交通运输大类/道路运输类/500204_道路工程检测技术.pdf
OK	326803	/Users/liuhongzhe/Desktop/学堂/专业建设/Codex工程/专业教学标准_2025/高职专科/旅游大类/旅游类/540103_旅行社经营与管理.pdf
OK	359505	/Users/liuhongzhe/Desktop/学堂/专业建设/Codex工程/专业教学标准_2025/高职专科/旅游大类/旅游类/540106_酒店管理与数字化运营.pdf
OK	341620	/Users/liuhongzhe/Desktop/学堂/专业建设/Codex工程/专业教学标准_2025/高职专科/旅游大类/旅游类/540107_民宿管理与运营.pdf
OK	340424	/Users/liuhongzhe/Desktop/学堂/专业建设/Codex工程/专业教学标准_2025/高职专科/旅游大类/旅游类/540113_休闲服务与管理.pdf
OK	339400	/Users/liuhongzhe/Desktop/学堂/专业建设/Codex工程/专业教学标准_2025/高职专科/旅游大类/旅游类/540111_智慧旅游技术应用.pdf
OK	325759	/Users/liuhongzhe/Desktop/学堂/专业建设/Codex工程/专业教学标准_2025/高职专科/旅游大类/旅游类/540109_茶艺与茶文化.pdf
OK	354624	/Users/liuhongzhe/Desktop/学堂/专业建设/Codex工程/专业教学标准_2025/高职专科/旅游大类/旅游类/540101_旅游管理.pdf
OK	334873	/Users/liuhongzhe/Desktop/学堂/专业建设/Codex工程/专业教学标准_2025/高职专科/农林牧渔大类/林业类/410206_森林和草原资源保护.pdf
OK	358284	/Users/liuhongzhe/Desktop/学堂/专业建设/Codex工程/专业教学标准_2025/高职专科/农林牧渔大类/林业类/410207_林草生态保护与修复.pdf
OK	368436	/Users/liuhongzhe/Desktop/学堂/专业建设/Codex工程/专业教学标准_2025/高职专科/旅游大类/旅游类/540108_葡萄酒文化与营销.pdf
OK	327077	/Users/liuhongzhe/Desktop/学堂/专业建设/Codex工程/专业教学标准_2025/高职专科/旅游大类/旅游类/540105_研学旅行管理与服务.pdf
OK	351797	/Users/liuhongzhe/Desktop/学堂/专业建设/Codex工程/专业教学标准_2025/高职专科/旅游大类/旅游类/540104_定制旅行管理与服务.pdf
OK	339468	/Users/liuhongzhe/Desktop/学堂/专业建设/Codex工程/专业教学标准_2025/高职专科/旅游大类/旅游类/540112_会展策划与管理.pdf
OK	360504	/Users/liuhongzhe/Desktop/学堂/专业建设/Codex工程/专业教学标准_2025/高职专科/农林牧渔大类/林业类/410211_林业信息技术应用.pdf
OK	350057	/Users/liuhongzhe/Desktop/学堂/专业建设/Codex工程/专业教学标准_2025/高职专科/农林牧渔大类/林业类/410202_园林技术.pdf
OK	342184	/Users/liuhongzhe/Desktop/学堂/专业建设/Codex工程/专业教学标准_2025/高职专科/旅游大类/旅游类/540110_智慧景区开发与管理.pdf
OK	360326	/Users/liuhongzhe/Desktop/学堂/专业建设/Codex工程/专业教学标准_2025/高职专科/农林牧渔大类/农业类/410102_作物生产与经营管理.pdf
OK	421542	/Users/liuhongzhe/Desktop/学堂/专业建设/Codex工程/专业教学标准_2025/高职专科/农林牧渔大类/农业类/410108_中草药栽培与加工技术.pdf
OK	359199	/Users/liuhongzhe/Desktop/学堂/专业建设/Codex工程/专业教学标准_2025/高职专科/农林牧渔大类/农业类/410105_园艺技术.pdf
OK	354097	/Users/liuhongzhe/Desktop/学堂/专业建设/Codex工程/专业教学标准_2025/高职专科/农林牧渔大类/农业类/410107_茶叶生产与加工技术.pdf
OK	346701	/Users/liuhongzhe/Desktop/学堂/专业建设/Codex工程/专业教学标准_2025/高职专科/农林牧渔大类/农业类/410103_现代农业技术.pdf
OK	352203	/Users/liuhongzhe/Desktop/学堂/专业建设/Codex工程/专业教学标准_2025/高职专科/农林牧渔大类/农业类/410110_饲草生产技术.pdf
OK	325446	/Users/liuhongzhe/Desktop/学堂/专业建设/Codex工程/专业教学标准_2025/高职专科/农林牧渔大类/林业类/410210_森林生态旅游与康养.pdf
OK	351101	/Users/liuhongzhe/Desktop/学堂/专业建设/Codex工程/专业教学标准_2025/高职专科/农林牧渔大类/农业类/410113_现代农业装备应用技术.pdf
OK	367720	/Users/liuhongzhe/Desktop/学堂/专业建设/Codex工程/专业教学标准_2025/高职专科/农林牧渔大类/农业类/410111_食用菌生产与加工技术.pdf
OK	362715	/Users/liuhongzhe/Desktop/学堂/专业建设/Codex工程/专业教学标准_2025/高职专科/农林牧渔大类/农业类/410115_绿色食品生产技术.pdf
OK	352943	/Users/liuhongzhe/Desktop/学堂/专业建设/Codex工程/专业教学标准_2025/高职专科/农林牧渔大类/林业类/410204_花卉生产与花艺.pdf
OK	352669	/Users/liuhongzhe/Desktop/学堂/专业建设/Codex工程/专业教学标准_2025/高职专科/农林牧渔大类/农业类/410120_农村新型经济组织管理.pdf
OK	376051	/Users/liuhongzhe/Desktop/学堂/专业建设/Codex工程/专业教学标准_2025/高职专科/农林牧渔大类/农业类/410114_农产品加工与质量检测.pdf
OK	363563	/Users/liuhongzhe/Desktop/学堂/专业建设/Codex工程/专业教学标准_2025/高职专科/农林牧渔大类/畜牧业类/410301_动物医学.pdf
OK	357252	/Users/liuhongzhe/Desktop/学堂/专业建设/Codex工程/专业教学标准_2025/高职专科/农林牧渔大类/农业类/410118_休闲农业经营与管理.pdf
OK	358917	/Users/liuhongzhe/Desktop/学堂/专业建设/Codex工程/专业教学标准_2025/高职专科/农林牧渔大类/畜牧业类/410302_动物药学.pdf
OK	350803	/Users/liuhongzhe/Desktop/学堂/专业建设/Codex工程/专业教学标准_2025/高职专科/农林牧渔大类/农业类/410106_植物保护与检疫技术.pdf
OK	345579	/Users/liuhongzhe/Desktop/学堂/专业建设/Codex工程/专业教学标准_2025/高职专科/农林牧渔大类/畜牧业类/410310_动物营养与饲料.pdf
OK	354889	/Users/liuhongzhe/Desktop/学堂/专业建设/Codex工程/专业教学标准_2025/高职专科/农林牧渔大类/畜牧业类/410303_畜牧兽医.pdf
OK	353115	/Users/liuhongzhe/Desktop/学堂/专业建设/Codex工程/专业教学标准_2025/高职专科/农林牧渔大类/畜牧业类/410305_宠物医疗技术.pdf
OK	363319	/Users/liuhongzhe/Desktop/学堂/专业建设/Codex工程/专业教学标准_2025/高职专科/农林牧渔大类/畜牧业类/410307_畜禽智能化养殖.pdf
OK	349652	/Users/liuhongzhe/Desktop/学堂/专业建设/Codex工程/专业教学标准_2025/高职专科/农林牧渔大类/农业类/410119_现代农业经济管理.pdf
OK	363954	/Users/liuhongzhe/Desktop/学堂/专业建设/Codex工程/专业教学标准_2025/高职专科/农林牧渔大类/畜牧业类/410304_中兽医.pdf
OK	384107	/Users/liuhongzhe/Desktop/学堂/专业建设/Codex工程/专业教学标准_2025/高职专科/农林牧渔大类/畜牧业类/410309_宠物养护与驯导.pdf
OK	358571	/Users/liuhongzhe/Desktop/学堂/专业建设/Codex工程/专业教学标准_2025/高职专科/轻工纺织大类/纺织服装类/480405_数字化染整技术.pdf
OK	338794	/Users/liuhongzhe/Desktop/学堂/专业建设/Codex工程/专业教学标准_2025/高职专科/农林牧渔大类/农业类/410117_棉花加工与经营管理.pdf
OK	336467	/Users/liuhongzhe/Desktop/学堂/专业建设/Codex工程/专业教学标准_2025/高职专科/轻工纺织大类/纺织服装类/480402_服装设计与工艺.pdf
OK	371724	/Users/liuhongzhe/Desktop/学堂/专业建设/Codex工程/专业教学标准_2025/高职专科/轻工纺织大类/印刷类/480302_印刷媒体技术.pdf
OK	346756	/Users/liuhongzhe/Desktop/学堂/专业建设/Codex工程/专业教学标准_2025/高职专科/水利大类/水利工程与管理类/450204_水利水电工程智能管理.pdf
OK	351717	/Users/liuhongzhe/Desktop/学堂/专业建设/Codex工程/专业教学标准_2025/高职专科/农林牧渔大类/渔业类/410401_水产养殖技术.pdf
OK	356575	/Users/liuhongzhe/Desktop/学堂/专业建设/Codex工程/专业教学标准_2025/高职专科/水利大类/水土保持与水环境类/450403_水生态修复技术.pdf
OK	321362	/Users/liuhongzhe/Desktop/学堂/专业建设/Codex工程/专业教学标准_2025/高职专科/轻工纺织大类/轻化工类/480108_皮具制作与工艺.pdf
OK	337911	/Users/liuhongzhe/Desktop/学堂/专业建设/Codex工程/专业教学标准_2025/高职专科/水利大类/水土保持与水环境类/450401_水土保持技术.pdf
OK	342420	/Users/liuhongzhe/Desktop/学堂/专业建设/Codex工程/专业教学标准_2025/高职专科/轻工纺织大类/纺织服装类/480409_现代非织造技术.pdf
OK	344923	/Users/liuhongzhe/Desktop/学堂/专业建设/Codex工程/专业教学标准_2025/高职专科/轻工纺织大类/印刷类/480303_印刷数字图文技术.pdf
OK	332832	/Users/liuhongzhe/Desktop/学堂/专业建设/Codex工程/专业教学标准_2025/高职专科/水利大类/水利工程与管理类/450208_智能水务管理.pdf
OK	358622	/Users/liuhongzhe/Desktop/学堂/专业建设/Codex工程/专业教学标准_2025/高职专科/食品药品与粮食大类/粮食类/490302_粮食储运与质量安全.pdf
OK	335212	/Users/liuhongzhe/Desktop/学堂/专业建设/Codex工程/专业教学标准_2025/高职专科/轻工纺织大类/轻化工类/480103_家具设计与制造.pdf
OK	355050	/Users/liuhongzhe/Desktop/学堂/专业建设/Codex工程/专业教学标准_2025/高职专科/食品药品与粮食大类/药品与医疗器械类/490201_药品生产技术.pdf
OK	354173	/Users/liuhongzhe/Desktop/学堂/专业建设/Codex工程/专业教学标准_2025/高职专科/水利大类/水利工程与管理类/450202_智慧水利技术.pdf
OK	366289	/Users/liuhongzhe/Desktop/学堂/专业建设/Codex工程/专业教学标准_2025/高职专科/食品药品与粮食大类/粮食类/490301_粮食工程技术与管理.pdf
OK	379682	/Users/liuhongzhe/Desktop/学堂/专业建设/Codex工程/专业教学标准_2025/高职专科/食品药品与粮食大类/食品类/490101_食品智能加工技术.pdf
OK	364675	/Users/liuhongzhe/Desktop/学堂/专业建设/Codex工程/专业教学标准_2025/高职专科/食品药品与粮食大类/食品类/490103_食品营养与健康.pdf
OK	345676	/Users/liuhongzhe/Desktop/学堂/专业建设/Codex工程/专业教学标准_2025/高职专科/水利大类/水文水资源类/450101_水文与水资源技术.pdf
OK	348871	/Users/liuhongzhe/Desktop/学堂/专业建设/Codex工程/专业教学标准_2025/高职专科/食品药品与粮食大类/药品与医疗器械类/490207_制药设备应用技术.pdf
OK	346097	/Users/liuhongzhe/Desktop/学堂/专业建设/Codex工程/专业教学标准_2025/高职专科/食品药品与粮食大类/药品与医疗器械类/490209_食品药品监督管理.pdf
OK	365780	/Users/liuhongzhe/Desktop/学堂/专业建设/Codex工程/专业教学标准_2025/高职专科/食品药品与粮食大类/食品类/490104_食品检验检测技术.pdf
OK	365888	/Users/liuhongzhe/Desktop/学堂/专业建设/Codex工程/专业教学标准_2025/高职专科/食品药品与粮食大类/食品类/490102_食品质量与安全.pdf
OK	344456	/Users/liuhongzhe/Desktop/学堂/专业建设/Codex工程/专业教学标准_2025/高职专科/食品药品与粮食大类/药品与医疗器械类/490214_医疗器械经营与服务.pdf
OK	352848	/Users/liuhongzhe/Desktop/学堂/专业建设/Codex工程/专业教学标准_2025/高职专科/食品药品与粮食大类/药品与医疗器械类/490208_药品经营与管理.pdf
OK	347867	/Users/liuhongzhe/Desktop/学堂/专业建设/Codex工程/专业教学标准_2025/高职专科/食品药品与粮食大类/药品与医疗器械类/490206_药品质量与安全.pdf
OK	357083	/Users/liuhongzhe/Desktop/学堂/专业建设/Codex工程/专业教学标准_2025/高职专科/食品药品与粮食大类/药品与医疗器械类/490204_化学制药技术.pdf
OK	346364	/Users/liuhongzhe/Desktop/学堂/专业建设/Codex工程/专业教学标准_2025/高职专科/土木建筑大类/城乡规划与管理类/440201_城乡规划.pdf
OK	333174	/Users/liuhongzhe/Desktop/学堂/专业建设/Codex工程/专业教学标准_2025/高职专科/食品药品与粮食大类/药品与医疗器械类/490203_药物制剂技术.pdf
OK	332834	/Users/liuhongzhe/Desktop/学堂/专业建设/Codex工程/专业教学标准_2025/高职专科/食品药品与粮食大类/药品与医疗器械类/490211_医用电子仪器技术.pdf
OK	362086	/Users/liuhongzhe/Desktop/学堂/专业建设/Codex工程/专业教学标准_2025/高职专科/食品药品与粮食大类/药品与医疗器械类/490202_生物制药技术.pdf
OK	331414	/Users/liuhongzhe/Desktop/学堂/专业建设/Codex工程/专业教学标准_2025/高职专科/土木建筑大类/建设工程管理类/440501_工程造价.pdf
OK	386625	/Users/liuhongzhe/Desktop/学堂/专业建设/Codex工程/专业教学标准_2025/高职专科/土木建筑大类/城乡规划与管理类/440202_智慧城市管理技术.pdf
OK	357295	/Users/liuhongzhe/Desktop/学堂/专业建设/Codex工程/专业教学标准_2025/高职专科/食品药品与粮食大类/药品与医疗器械类/490218_化妆品质量与安全.pdf
OK	346972	/Users/liuhongzhe/Desktop/学堂/专业建设/Codex工程/专业教学标准_2025/高职专科/土木建筑大类/建筑设备类/440404_建筑智能化工程技术.pdf
OK	339618	/Users/liuhongzhe/Desktop/学堂/专业建设/Codex工程/专业教学标准_2025/高职专科/土木建筑大类/建设工程管理类/440504_建设工程监理.pdf
OK	353481	/Users/liuhongzhe/Desktop/学堂/专业建设/Codex工程/专业教学标准_2025/高职专科/土木建筑大类/房地产类/440703_现代物业管理.pdf
OK	337753	/Users/liuhongzhe/Desktop/学堂/专业建设/Codex工程/专业教学标准_2025/高职专科/土木建筑大类/房地产类/440701_房地产经营与管理.pdf
OK	341927	/Users/liuhongzhe/Desktop/学堂/专业建设/Codex工程/专业教学标准_2025/高职专科/土木建筑大类/建筑设计类/440101_建筑设计.pdf
OK	331744	/Users/liuhongzhe/Desktop/学堂/专业建设/Codex工程/专业教学标准_2025/高职专科/土木建筑大类/建设工程管理类/440503_建筑经济信息化管理.pdf
OK	349931	/Users/liuhongzhe/Desktop/学堂/专业建设/Codex工程/专业教学标准_2025/高职专科/土木建筑大类/建筑设备类/440406_建筑消防技术.pdf
OK	348770	/Users/liuhongzhe/Desktop/学堂/专业建设/Codex工程/专业教学标准_2025/高职专科/土木建筑大类/建筑设计类/440106_建筑室内设计.pdf
OK	343164	/Users/liuhongzhe/Desktop/学堂/专业建设/Codex工程/专业教学标准_2025/高职专科/土木建筑大类/建设工程管理类/440502_建设工程管理.pdf
OK	312568	/Users/liuhongzhe/Desktop/学堂/专业建设/Codex工程/专业教学标准_2025/高职专科/土木建筑大类/建筑设计类/440107_建筑动画技术.pdf
OK	332556	/Users/liuhongzhe/Desktop/学堂/专业建设/Codex工程/专业教学标准_2025/高职专科/土木建筑大类/建筑设计类/440105_风景园林设计.pdf
OK	344756	/Users/liuhongzhe/Desktop/学堂/专业建设/Codex工程/专业教学标准_2025/高职专科/土木建筑大类/市政工程类/440604_市政管网智能检测与维护.pdf
OK	338797	/Users/liuhongzhe/Desktop/学堂/专业建设/Codex工程/专业教学标准_2025/高职专科/土木建筑大类/土建施工类/440301_建筑工程技术.pdf
OK	345012	/Users/liuhongzhe/Desktop/学堂/专业建设/Codex工程/专业教学标准_2025/高职专科/土木建筑大类/房地产类/440702_房地产智能检测与估价.pdf
OK	339076	/Users/liuhongzhe/Desktop/学堂/专业建设/Codex工程/专业教学标准_2025/高职专科/土木建筑大类/土建施工类/440302_装配式建筑工程技术.pdf
OK	342021	/Users/liuhongzhe/Desktop/学堂/专业建设/Codex工程/专业教学标准_2025/高职专科/土木建筑大类/土建施工类/440303_建筑钢结构工程技术.pdf
curl: (22) The requested URL returned error: 502
OK	338132	/Users/liuhongzhe/Desktop/学堂/专业建设/Codex工程/专业教学标准_2025/高职专科/土木建筑大类/建筑设计类/440102_建筑装饰工程技术.pdf
OK	348152	/Users/liuhongzhe/Desktop/学堂/专业建设/Codex工程/专业教学标准_2025/高职专科/土木建筑大类/市政工程类/440601_市政工程技术.pdf
curl: (22) The requested URL returned error: 502
OK	352052	/Users/liuhongzhe/Desktop/学堂/专业建设/Codex工程/专业教学标准_2025/高职专科/文化艺术大类/表演艺术类/550201_音乐表演.pdf
OK	340449	/Users/liuhongzhe/Desktop/学堂/专业建设/Codex工程/专业教学标准_2025/高职专科/土木建筑大类/土建施工类/440304_智能建造技术.pdf
OK	342255	/Users/liuhongzhe/Desktop/学堂/专业建设/Codex工程/专业教学标准_2025/高职专科/文化艺术大类/表演艺术类/550202_舞蹈表演.pdf
OK	318320	/Users/liuhongzhe/Desktop/学堂/专业建设/Codex工程/专业教学标准_2025/高职专科/土木建筑大类/建筑设计类/440104_园林工程技术.pdf
OK	390381	/Users/liuhongzhe/Desktop/学堂/专业建设/Codex工程/专业教学标准_2025/高职专科/土木建筑大类/土建施工类/440305_地下与隧道工程技术.pdf
OK	355308	/Users/liuhongzhe/Desktop/学堂/专业建设/Codex工程/专业教学标准_2025/高职专科/文化艺术大类/表演艺术类/550204_表演艺术.pdf
OK	351348	/Users/liuhongzhe/Desktop/学堂/专业建设/Codex工程/专业教学标准_2025/高职专科/土木建筑大类/土建施工类/440306_土木工程检测技术.pdf
OK	333742	/Users/liuhongzhe/Desktop/学堂/专业建设/Codex工程/专业教学标准_2025/高职专科/文化艺术大类/表演艺术类/550212_音乐制作.pdf
OK	335914	/Users/liuhongzhe/Desktop/学堂/专业建设/Codex工程/专业教学标准_2025/高职专科/文化艺术大类/表演艺术类/550217_时尚表演与传播.pdf
OK	335433	/Users/liuhongzhe/Desktop/学堂/专业建设/Codex工程/专业教学标准_2025/高职专科/文化艺术大类/表演艺术类/550206_歌舞表演.pdf
OK	335398	/Users/liuhongzhe/Desktop/学堂/专业建设/Codex工程/专业教学标准_2025/高职专科/文化艺术大类/表演艺术类/550214_钢琴调律.pdf
OK	343958	/Users/liuhongzhe/Desktop/学堂/专业建设/Codex工程/专业教学标准_2025/高职专科/文化艺术大类/表演艺术类/550209_国际标准舞.pdf
OK	334060	/Users/liuhongzhe/Desktop/学堂/专业建设/Codex工程/专业教学标准_2025/高职专科/文化艺术大类/表演艺术类/550211_戏曲音乐.pdf
OK	336150	/Users/liuhongzhe/Desktop/学堂/专业建设/Codex工程/专业教学标准_2025/高职专科/食品药品与粮食大类/药品与医疗器械类/490215_康复工程技术.pdf
OK	331402	/Users/liuhongzhe/Desktop/学堂/专业建设/Codex工程/专业教学标准_2025/高职专科/文化艺术大类/表演艺术类/550205_戏剧影视表演.pdf
OK	309411	/Users/liuhongzhe/Desktop/学堂/专业建设/Codex工程/专业教学标准_2025/高职专科/文化艺术大类/民族文化艺术类/550303_民族服装与饰品.pdf
OK	341535	/Users/liuhongzhe/Desktop/学堂/专业建设/Codex工程/专业教学标准_2025/高职专科/旅游大类/餐饮类/540204_西式烹饪工艺.pdf
OK	345001	/Users/liuhongzhe/Desktop/学堂/专业建设/Codex工程/专业教学标准_2025/高职专科/文化艺术大类/表演艺术类/550218_舞台艺术设计与制作.pdf
OK	355042	/Users/liuhongzhe/Desktop/学堂/专业建设/Codex工程/专业教学标准_2025/高职专科/文化艺术大类/文化服务类/550408_石窟寺保护技术.pdf
OK	373854	/Users/liuhongzhe/Desktop/学堂/专业建设/Codex工程/专业教学标准_2025/高职专科/文化艺术大类/表演艺术类/550210_现代流行音乐.pdf
OK	337108	/Users/liuhongzhe/Desktop/学堂/专业建设/Codex工程/专业教学标准_2025/高职专科/文化艺术大类/文化服务类/550402_文化产业经营与管理.pdf
OK	331641	/Users/liuhongzhe/Desktop/学堂/专业建设/Codex工程/专业教学标准_2025/高职专科/文化艺术大类/艺术设计类/550101_艺术设计.pdf
OK	340155	/Users/liuhongzhe/Desktop/学堂/专业建设/Codex工程/专业教学标准_2025/高职专科/文化艺术大类/艺术设计类/550106_环境艺术设计.pdf
OK	315375	/Users/liuhongzhe/Desktop/学堂/专业建设/Codex工程/专业教学标准_2025/高职专科/文化艺术大类/艺术设计类/550107_书画艺术.pdf
OK	329890	/Users/liuhongzhe/Desktop/学堂/专业建设/Codex工程/专业教学标准_2025/高职专科/文化艺术大类/表演艺术类/550220_现代魔术设计与表演.pdf
OK	338720	/Users/liuhongzhe/Desktop/学堂/专业建设/Codex工程/专业教学标准_2025/高职专科/文化艺术大类/艺术设计类/550110_展示艺术设计.pdf
OK	360384	/Users/liuhongzhe/Desktop/学堂/专业建设/Codex工程/专业教学标准_2025/高职专科/文化艺术大类/艺术设计类/550103_数字媒体艺术设计.pdf
OK	336901	/Users/liuhongzhe/Desktop/学堂/专业建设/Codex工程/专业教学标准_2025/高职专科/文化艺术大类/艺术设计类/550104_产品艺术设计.pdf
OK	347087	/Users/liuhongzhe/Desktop/学堂/专业建设/Codex工程/专业教学标准_2025/高职专科/文化艺术大类/艺术设计类/550115_家具艺术设计.pdf
OK	353853	/Users/liuhongzhe/Desktop/学堂/专业建设/Codex工程/专业教学标准_2025/高职专科/文化艺术大类/艺术设计类/550111_美容美体艺术.pdf
OK	352084	/Users/liuhongzhe/Desktop/学堂/专业建设/Codex工程/专业教学标准_2025/高职专科/文化艺术大类/艺术设计类/550112_工艺美术品设计.pdf
OK	359885	/Users/liuhongzhe/Desktop/学堂/专业建设/Codex工程/专业教学标准_2025/高职专科/文化艺术大类/艺术设计类/550116_动漫设计.pdf
OK	316403	/Users/liuhongzhe/Desktop/学堂/专业建设/Codex工程/专业教学标准_2025/高职专科/文化艺术大类/艺术设计类/550114_室内艺术设计.pdf
OK	323875	/Users/liuhongzhe/Desktop/学堂/专业建设/Codex工程/专业教学标准_2025/高职专科/文化艺术大类/艺术设计类/550105_服装与服饰设计.pdf
OK	343321	/Users/liuhongzhe/Desktop/学堂/专业建设/Codex工程/专业教学标准_2025/高职专科/文化艺术大类/艺术设计类/550113_广告艺术设计.pdf
OK	330792	/Users/liuhongzhe/Desktop/学堂/专业建设/Codex工程/专业教学标准_2025/高职专科/文化艺术大类/艺术设计类/550109_游戏艺术设计.pdf
OK	344350	/Users/liuhongzhe/Desktop/学堂/专业建设/Codex工程/专业教学标准_2025/高职专科/文化艺术大类/艺术设计类/550102_视觉传达设计.pdf
OK	322575	/Users/liuhongzhe/Desktop/学堂/专业建设/Codex工程/专业教学标准_2025/高职专科/文化艺术大类/艺术设计类/550120_皮具艺术设计.pdf
OK	350160	/Users/liuhongzhe/Desktop/学堂/专业建设/Codex工程/专业教学标准_2025/高职专科/文化艺术大类/艺术设计类/550118_摄影与摄像艺术.pdf
OK	338952	/Users/liuhongzhe/Desktop/学堂/专业建设/Codex工程/专业教学标准_2025/高职专科/文化艺术大类/艺术设计类/550108_公共艺术设计.pdf
OK	342683	/Users/liuhongzhe/Desktop/学堂/专业建设/Codex工程/专业教学标准_2025/高职专科/文化艺术大类/艺术设计类/550119_雕刻艺术设计.pdf
OK	349090	/Users/liuhongzhe/Desktop/学堂/专业建设/Codex工程/专业教学标准_2025/高职专科/文化艺术大类/艺术设计类/550123_首饰设计与工艺.pdf
OK	341292	/Users/liuhongzhe/Desktop/学堂/专业建设/Codex工程/专业教学标准_2025/高职专科/文化艺术大类/艺术设计类/550121_包装艺术设计.pdf
OK	353565	/Users/liuhongzhe/Desktop/学堂/专业建设/Codex工程/专业教学标准_2025/高职专科/新闻传播大类/广播影视类/560204_影视编导.pdf
OK	354806	/Users/liuhongzhe/Desktop/学堂/专业建设/Codex工程/专业教学标准_2025/高职专科/文化艺术大类/艺术设计类/550124_玉器设计与工艺.pdf
OK	324092	/Users/liuhongzhe/Desktop/学堂/专业建设/Codex工程/专业教学标准_2025/高职专科/文化艺术大类/艺术设计类/550117_人物形象设计.pdf
OK	354186	/Users/liuhongzhe/Desktop/学堂/专业建设/Codex工程/专业教学标准_2025/高职专科/文化艺术大类/艺术设计类/550126_雕塑设计.pdf
OK	336832	/Users/liuhongzhe/Desktop/学堂/专业建设/Codex工程/专业教学标准_2025/高职专科/新闻传播大类/广播影视类/560202_广播影视节目制作.pdf
OK	341404	/Users/liuhongzhe/Desktop/学堂/专业建设/Codex工程/专业教学标准_2025/高职专科/新闻传播大类/广播影视类/560212_摄影摄像技术.pdf
OK	354833	/Users/liuhongzhe/Desktop/学堂/专业建设/Codex工程/专业教学标准_2025/高职专科/文化艺术大类/艺术设计类/550125_刺绣设计与工艺.pdf
OK	348663	/Users/liuhongzhe/Desktop/学堂/专业建设/Codex工程/专业教学标准_2025/高职专科/新闻传播大类/广播影视类/560211_录音技术与艺术.pdf
OK	346816	/Users/liuhongzhe/Desktop/学堂/专业建设/Codex工程/专业教学标准_2025/高职专科/新闻传播大类/广播影视类/560203_数字广播电视技术.pdf
OK	369930	/Users/liuhongzhe/Desktop/学堂/专业建设/Codex工程/专业教学标准_2025/高职专科/新闻传播大类/广播影视类/560208_影视多媒体技术.pdf
OK	342752	/Users/liuhongzhe/Desktop/学堂/专业建设/Codex工程/专业教学标准_2025/高职专科/新闻传播大类/广播影视类/560216_全媒体广告策划与营销.pdf
OK	356798	/Users/liuhongzhe/Desktop/学堂/专业建设/Codex工程/专业教学标准_2025/高职专科/新闻传播大类/广播影视类/560213_融媒体技术与运营.pdf
OK	349805	/Users/liuhongzhe/Desktop/学堂/专业建设/Codex工程/专业教学标准_2025/高职专科/文化艺术大类/艺术设计类/550127_服装陈列与展示设计.pdf
OK	344691	/Users/liuhongzhe/Desktop/学堂/专业建设/Codex工程/专业教学标准_2025/高职专科/新闻传播大类/广播影视类/560201_播音与主持.pdf
OK	313853	/Users/liuhongzhe/Desktop/学堂/专业建设/Codex工程/专业教学标准_2025/高职专科/新闻传播大类/广播影视类/560214_网络直播与运营.pdf
OK	338188	/Users/liuhongzhe/Desktop/学堂/专业建设/Codex工程/专业教学标准_2025/高职专科/新闻传播大类/新闻出版类/560105_数字出版.pdf
OK	374598	/Users/liuhongzhe/Desktop/学堂/专业建设/Codex工程/专业教学标准_2025/高职专科/医药卫生大类/健康管理与促进类/520802_婴幼儿托育服务与管理.pdf
OK	349754	/Users/liuhongzhe/Desktop/学堂/专业建设/Codex工程/专业教学标准_2025/高职专科/医药卫生大类/公共卫生与卫生管理类/520701_公共卫生管理.pdf
OK	354459	/Users/liuhongzhe/Desktop/学堂/专业建设/Codex工程/专业教学标准_2025/高职专科/医药卫生大类/护理类/520202_助产.pdf
OK	351939	/Users/liuhongzhe/Desktop/学堂/专业建设/Codex工程/专业教学标准_2025/高职专科/医药卫生大类/健康管理与促进类/520803_老年保健与管理.pdf
OK	355120	/Users/liuhongzhe/Desktop/学堂/专业建设/Codex工程/专业教学标准_2025/高职专科/医药卫生大类/护理类/520201_护理.pdf
OK	377467	/Users/liuhongzhe/Desktop/学堂/专业建设/Codex工程/专业教学标准_2025/高职专科/医药卫生大类/临床医学类/520101K_临床医学.pdf
OK	344969	/Users/liuhongzhe/Desktop/学堂/专业建设/Codex工程/专业教学标准_2025/高职专科/医药卫生大类/健康管理与促进类/520804_心理咨询.pdf
OK	341168	/Users/liuhongzhe/Desktop/学堂/专业建设/Codex工程/专业教学标准_2025/高职专科/医药卫生大类/健康管理与促进类/520801_健康管理.pdf
OK	359926	/Users/liuhongzhe/Desktop/学堂/专业建设/Codex工程/专业教学标准_2025/高职专科/医药卫生大类/康复治疗类/520601_康复治疗技术.pdf
OK	355836	/Users/liuhongzhe/Desktop/学堂/专业建设/Codex工程/专业教学标准_2025/高职专科/医药卫生大类/临床医学类/520102K_口腔医学.pdf
OK	327633	/Users/liuhongzhe/Desktop/学堂/专业建设/Codex工程/专业教学标准_2025/高职专科/医药卫生大类/医学技术类/520502_医学影像技术.pdf
OK	348557	/Users/liuhongzhe/Desktop/学堂/专业建设/Codex工程/专业教学标准_2025/高职专科/医药卫生大类/眼视光类/520901_眼视光技术.pdf
curl: (22) The requested URL returned error: 502
curl: (22) The requested URL returned error: 502
OK	340137	/Users/liuhongzhe/Desktop/学堂/专业建设/Codex工程/专业教学标准_2025/高职专科/医药卫生大类/医学技术类/520501_医学检验技术.pdf
OK	350019	/Users/liuhongzhe/Desktop/学堂/专业建设/Codex工程/专业教学标准_2025/高职专科/医药卫生大类/眼视光类/520903_视觉训练与康复.pdf
OK	388590	/Users/liuhongzhe/Desktop/学堂/专业建设/Codex工程/专业教学标准_2025/高职专科/医药卫生大类/医学技术类/520504_口腔医学技术.pdf
OK	362645	/Users/liuhongzhe/Desktop/学堂/专业建设/Codex工程/专业教学标准_2025/高职专科/医药卫生大类/医学技术类/520503_医学生物技术.pdf
OK	338180	/Users/liuhongzhe/Desktop/学堂/专业建设/Codex工程/专业教学标准_2025/高职专科/医药卫生大类/眼视光类/520902_眼视光仪器技术.pdf
OK	364342	/Users/liuhongzhe/Desktop/学堂/专业建设/Codex工程/专业教学标准_2025/高职专科/医药卫生大类/医学技术类/520507_医学美容技术.pdf
OK	351592	/Users/liuhongzhe/Desktop/学堂/专业建设/Codex工程/专业教学标准_2025/高职专科/新闻传播大类/广播影视类/560206_影视动画.pdf
curl: (52) Empty reply from server
OK	361853	/Users/liuhongzhe/Desktop/学堂/专业建设/Codex工程/专业教学标准_2025/高职专科/医药卫生大类/药学类/520301_药学.pdf
OK	347834	/Users/liuhongzhe/Desktop/学堂/专业建设/Codex工程/专业教学标准_2025/高职专科/医药卫生大类/中医药类/520415_中药制药.pdf
OK	339708	/Users/liuhongzhe/Desktop/学堂/专业建设/Codex工程/专业教学标准_2025/高职专科/医药卫生大类/中医药类/520416_中医康复技术.pdf
OK	338662	/Users/liuhongzhe/Desktop/学堂/专业建设/Codex工程/专业教学标准_2025/高职专科/医药卫生大类/中医药类/520417_中医养生保健.pdf
OK	354084	/Users/liuhongzhe/Desktop/学堂/专业建设/Codex工程/专业教学标准_2025/高职专科/医药卫生大类/中医药类/520414_中药材生产与加工.pdf
OK	359583	/Users/liuhongzhe/Desktop/学堂/专业建设/Codex工程/专业教学标准_2025/高职专科/装备制造大类/船舶与海洋工程装备类/460501_船舶工程技术.pdf
OK	346512	/Users/liuhongzhe/Desktop/学堂/专业建设/Codex工程/专业教学标准_2025/高职专科/医药卫生大类/公共卫生与卫生管理类/520703K_预防医学.pdf
OK	362667	/Users/liuhongzhe/Desktop/学堂/专业建设/Codex工程/专业教学标准_2025/高职专科/医药卫生大类/中医药类/520410_中药学.pdf
OK	333577	/Users/liuhongzhe/Desktop/学堂/专业建设/Codex工程/专业教学标准_2025/高职专科/新闻传播大类/广播影视类/560205_新闻采编与制作.pdf
OK	344289	/Users/liuhongzhe/Desktop/学堂/专业建设/Codex工程/专业教学标准_2025/高职专科/医药卫生大类/中医药类/520403K_针灸推拿.pdf
OK	348618	/Users/liuhongzhe/Desktop/学堂/专业建设/Codex工程/专业教学标准_2025/高职专科/装备制造大类/轨道装备类/460401_铁道机车车辆制造与维护.pdf
OK	348032	/Users/liuhongzhe/Desktop/学堂/专业建设/Codex工程/专业教学标准_2025/高职专科/装备制造大类/船舶与海洋工程装备类/460502_船舶动力工程技术.pdf
OK	363341	/Users/liuhongzhe/Desktop/学堂/专业建设/Codex工程/专业教学标准_2025/高职专科/装备制造大类/船舶与海洋工程装备类/460509_邮轮内装技术.pdf
OK	354473	/Users/liuhongzhe/Desktop/学堂/专业建设/Codex工程/专业教学标准_2025/高职专科/医药卫生大类/中医药类/520418_药膳与食疗.pdf
OK	346320	/Users/liuhongzhe/Desktop/学堂/专业建设/Codex工程/专业教学标准_2025/高职专科/生物与化工大类/化工技术类/470201_应用化工技术.pdf
OK	339145	/Users/liuhongzhe/Desktop/学堂/专业建设/Codex工程/专业教学标准_2025/高职专科/装备制造大类/船舶与海洋工程装备类/460508_游艇设计与制造.pdf
OK	354159	/Users/liuhongzhe/Desktop/学堂/专业建设/Codex工程/专业教学标准_2025/高职专科/装备制造大类/轨道装备类/460403_城市轨道交通车辆制造与维护.pdf
OK	343229	/Users/liuhongzhe/Desktop/学堂/专业建设/Codex工程/专业教学标准_2025/高职专科/装备制造大类/船舶与海洋工程装备类/460503_船舶电气工程技术.pdf
OK	347649	/Users/liuhongzhe/Desktop/学堂/专业建设/Codex工程/专业教学标准_2025/高职专科/装备制造大类/船舶与海洋工程装备类/460504_船舶智能焊接技术.pdf
OK	345910	/Users/liuhongzhe/Desktop/学堂/专业建设/Codex工程/专业教学标准_2025/高职专科/装备制造大类/航空装备类/460602_飞行器数字化装配技术.pdf
OK	359577	/Users/liuhongzhe/Desktop/学堂/专业建设/Codex工程/专业教学标准_2025/高职专科/生物与化工大类/化工技术类/470210_化工装备技术.pdf
OK	340828	/Users/liuhongzhe/Desktop/学堂/专业建设/Codex工程/专业教学标准_2025/高职专科/装备制造大类/航空装备类/460601_飞行器数字化制造技术.pdf
OK	336157	/Users/liuhongzhe/Desktop/学堂/专业建设/Codex工程/专业教学标准_2025/高职专科/装备制造大类/航空装备类/460606_航空装备表面处理技术.pdf
OK	345433	/Users/liuhongzhe/Desktop/学堂/专业建设/Codex工程/专业教学标准_2025/高职专科/装备制造大类/航空装备类/460605_飞机机载设备装配调试技术.pdf
OK	342556	/Users/liuhongzhe/Desktop/学堂/专业建设/Codex工程/专业教学标准_2025/高职专科/装备制造大类/轨道装备类/460402_高速铁路动车组制造与维护.pdf
OK	363019	/Users/liuhongzhe/Desktop/学堂/专业建设/Codex工程/专业教学标准_2025/高职专科/装备制造大类/航空装备类/460607_飞行器维修技术.pdf
OK	356044	/Users/liuhongzhe/Desktop/学堂/专业建设/Codex工程/专业教学标准_2025/高职专科/生物与化工大类/化工技术类/470209_化工智能制造技术.pdf
OK	353775	/Users/liuhongzhe/Desktop/学堂/专业建设/Codex工程/专业教学标准_2025/高职专科/生物与化工大类/化工技术类/470208_分析检验技术.pdf
OK	336771	/Users/liuhongzhe/Desktop/学堂/专业建设/Codex工程/专业教学标准_2025/高职专科/装备制造大类/机电设备类/460206_电梯工程技术.pdf
OK	340602	/Users/liuhongzhe/Desktop/学堂/专业建设/Codex工程/专业教学标准_2025/高职专科/装备制造大类/机电设备类/460204_新能源装备技术.pdf
curl: (18) transfer closed with 341999 bytes remaining to read
OK	348140	/Users/liuhongzhe/Desktop/学堂/专业建设/Codex工程/专业教学标准_2025/高职专科/装备制造大类/机电设备类/460202_机电设备技术.pdf
OK	351333	/Users/liuhongzhe/Desktop/学堂/专业建设/Codex工程/专业教学标准_2025/高职专科/装备制造大类/机电设备类/460201_智能制造装备技术.pdf
OK	347741	/Users/liuhongzhe/Desktop/学堂/专业建设/Codex工程/专业教学标准_2025/高职专科/装备制造大类/机械设计制造类/460101_机械设计与制造.pdf
OK	334855	/Users/liuhongzhe/Desktop/学堂/专业建设/Codex工程/专业教学标准_2025/高职专科/装备制造大类/机械设计制造类/460105_工业设计.pdf
OK	348531	/Users/liuhongzhe/Desktop/学堂/专业建设/Codex工程/专业教学标准_2025/高职专科/装备制造大类/机械设计制造类/460103_数控技术.pdf
OK	354697	/Users/liuhongzhe/Desktop/学堂/专业建设/Codex工程/专业教学标准_2025/高职专科/装备制造大类/机械设计制造类/460111_工业材料表面处理技术.pdf
OK	351646	/Users/liuhongzhe/Desktop/学堂/专业建设/Codex工程/专业教学标准_2025/高职专科/装备制造大类/机械设计制造类/460107_材料成型及控制技术.pdf
OK	352134	/Users/liuhongzhe/Desktop/学堂/专业建设/Codex工程/专业教学标准_2025/高职专科/装备制造大类/机械设计制造类/460110_智能焊接技术.pdf
OK	349777	/Users/liuhongzhe/Desktop/学堂/专业建设/Codex工程/专业教学标准_2025/高职专科/装备制造大类/机械设计制造类/460112_增材制造技术.pdf
OK	342005	/Users/liuhongzhe/Desktop/学堂/专业建设/Codex工程/专业教学标准_2025/高职专科/装备制造大类/机械设计制造类/460102_数字化设计与制造技术.pdf
OK	341663	/Users/liuhongzhe/Desktop/学堂/专业建设/Codex工程/专业教学标准_2025/高职专科/装备制造大类/航空装备类/460609_无人机应用技术.pdf
OK	346206	/Users/liuhongzhe/Desktop/学堂/专业建设/Codex工程/专业教学标准_2025/高职专科/装备制造大类/机械设计制造类/460114_特种加工技术.pdf
OK	351615	/Users/liuhongzhe/Desktop/学堂/专业建设/Codex工程/专业教学标准_2025/高职专科/装备制造大类/机电设备类/460203_电机与电器技术.pdf
OK	346172	/Users/liuhongzhe/Desktop/学堂/专业建设/Codex工程/专业教学标准_2025/高职专科/装备制造大类/机械设计制造类/460113_模具设计与制造.pdf
OK	356261	/Users/liuhongzhe/Desktop/学堂/专业建设/Codex工程/专业教学标准_2025/高职专科/装备制造大类/机械设计制造类/460116_电线电缆制造技术.pdf
OK	341055	/Users/liuhongzhe/Desktop/学堂/专业建设/Codex工程/专业教学标准_2025/高职专科/装备制造大类/机械设计制造类/460115_智能光电制造技术.pdf
OK	363711	/Users/liuhongzhe/Desktop/学堂/专业建设/Codex工程/专业教学标准_2025/高职专科/医药卫生大类/公共卫生与卫生管理类/520704_健康大数据管理与服务.pdf
curl: (22) The requested URL returned error: 502
OK	348055	/Users/liuhongzhe/Desktop/学堂/专业建设/Codex工程/专业教学标准_2025/高职专科/装备制造大类/机械设计制造类/460120_理化测试与质检技术.pdf
OK	360076	/Users/liuhongzhe/Desktop/学堂/专业建设/Codex工程/专业教学标准_2025/高职专科/生物与化工大类/生物技术类/470101_食品生物技术.pdf
OK	348021	/Users/liuhongzhe/Desktop/学堂/专业建设/Codex工程/专业教学标准_2025/高职专科/装备制造大类/汽车制造类/460703_汽车电子技术.pdf
OK	325920	/Users/liuhongzhe/Desktop/学堂/专业建设/Codex工程/专业教学标准_2025/高职专科/装备制造大类/机械设计制造类/460119_工业产品质量检测技术.pdf
OK	339623	/Users/liuhongzhe/Desktop/学堂/专业建设/Codex工程/专业教学标准_2025/高职专科/装备制造大类/汽车制造类/460701_汽车制造与试验技术.pdf
OK	348848	/Users/liuhongzhe/Desktop/学堂/专业建设/Codex工程/专业教学标准_2025/高职专科/装备制造大类/机械设计制造类/460104_机械制造及自动化.pdf
OK	360180	/Users/liuhongzhe/Desktop/学堂/专业建设/Codex工程/专业教学标准_2025/高职专科/装备制造大类/汽车制造类/460702_新能源汽车技术.pdf
OK	354909	/Users/liuhongzhe/Desktop/学堂/专业建设/Codex工程/专业教学标准_2025/高职专科/生物与化工大类/生物技术类/470103_农业生物技术.pdf
OK	348705	/Users/liuhongzhe/Desktop/学堂/专业建设/Codex工程/专业教学标准_2025/高职专科/装备制造大类/机械设计制造类/460118_机械装备制造技术.pdf
OK	343418	/Users/liuhongzhe/Desktop/学堂/专业建设/Codex工程/专业教学标准_2025/高职专科/装备制造大类/自动化类/460301_机电一体化技术.pdf
OK	339093	/Users/liuhongzhe/Desktop/学堂/专业建设/Codex工程/专业教学标准_2025/高职专科/食品药品与粮食大类/药品与医疗器械类/490210_智能医疗装备技术.pdf
OK	350005	/Users/liuhongzhe/Desktop/学堂/专业建设/Codex工程/专业教学标准_2025/高职专科/生物与化工大类/生物技术类/470105_生物产品检验检疫.pdf
OK	350341	/Users/liuhongzhe/Desktop/学堂/专业建设/Codex工程/专业教学标准_2025/高职专科/生物与化工大类/生物技术类/470102_药品生物技术.pdf
OK	349762	/Users/liuhongzhe/Desktop/学堂/专业建设/Codex工程/专业教学标准_2025/高职专科/生物与化工大类/生物技术类/470107_生物信息技术.pdf
OK	347501	/Users/liuhongzhe/Desktop/学堂/专业建设/Codex工程/专业教学标准_2025/高职专科/装备制造大类/自动化类/460305_工业机器人技术.pdf
OK	353480	/Users/liuhongzhe/Desktop/学堂/专业建设/Codex工程/专业教学标准_2025/高职专科/装备制造大类/自动化类/460302_智能机电技术.pdf
OK	361773	/Users/liuhongzhe/Desktop/学堂/专业建设/Codex工程/专业教学标准_2025/高职专科/装备制造大类/自动化类/460303_智能控制技术.pdf
OK	355072	/Users/liuhongzhe/Desktop/学堂/专业建设/Codex工程/专业教学标准_2025/高职专科/装备制造大类/自动化类/460307_工业过程自动化技术.pdf
OK	359654	/Users/liuhongzhe/Desktop/学堂/专业建设/Codex工程/专业教学标准_2025/高职专科/装备制造大类/汽车制造类/460704_智能网联汽车技术.pdf
OK	347599	/Users/liuhongzhe/Desktop/学堂/专业建设/Codex工程/专业教学标准_2025/高职专科/装备制造大类/自动化类/460304_智能机器人技术.pdf
OK	338502	/Users/liuhongzhe/Desktop/学堂/专业建设/Codex工程/专业教学标准_2025/高职专科/装备制造大类/自动化类/460309_液压与气动技术.pdf
OK	344068	/Users/liuhongzhe/Desktop/学堂/专业建设/Codex工程/专业教学标准_2025/高职专科/生物与化工大类/生物技术类/470106_绿色生物制造技术.pdf
OK	346617	/Users/liuhongzhe/Desktop/学堂/专业建设/Codex工程/专业教学标准_2025/高职专科/资源环境与安全大类/安全类/420901_安全技术与管理.pdf
OK	337028	/Users/liuhongzhe/Desktop/学堂/专业建设/Codex工程/专业教学标准_2025/高职专科/能源动力与材料大类/电力技术类/430104_分布式发电与智能微电网技术.pdf
OK	346599	/Users/liuhongzhe/Desktop/学堂/专业建设/Codex工程/专业教学标准_2025/高职专科/装备制造大类/自动化类/460310_工业互联网应用.pdf
OK	343876	/Users/liuhongzhe/Desktop/学堂/专业建设/Codex工程/专业教学标准_2025/高职专科/装备制造大类/自动化类/460311_计量测试与应用技术.pdf
OK	340310	/Users/liuhongzhe/Desktop/学堂/专业建设/Codex工程/专业教学标准_2025/高职专科/装备制造大类/自动化类/460308_工业自动化仪表技术.pdf
OK	341985	/Users/liuhongzhe/Desktop/学堂/专业建设/Codex工程/专业教学标准_2025/高职专科/资源环境与安全大类/安全类/420905_应急救援技术.pdf
OK	344395	/Users/liuhongzhe/Desktop/学堂/专业建设/Codex工程/专业教学标准_2025/高职专科/能源动力与材料大类/电力技术类/430105_电力系统自动化技术.pdf
OK	358876	/Users/liuhongzhe/Desktop/学堂/专业建设/Codex工程/专业教学标准_2025/高职专科/资源环境与安全大类/地质类/420209_城市地质勘查.pdf
OK	343046	/Users/liuhongzhe/Desktop/学堂/专业建设/Codex工程/专业教学标准_2025/高职专科/能源动力与材料大类/电力技术类/430106_电力系统继电保护技术.pdf
OK	338430	/Users/liuhongzhe/Desktop/学堂/专业建设/Codex工程/专业教学标准_2025/高职专科/装备制造大类/自动化类/460306_电气自动化技术.pdf
OK	337954	/Users/liuhongzhe/Desktop/学堂/专业建设/Codex工程/专业教学标准_2025/高职专科/能源动力与材料大类/电力技术类/430107_输配电工程技术.pdf
OK	333333	/Users/liuhongzhe/Desktop/学堂/专业建设/Codex工程/专业教学标准_2025/高职专科/能源动力与材料大类/非金属材料类/430607_硅材料制备技术.pdf
OK	356898	/Users/liuhongzhe/Desktop/学堂/专业建设/Codex工程/专业教学标准_2025/高职专科/装备制造大类/汽车制造类/460705_汽车造型与改装技术.pdf
OK	336366	/Users/liuhongzhe/Desktop/学堂/专业建设/Codex工程/专业教学标准_2025/高职专科/能源动力与材料大类/非金属材料类/430601_材料工程技术.pdf
OK	349249	/Users/liuhongzhe/Desktop/学堂/专业建设/Codex工程/专业教学标准_2025/高职专科/资源环境与安全大类/测绘地理信息类/420302_测绘工程技术.pdf
OK	344380	/Users/liuhongzhe/Desktop/学堂/专业建设/Codex工程/专业教学标准_2025/高职专科/能源动力与材料大类/非金属材料类/430604_航空复合材料成型与加工技术.pdf
OK	351117	/Users/liuhongzhe/Desktop/学堂/专业建设/Codex工程/专业教学标准_2025/高职专科/能源动力与材料大类/电力技术类/430108_供用电技术.pdf
OK	352173	/Users/liuhongzhe/Desktop/学堂/专业建设/Codex工程/专业教学标准_2025/高职专科/资源环境与安全大类/安全类/420908_职业健康安全技术.pdf
OK	322166	/Users/liuhongzhe/Desktop/学堂/专业建设/Codex工程/专业教学标准_2025/高职专科/能源动力与材料大类/非金属材料类/430602_高分子材料智能制造技术.pdf
OK	342307	/Users/liuhongzhe/Desktop/学堂/专业建设/Codex工程/专业教学标准_2025/高职专科/资源环境与安全大类/测绘地理信息类/420306_国土空间规划与测绘.pdf
OK	353570	/Users/liuhongzhe/Desktop/学堂/专业建设/Codex工程/专业教学标准_2025/高职专科/资源环境与安全大类/测绘地理信息类/420304_摄影测量与遥感技术.pdf
OK	356902	/Users/liuhongzhe/Desktop/学堂/专业建设/Codex工程/专业教学标准_2025/高职专科/能源动力与材料大类/非金属材料类/430603_复合材料智能制造技术.pdf
OK	362980	/Users/liuhongzhe/Desktop/学堂/专业建设/Codex工程/专业教学标准_2025/高职专科/资源环境与安全大类/测绘地理信息类/420308_矿山测量.pdf
OK	323916	/Users/liuhongzhe/Desktop/学堂/专业建设/Codex工程/专业教学标准_2025/高职专科/资源环境与安全大类/环境保护类/420805_环境管理与评价.pdf
OK	341424	/Users/liuhongzhe/Desktop/学堂/专业建设/Codex工程/专业教学标准_2025/高职专科/资源环境与安全大类/环境保护类/420801_环境监测技术.pdf
OK	334343	/Users/liuhongzhe/Desktop/学堂/专业建设/Codex工程/专业教学标准_2025/高职专科/资源环境与安全大类/环境保护类/420806_生态环境修复技术.pdf
OK	348644	/Users/liuhongzhe/Desktop/学堂/专业建设/Codex工程/专业教学标准_2025/高职专科/资源环境与安全大类/测绘地理信息类/420301_工程测量技术.pdf
OK	343999	/Users/liuhongzhe/Desktop/学堂/专业建设/Codex工程/专业教学标准_2025/高职专科/资源环境与安全大类/测绘地理信息类/420310_空间数字建模与应用技术.pdf
OK	359860	/Users/liuhongzhe/Desktop/学堂/专业建设/Codex工程/专业教学标准_2025/高职专科/资源环境与安全大类/测绘地理信息类/420305_地籍测绘与土地管理.pdf
OK	379686	/Users/liuhongzhe/Desktop/学堂/专业建设/Codex工程/专业教学标准_2025/高职专科/能源动力与材料大类/建筑材料类/430701_建筑材料工程技术.pdf
OK	356624	/Users/liuhongzhe/Desktop/学堂/专业建设/Codex工程/专业教学标准_2025/高职专科/资源环境与安全大类/环境保护类/420808_资源综合利用技术.pdf
OK	342834	/Users/liuhongzhe/Desktop/学堂/专业建设/Codex工程/专业教学标准_2025/高职专科/能源动力与材料大类/黑色金属材料类/430401_钢铁智能冶金技术.pdf
OK	340241	/Users/liuhongzhe/Desktop/学堂/专业建设/Codex工程/专业教学标准_2025/高职专科/资源环境与安全大类/环境保护类/420811_智能环保装备技术.pdf
OK	323032	/Users/liuhongzhe/Desktop/学堂/专业建设/Codex工程/专业教学标准_2025/高职专科/能源动力与材料大类/黑色金属材料类/430402_智能轧钢技术.pdf
OK	374994	/Users/liuhongzhe/Desktop/学堂/专业建设/Codex工程/专业教学标准_2025/高职专科/能源动力与材料大类/建筑材料类/430705_装配式建筑构件智能制造技术.pdf
OK	366804	/Users/liuhongzhe/Desktop/学堂/专业建设/Codex工程/专业教学标准_2025/高职专科/资源环境与安全大类/金属与非金属矿类/420601_矿山智能开采技术.pdf
OK	345680	/Users/liuhongzhe/Desktop/学堂/专业建设/Codex工程/专业教学标准_2025/高职专科/资源环境与安全大类/煤炭类/420504_矿山机电与智能装备.pdf
OK	343804	/Users/liuhongzhe/Desktop/学堂/专业建设/Codex工程/专业教学标准_2025/高职专科/资源环境与安全大类/煤炭类/420501_煤矿智能开采技术.pdf
OK	342543	/Users/liuhongzhe/Desktop/学堂/专业建设/Codex工程/专业教学标准_2025/高职专科/能源动力与材料大类/热能与发电工程类/430205_发电运行技术.pdf
OK	343673	/Users/liuhongzhe/Desktop/学堂/专业建设/Codex工程/专业教学标准_2025/高职专科/资源环境与安全大类/测绘地理信息类/420307_无人机测绘技术.pdf
OK	343563	/Users/liuhongzhe/Desktop/学堂/专业建设/Codex工程/专业教学标准_2025/高职专科/资源环境与安全大类/煤炭类/420503_通风技术与安全管理.pdf
OK	338139	/Users/liuhongzhe/Desktop/学堂/专业建设/Codex工程/专业教学标准_2025/高职专科/能源动力与材料大类/热能与发电工程类/430201_热能动力工程技术.pdf
OK	347872	/Users/liuhongzhe/Desktop/学堂/专业建设/Codex工程/专业教学标准_2025/高职专科/能源动力与材料大类/热能与发电工程类/430203_地热开发技术.pdf
OK	351195	/Users/liuhongzhe/Desktop/学堂/专业建设/Codex工程/专业教学标准_2025/高职专科/资源环境与安全大类/石油与天然气类/420404_油气智能开采技术.pdf
OK	375839	/Users/liuhongzhe/Desktop/学堂/专业建设/Codex工程/专业教学标准_2025/高职专科/能源动力与材料大类/新能源发电工程类/430302_风力发电工程技术.pdf
OK	357961	/Users/liuhongzhe/Desktop/学堂/专业建设/Codex工程/专业教学标准_2025/高职专科/资源环境与安全大类/煤炭类/420505_煤炭清洁利用技术.pdf
OK	347458	/Users/liuhongzhe/Desktop/学堂/专业建设/Codex工程/专业教学标准_2025/高职专科/能源动力与材料大类/热能与发电工程类/430204_太阳能光热技术与应用.pdf
OK	344771	/Users/liuhongzhe/Desktop/学堂/专业建设/Codex工程/专业教学标准_2025/高职专科/能源动力与材料大类/新能源发电工程类/430305_工业节能技术.pdf
OK	323453	/Users/liuhongzhe/Desktop/学堂/专业建设/Codex工程/专业教学标准_2025/高职专科/资源环境与安全大类/石油与天然气类/420402_油气地质勘探技术.pdf
OK	347823	/Users/liuhongzhe/Desktop/学堂/专业建设/Codex工程/专业教学标准_2025/高职专科/能源动力与材料大类/热能与发电工程类/430206_热工自动化技术.pdf
OK	339892	/Users/liuhongzhe/Desktop/学堂/专业建设/Codex工程/专业教学标准_2025/高职专科/能源动力与材料大类/有色金属材料类/430501_有色金属智能冶金技术.pdf
OK	384628	/Users/liuhongzhe/Desktop/学堂/专业建设/Codex工程/专业教学标准_2025/高职专科/能源动力与材料大类/新能源发电工程类/430301_光伏工程技术.pdf
OK	349667	/Users/liuhongzhe/Desktop/学堂/专业建设/Codex工程/专业教学标准_2025/高职专科/资源环境与安全大类/石油与天然气类/420401_油气储运技术.pdf
OK	318130	/Users/liuhongzhe/Desktop/学堂/专业建设/Codex工程/专业教学标准_2025/高职专科/能源动力与材料大类/新能源发电工程类/430306_节电技术与管理.pdf
OK	348070	/Users/liuhongzhe/Desktop/学堂/专业建设/Codex工程/专业教学标准_2025/高职专科/能源动力与材料大类/新能源发电工程类/430303_生物质能应用技术.pdf
OK	339862	/Users/liuhongzhe/Desktop/学堂/专业建设/Codex工程/专业教学标准_2025/高职专科/资源环境与安全大类/环境保护类/420802_环境工程技术.pdf
OK	357697	/Users/liuhongzhe/Desktop/学堂/专业建设/Codex工程/专业教学标准_2025/高职专科/资源环境与安全大类/资源勘查类/420103_生态地质调查.pdf
OK	360822	/Users/liuhongzhe/Desktop/学堂/专业建设/Codex工程/专业教学标准_2025/高职专科/能源动力与材料大类/有色金属材料类/430505_稀土材料技术.pdf
OK	346775	/Users/liuhongzhe/Desktop/学堂/专业建设/Codex工程/专业教学标准_2025/中职/财经商贸大类/电子商务类/730704_网络营销.pdf
OK	351988	/Users/liuhongzhe/Desktop/学堂/专业建设/Codex工程/专业教学标准_2025/高职专科/资源环境与安全大类/资源勘查类/420107_宝玉石鉴定与加工.pdf
OK	347314	/Users/liuhongzhe/Desktop/学堂/专业建设/Codex工程/专业教学标准_2025/中职/财经商贸大类/财政税务类/730101_纳税事务.pdf
OK	364861	/Users/liuhongzhe/Desktop/学堂/专业建设/Codex工程/专业教学标准_2025/中职/财经商贸大类/财务会计类/730301_会计事务.pdf
OK	359271	/Users/liuhongzhe/Desktop/学堂/专业建设/Codex工程/专业教学标准_2025/高职专科/能源动力与材料大类/新能源发电工程类/430307_新能源材料应用技术.pdf
OK	336793	/Users/liuhongzhe/Desktop/学堂/专业建设/Codex工程/专业教学标准_2025/中职/财经商贸大类/经济贸易类/730502_服务外包.pdf
OK	347799	/Users/liuhongzhe/Desktop/学堂/专业建设/Codex工程/专业教学标准_2025/中职/财经商贸大类/电子商务类/730701_电子商务.pdf
OK	334966	/Users/liuhongzhe/Desktop/学堂/专业建设/Codex工程/专业教学标准_2025/中职/财经商贸大类/工商管理类/730602_市场营销.pdf
OK	328683	/Users/liuhongzhe/Desktop/学堂/专业建设/Codex工程/专业教学标准_2025/中职/财经商贸大类/电子商务类/730705_直播电商服务.pdf
OK	347023	/Users/liuhongzhe/Desktop/学堂/专业建设/Codex工程/专业教学标准_2025/中职/财经商贸大类/物流类/730801_物流服务与管理.pdf
OK	365487	/Users/liuhongzhe/Desktop/学堂/专业建设/Codex工程/专业教学标准_2025/中职/电子与信息大类/电子信息类/710101_电子信息技术.pdf
OK	347805	/Users/liuhongzhe/Desktop/学堂/专业建设/Codex工程/专业教学标准_2025/中职/财经商贸大类/电子商务类/730702_跨境电子商务.pdf
curl: (22) The requested URL returned error: 502
OK	351694	/Users/liuhongzhe/Desktop/学堂/专业建设/Codex工程/专业教学标准_2025/中职/电子与信息大类/集成电路类/710401_微电子技术与器件制造.pdf
OK	340649	/Users/liuhongzhe/Desktop/学堂/专业建设/Codex工程/专业教学标准_2025/中职/电子与信息大类/电子信息类/710102_物联网技术应用.pdf
OK	351098	/Users/liuhongzhe/Desktop/学堂/专业建设/Codex工程/专业教学标准_2025/中职/财经商贸大类/物流类/730803_国际货运代理.pdf
OK	355512	/Users/liuhongzhe/Desktop/学堂/专业建设/Codex工程/专业教学标准_2025/中职/财经商贸大类/物流类/730802_冷链物流服务与管理.pdf
OK	339784	/Users/liuhongzhe/Desktop/学堂/专业建设/Codex工程/专业教学标准_2025/中职/财经商贸大类/经济贸易类/730501_国际商务.pdf
OK	378384	/Users/liuhongzhe/Desktop/学堂/专业建设/Codex工程/专业教学标准_2025/中职/电子与信息大类/计算机类/710208_网络安防系统安装与维护.pdf
OK	350461	/Users/liuhongzhe/Desktop/学堂/专业建设/Codex工程/专业教学标准_2025/中职/电子与信息大类/计算机类/710206_移动应用技术与服务.pdf
OK	354459	/Users/liuhongzhe/Desktop/学堂/专业建设/Codex工程/专业教学标准_2025/中职/财经商贸大类/物流类/730804_物流设施运行与维护.pdf
OK	341632	/Users/liuhongzhe/Desktop/学堂/专业建设/Codex工程/专业教学标准_2025/中职/公安与司法大类/安全防范类/780701_安全保卫服务.pdf
OK	338293	/Users/liuhongzhe/Desktop/学堂/专业建设/Codex工程/专业教学标准_2025/中职/电子与信息大类/计算机类/710211_计算机与数码设备维修.pdf
OK	348142	/Users/liuhongzhe/Desktop/学堂/专业建设/Codex工程/专业教学标准_2025/中职/财经商贸大类/金融类/730201_金融事务.pdf
OK	344858	/Users/liuhongzhe/Desktop/学堂/专业建设/Codex工程/专业教学标准_2025/中职/电子与信息大类/计算机类/710205_大数据技术应用.pdf
OK	350446	/Users/liuhongzhe/Desktop/学堂/专业建设/Codex工程/专业教学标准_2025/高职专科/资源环境与安全大类/安全类/420906_消防救援技术.pdf
OK	339658	/Users/liuhongzhe/Desktop/学堂/专业建设/Codex工程/专业教学标准_2025/中职/电子与信息大类/计算机类/710207_网络信息安全.pdf
OK	326252	/Users/liuhongzhe/Desktop/学堂/专业建设/Codex工程/专业教学标准_2025/中职/公共管理与服务大类/公共服务类/790302_智慧健康养老服务.pdf
OK	351484	/Users/liuhongzhe/Desktop/学堂/专业建设/Codex工程/专业教学标准_2025/中职/公共管理与服务大类/公共服务类/790301_现代家政服务与管理.pdf
OK	340040	/Users/liuhongzhe/Desktop/学堂/专业建设/Codex工程/专业教学标准_2025/中职/电子与信息大类/通信类/710301_现代通信技术应用.pdf
OK	333288	/Users/liuhongzhe/Desktop/学堂/专业建设/Codex工程/专业教学标准_2025/中职/公共管理与服务大类/公共事业类/790102_社区公共事务管理.pdf
OK	353677	/Users/liuhongzhe/Desktop/学堂/专业建设/Codex工程/专业教学标准_2025/中职/公共管理与服务大类/公共服务类/790305_母婴照护.pdf
OK	357873	/Users/liuhongzhe/Desktop/学堂/专业建设/Codex工程/专业教学标准_2025/中职/交通运输大类/城市轨道交通类/700603_城市轨道交通供电.pdf
OK	342152	/Users/liuhongzhe/Desktop/学堂/专业建设/Codex工程/专业教学标准_2025/中职/公共管理与服务大类/文秘类/790401_文秘.pdf
OK	361715	/Users/liuhongzhe/Desktop/学堂/专业建设/Codex工程/专业教学标准_2025/中职/公共管理与服务大类/公共服务类/790304_殡葬服务与管理.pdf
OK	338938	/Users/liuhongzhe/Desktop/学堂/专业建设/Codex工程/专业教学标准_2025/中职/公共管理与服务大类/公共服务类/790303_老年人服务与管理.pdf
curl: (22) The requested URL returned error: 502
OK	343254	/Users/liuhongzhe/Desktop/学堂/专业建设/Codex工程/专业教学标准_2025/中职/交通运输大类/城市轨道交通类/700601_城市轨道交通车辆运用与检修.pdf
OK	362252	/Users/liuhongzhe/Desktop/学堂/专业建设/Codex工程/专业教学标准_2025/中职/交通运输大类/航空运输类/700403_飞机设备维修.pdf
OK	341248	/Users/liuhongzhe/Desktop/学堂/专业建设/Codex工程/专业教学标准_2025/中职/交通运输大类/城市轨道交通类/700602_城市轨道交通信号维护.pdf
OK	309300	/Users/liuhongzhe/Desktop/学堂/专业建设/Codex工程/专业教学标准_2025/中职/公共管理与服务大类/公共事业类/790101_社会工作事务.pdf
OK	370009	/Users/liuhongzhe/Desktop/学堂/专业建设/Codex工程/专业教学标准_2025/中职/交通运输大类/航空运输类/700401_民航运输服务.pdf
OK	345409	/Users/liuhongzhe/Desktop/学堂/专业建设/Codex工程/专业教学标准_2025/中职/公共管理与服务大类/文秘类/790402_行政事务助理.pdf
OK	342331	/Users/liuhongzhe/Desktop/学堂/专业建设/Codex工程/专业教学标准_2025/中职/电子与信息大类/通信类/710302_通信系统工程安装与维护.pdf
OK	355009	/Users/liuhongzhe/Desktop/学堂/专业建设/Codex工程/专业教学标准_2025/中职/公共管理与服务大类/公共管理类/790201_民政服务.pdf
OK	357585	/Users/liuhongzhe/Desktop/学堂/专业建设/Codex工程/专业教学标准_2025/中职/交通运输大类/水上运输类/700302_船舶机工与水手.pdf
OK	353075	/Users/liuhongzhe/Desktop/学堂/专业建设/Codex工程/专业教学标准_2025/中职/交通运输大类/城市轨道交通类/700604_城市轨道交通运营服务.pdf
OK	343764	/Users/liuhongzhe/Desktop/学堂/专业建设/Codex工程/专业教学标准_2025/中职/交通运输大类/航空运输类/700404_机场场务技术与管理.pdf
OK	341257	/Users/liuhongzhe/Desktop/学堂/专业建设/Codex工程/专业教学标准_2025/中职/交通运输大类/铁道运输类/700105_电气化铁道供电.pdf
OK	351440	/Users/liuhongzhe/Desktop/学堂/专业建设/Codex工程/专业教学标准_2025/中职/交通运输大类/水上运输类/700303_轮机维护与管理.pdf
OK	347991	/Users/liuhongzhe/Desktop/学堂/专业建设/Codex工程/专业教学标准_2025/中职/交通运输大类/水上运输类/700305_水路运输服务.pdf
OK	355133	/Users/liuhongzhe/Desktop/学堂/专业建设/Codex工程/专业教学标准_2025/中职/交通运输大类/铁道运输类/700102_电力机车运用与检修.pdf
OK	356524	/Users/liuhongzhe/Desktop/学堂/专业建设/Codex工程/专业教学标准_2025/中职/交通运输大类/铁道运输类/700107_铁道运输服务.pdf
OK	394657	/Users/liuhongzhe/Desktop/学堂/专业建设/Codex工程/专业教学标准_2025/中职/交通运输大类/水上运输类/700304_邮轮乘务.pdf
OK	339261	/Users/liuhongzhe/Desktop/学堂/专业建设/Codex工程/专业教学标准_2025/中职/交通运输大类/水上运输类/700306_港口机械运用与维修.pdf
OK	361433	/Users/liuhongzhe/Desktop/学堂/专业建设/Codex工程/专业教学标准_2025/中职/交通运输大类/道路运输类/700201_道路与桥梁工程施工.pdf
OK	350387	/Users/liuhongzhe/Desktop/学堂/专业建设/Codex工程/专业教学标准_2025/中职/交通运输大类/铁道运输类/700109_铁道桥梁隧道施工与维护.pdf
OK	345616	/Users/liuhongzhe/Desktop/学堂/专业建设/Codex工程/专业教学标准_2025/中职/财经商贸大类/电子商务类/730703_移动商务.pdf
OK	318623	/Users/liuhongzhe/Desktop/学堂/专业建设/Codex工程/专业教学标准_2025/中职/交通运输大类/道路运输类/700203_交通运营服务.pdf
OK	343967	/Users/liuhongzhe/Desktop/学堂/专业建设/Codex工程/专业教学标准_2025/中职/交通运输大类/道路运输类/700206_汽车运用与维修.pdf
OK	354475	/Users/liuhongzhe/Desktop/学堂/专业建设/Codex工程/专业教学标准_2025/中职/交通运输大类/铁道运输类/700106_铁道信号施工与维护.pdf
OK	351536	/Users/liuhongzhe/Desktop/学堂/专业建设/Codex工程/专业教学标准_2025/中职/交通运输大类/铁道运输类/700101_铁道工程施工与维护.pdf
OK	341499	/Users/liuhongzhe/Desktop/学堂/专业建设/Codex工程/专业教学标准_2025/中职/教育与体育大类/语言类/770208_商务阿拉伯语.pdf
OK	333116	/Users/liuhongzhe/Desktop/学堂/专业建设/Codex工程/专业教学标准_2025/中职/交通运输大类/邮政类/700701_邮政快递运营.pdf
OK	343226	/Users/liuhongzhe/Desktop/学堂/专业建设/Codex工程/专业教学标准_2025/中职/交通运输大类/道路运输类/700209_新能源汽车运用与维修.pdf
OK	343081	/Users/liuhongzhe/Desktop/学堂/专业建设/Codex工程/专业教学标准_2025/中职/交通运输大类/铁道运输类/700108_高速铁路乘务.pdf
OK	340939	/Users/liuhongzhe/Desktop/学堂/专业建设/Codex工程/专业教学标准_2025/中职/旅游大类/餐饮类/740203_中西面点.pdf
OK	357375	/Users/liuhongzhe/Desktop/学堂/专业建设/Codex工程/专业教学标准_2025/中职/旅游大类/餐饮类/740201_中餐烹饪.pdf
OK	335740	/Users/liuhongzhe/Desktop/学堂/专业建设/Codex工程/专业教学标准_2025/中职/交通运输大类/邮政类/700703_邮政通信服务.pdf
OK	349593	/Users/liuhongzhe/Desktop/学堂/专业建设/Codex工程/专业教学标准_2025/中职/教育与体育大类/教育类/770101_幼儿保育.pdf
OK	343482	/Users/liuhongzhe/Desktop/学堂/专业建设/Codex工程/专业教学标准_2025/中职/教育与体育大类/语言类/770207_商务泰语.pdf
OK	342598	/Users/liuhongzhe/Desktop/学堂/专业建设/Codex工程/专业教学标准_2025/中职/旅游大类/旅游类/740106_会展服务与管理.pdf
OK	343690	/Users/liuhongzhe/Desktop/学堂/专业建设/Codex工程/专业教学标准_2025/中职/旅游大类/旅游类/740101_旅游服务与管理.pdf
OK	361503	/Users/liuhongzhe/Desktop/学堂/专业建设/Codex工程/专业教学标准_2025/中职/交通运输大类/道路运输类/700204_交通工程机械运用与维修.pdf
OK	342614	/Users/liuhongzhe/Desktop/学堂/专业建设/Codex工程/专业教学标准_2025/中职/旅游大类/旅游类/740103_康养休闲旅游服务.pdf
OK	346081	/Users/liuhongzhe/Desktop/学堂/专业建设/Codex工程/专业教学标准_2025/中职/旅游大类/旅游类/740105_茶艺与茶营销.pdf
OK	341946	/Users/liuhongzhe/Desktop/学堂/专业建设/Codex工程/专业教学标准_2025/中职/农林牧渔大类/农业类/610101_种子生产技术.pdf
OK	339032	/Users/liuhongzhe/Desktop/学堂/专业建设/Codex工程/专业教学标准_2025/中职/旅游大类/旅游类/740102_导游服务.pdf
OK	333464	/Users/liuhongzhe/Desktop/学堂/专业建设/Codex工程/专业教学标准_2025/中职/交通运输大类/邮政类/700702_邮政快递安全技术.pdf
OK	354297	/Users/liuhongzhe/Desktop/学堂/专业建设/Codex工程/专业教学标准_2025/中职/农林牧渔大类/农业类/610105_园艺技术.pdf
OK	355734	/Users/liuhongzhe/Desktop/学堂/专业建设/Codex工程/专业教学标准_2025/中职/农林牧渔大类/林业类/610201_林业生产技术.pdf
OK	360854	/Users/liuhongzhe/Desktop/学堂/专业建设/Codex工程/专业教学标准_2025/中职/农林牧渔大类/农业类/610104_家庭农场生产经营.pdf
OK	345230	/Users/liuhongzhe/Desktop/学堂/专业建设/Codex工程/专业教学标准_2025/中职/农林牧渔大类/林业类/610202_园林技术.pdf
OK	364928	/Users/liuhongzhe/Desktop/学堂/专业建设/Codex工程/专业教学标准_2025/中职/农林牧渔大类/农业类/610115_农产品贮藏与加工.pdf
OK	359302	/Users/liuhongzhe/Desktop/学堂/专业建设/Codex工程/专业教学标准_2025/中职/农林牧渔大类/农业类/610102_作物生产技术.pdf
OK	352496	/Users/liuhongzhe/Desktop/学堂/专业建设/Codex工程/专业教学标准_2025/中职/农林牧渔大类/农业类/610103_循环农业与再生资源利用.pdf
OK	354328	/Users/liuhongzhe/Desktop/学堂/专业建设/Codex工程/专业教学标准_2025/中职/农林牧渔大类/农业类/610110_饲草栽培与加工.pdf
OK	345601	/Users/liuhongzhe/Desktop/学堂/专业建设/Codex工程/专业教学标准_2025/中职/农林牧渔大类/渔业类/610402_海水养殖.pdf
OK	364326	/Users/liuhongzhe/Desktop/学堂/专业建设/Codex工程/专业教学标准_2025/中职/农林牧渔大类/农业类/610109_烟草栽培与加工.pdf
OK	373113	/Users/liuhongzhe/Desktop/学堂/专业建设/Codex工程/专业教学标准_2025/中职/农林牧渔大类/农业类/610114_农产品加工与质量检测.pdf
OK	334442	/Users/liuhongzhe/Desktop/学堂/专业建设/Codex工程/专业教学标准_2025/中职/农林牧渔大类/林业类/610205_木业产品加工技术.pdf
OK	345192	/Users/liuhongzhe/Desktop/学堂/专业建设/Codex工程/专业教学标准_2025/中职/农林牧渔大类/农业类/610113_农机设备应用与维修.pdf
OK	313611	/Users/liuhongzhe/Desktop/学堂/专业建设/Codex工程/专业教学标准_2025/中职/轻工纺织大类/包装类/680201_包装设计与制作.pdf
OK	344324	/Users/liuhongzhe/Desktop/学堂/专业建设/Codex工程/专业教学标准_2025/中职/农林牧渔大类/农业类/610119_农资营销与服务.pdf
OK	354894	/Users/liuhongzhe/Desktop/学堂/专业建设/Codex工程/专业教学标准_2025/中职/轻工纺织大类/轻化工类/680101_化妆品制造技术.pdf
OK	353564	/Users/liuhongzhe/Desktop/学堂/专业建设/Codex工程/专业教学标准_2025/中职/农林牧渔大类/农业类/610108_中草药栽培.pdf
OK	345996	/Users/liuhongzhe/Desktop/学堂/专业建设/Codex工程/专业教学标准_2025/中职/水利大类/水利工程与管理类/650201_水利工程运行与管理.pdf
OK	345852	/Users/liuhongzhe/Desktop/学堂/专业建设/Codex工程/专业教学标准_2025/中职/轻工纺织大类/纺织服装类/680405_数字化染整工艺.pdf
OK	346092	/Users/liuhongzhe/Desktop/学堂/专业建设/Codex工程/专业教学标准_2025/中职/轻工纺织大类/印刷类/680301_印刷媒体技术.pdf
OK	336372	/Users/liuhongzhe/Desktop/学堂/专业建设/Codex工程/专业教学标准_2025/中职/水利大类/水利工程与管理类/650203_机电排灌工程技术.pdf
OK	363587	/Users/liuhongzhe/Desktop/学堂/专业建设/Codex工程/专业教学标准_2025/中职/农林牧渔大类/畜牧业类/610301_畜禽生产技术.pdf
OK	340395	/Users/liuhongzhe/Desktop/学堂/专业建设/Codex工程/专业教学标准_2025/中职/轻工纺织大类/纺织服装类/680406_服装制作与生产管理.pdf
OK	338159	/Users/liuhongzhe/Desktop/学堂/专业建设/Codex工程/专业教学标准_2025/中职/轻工纺织大类/纺织服装类/680401_纺织技术与服务.pdf
OK	366403	/Users/liuhongzhe/Desktop/学堂/专业建设/Codex工程/专业教学标准_2025/中职/轻工纺织大类/纺织服装类/680402_服装设计与工艺.pdf
OK	357816	/Users/liuhongzhe/Desktop/学堂/专业建设/Codex工程/专业教学标准_2025/中职/农林牧渔大类/农业类/610118_休闲农业生产与经营.pdf
OK	338416	/Users/liuhongzhe/Desktop/学堂/专业建设/Codex工程/专业教学标准_2025/中职/水利大类/水利水电设备类/650302_水电站运行与管理.pdf
OK	360457	/Users/liuhongzhe/Desktop/学堂/专业建设/Codex工程/专业教学标准_2025/中职/食品药品与粮食大类/粮食类/690301_粮油和饲料加工技术.pdf
OK	361082	/Users/liuhongzhe/Desktop/学堂/专业建设/Codex工程/专业教学标准_2025/中职/水利大类/水土保持与水环境类/650402_水环境智能监测与保护.pdf
OK	352674	/Users/liuhongzhe/Desktop/学堂/专业建设/Codex工程/专业教学标准_2025/中职/水利大类/水土保持与水环境类/650401_水土保持技术.pdf
OK	345002	/Users/liuhongzhe/Desktop/学堂/专业建设/Codex工程/专业教学标准_2025/中职/水利大类/水利工程与管理类/650205_农村饮水供水工程技术.pdf
OK	345136	/Users/liuhongzhe/Desktop/学堂/专业建设/Codex工程/专业教学标准_2025/中职/轻工纺织大类/轻化工类/680102_现代造纸工艺.pdf
OK	343197	/Users/liuhongzhe/Desktop/学堂/专业建设/Codex工程/专业教学标准_2025/中职/食品药品与粮食大类/药品与医疗器械类/690201_制药技术应用.pdf
OK	337037	/Users/liuhongzhe/Desktop/学堂/专业建设/Codex工程/专业教学标准_2025/中职/水利大类/水利工程与管理类/650204_现代灌溉技术.pdf
OK	355866	/Users/liuhongzhe/Desktop/学堂/专业建设/Codex工程/专业教学标准_2025/中职/食品药品与粮食大类/食品类/690102_酿酒工艺与技术.pdf
OK	337157	/Users/liuhongzhe/Desktop/学堂/专业建设/Codex工程/专业教学标准_2025/中职/土木建筑大类/房地产类/640701_房地产营销.pdf
OK	326292	/Users/liuhongzhe/Desktop/学堂/专业建设/Codex工程/专业教学标准_2025/中职/食品药品与粮食大类/食品类/690103_民族食品加工技术.pdf
OK	376355	/Users/liuhongzhe/Desktop/学堂/专业建设/Codex工程/专业教学标准_2025/中职/食品药品与粮食大类/药品与医疗器械类/690202_生物制药工艺.pdf
OK	351054	/Users/liuhongzhe/Desktop/学堂/专业建设/Codex工程/专业教学标准_2025/中职/食品药品与粮食大类/食品类/690101_食品加工工艺.pdf
OK	356645	/Users/liuhongzhe/Desktop/学堂/专业建设/Codex工程/专业教学标准_2025/中职/土木建筑大类/建筑设备类/640401_建筑智能化设备安装与运维.pdf
OK	352698	/Users/liuhongzhe/Desktop/学堂/专业建设/Codex工程/专业教学标准_2025/中职/食品药品与粮食大类/药品与医疗器械类/690203_生物药物检验.pdf
OK	341749	/Users/liuhongzhe/Desktop/学堂/专业建设/Codex工程/专业教学标准_2025/中职/土木建筑大类/建筑设备类/640402_建筑水电设备安装与运维.pdf
OK	344687	/Users/liuhongzhe/Desktop/学堂/专业建设/Codex工程/专业教学标准_2025/中职/土木建筑大类/房地产类/640702_物业服务.pdf
OK	333066	/Users/liuhongzhe/Desktop/学堂/专业建设/Codex工程/专业教学标准_2025/中职/土木建筑大类/建设工程管理类/640501_建筑工程造价.pdf
OK	342203	/Users/liuhongzhe/Desktop/学堂/专业建设/Codex工程/专业教学标准_2025/中职/土木建筑大类/建筑设计类/640103_古建筑修缮.pdf
OK	369784	/Users/liuhongzhe/Desktop/学堂/专业建设/Codex工程/专业教学标准_2025/中职/土木建筑大类/市政工程类/640603_城市燃气智能输配与应用.pdf
OK	344145	/Users/liuhongzhe/Desktop/学堂/专业建设/Codex工程/专业教学标准_2025/中职/土木建筑大类/建设工程管理类/640502_建设项目材料管理.pdf
OK	359693	/Users/liuhongzhe/Desktop/学堂/专业建设/Codex工程/专业教学标准_2025/中职/食品药品与粮食大类/食品类/690104_食品安全与检测技术.pdf
OK	334938	/Users/liuhongzhe/Desktop/学堂/专业建设/Codex工程/专业教学标准_2025/中职/文化艺术大类/表演艺术类/750211_数字音乐制作.pdf
OK	347564	/Users/liuhongzhe/Desktop/学堂/专业建设/Codex工程/专业教学标准_2025/中职/土木建筑大类/建筑设计类/640104_园林景观施工与维护.pdf
OK	344323	/Users/liuhongzhe/Desktop/学堂/专业建设/Codex工程/专业教学标准_2025/中职/土木建筑大类/建筑设计类/640102_建筑装饰技术.pdf
OK	329927	/Users/liuhongzhe/Desktop/学堂/专业建设/Codex工程/专业教学标准_2025/中职/文化艺术大类/民族文化艺术类/750303_民族服装与饰品.pdf
OK	342937	/Users/liuhongzhe/Desktop/学堂/专业建设/Codex工程/专业教学标准_2025/中职/文化艺术大类/表演艺术类/750210_舞台艺术设计与制作.pdf
OK	339934	/Users/liuhongzhe/Desktop/学堂/专业建设/Codex工程/专业教学标准_2025/中职/文化艺术大类/表演艺术类/750206_服装表演.pdf
OK	341591	/Users/liuhongzhe/Desktop/学堂/专业建设/Codex工程/专业教学标准_2025/中职/土木建筑大类/土建施工类/640303_建筑工程检测.pdf
OK	334418	/Users/liuhongzhe/Desktop/学堂/专业建设/Codex工程/专业教学标准_2025/中职/文化艺术大类/表演艺术类/750212_乐器维修与制作.pdf
OK	338440	/Users/liuhongzhe/Desktop/学堂/专业建设/Codex工程/专业教学标准_2025/中职/文化艺术大类/文化服务类/750403_图书档案数字化管理.pdf
OK	339914	/Users/liuhongzhe/Desktop/学堂/专业建设/Codex工程/专业教学标准_2025/中职/土木建筑大类/土建施工类/640302_装配式建筑施工.pdf
OK	335799	/Users/liuhongzhe/Desktop/学堂/专业建设/Codex工程/专业教学标准_2025/中职/文化艺术大类/艺术设计类/750105_服装陈列与展示设计.pdf
OK	329667	/Users/liuhongzhe/Desktop/学堂/专业建设/Codex工程/专业教学标准_2025/中职/文化艺术大类/艺术设计类/750103_数字影像技术.pdf
OK	331788	/Users/liuhongzhe/Desktop/学堂/专业建设/Codex工程/专业教学标准_2025/中职/文化艺术大类/民族文化艺术类/750306_民族工艺品设计与制作.pdf
OK	374775	/Users/liuhongzhe/Desktop/学堂/专业建设/Codex工程/专业教学标准_2025/中职/文化艺术大类/民族文化艺术类/750304_民族纺染织绣技艺.pdf
OK	334861	/Users/liuhongzhe/Desktop/学堂/专业建设/Codex工程/专业教学标准_2025/中职/文化艺术大类/表演艺术类/750209_戏曲音乐.pdf
OK	340310	/Users/liuhongzhe/Desktop/学堂/专业建设/Codex工程/专业教学标准_2025/中职/文化艺术大类/艺术设计类/750102_界面设计与制作.pdf
OK	331997	/Users/liuhongzhe/Desktop/学堂/专业建设/Codex工程/专业教学标准_2025/中职/文化艺术大类/表演艺术类/750201_音乐表演.pdf
OK	348703	/Users/liuhongzhe/Desktop/学堂/专业建设/Codex工程/专业教学标准_2025/中职/文化艺术大类/艺术设计类/750101_艺术设计与制作.pdf
OK	355022	/Users/liuhongzhe/Desktop/学堂/专业建设/Codex工程/专业教学标准_2025/中职/文化艺术大类/艺术设计类/750112_工艺品设计与制作.pdf
OK	334821	/Users/liuhongzhe/Desktop/学堂/专业建设/Codex工程/专业教学标准_2025/中职/新闻传播大类/广播影视类/760201_播音与主持.pdf
OK	335553	/Users/liuhongzhe/Desktop/学堂/专业建设/Codex工程/专业教学标准_2025/中职/新闻传播大类/广播影视类/760202_广播影视节目制作.pdf
OK	344575	/Users/liuhongzhe/Desktop/学堂/专业建设/Codex工程/专业教学标准_2025/中职/文化艺术大类/艺术设计类/750108_首饰设计与制作.pdf
OK	343015	/Users/liuhongzhe/Desktop/学堂/专业建设/Codex工程/专业教学标准_2025/中职/文化艺术大类/艺术设计类/750109_动漫与游戏设计.pdf
OK	332765	/Users/liuhongzhe/Desktop/学堂/专业建设/Codex工程/专业教学标准_2025/中职/文化艺术大类/艺术设计类/750107_绘画.pdf
OK	346008	/Users/liuhongzhe/Desktop/学堂/专业建设/Codex工程/专业教学标准_2025/中职/文化艺术大类/艺术设计类/750104_皮革制品设计与制作.pdf
OK	348403	/Users/liuhongzhe/Desktop/学堂/专业建设/Codex工程/专业教学标准_2025/中职/医药卫生大类/药学类/720301_药剂.pdf
OK	331948	/Users/liuhongzhe/Desktop/学堂/专业建设/Codex工程/专业教学标准_2025/中职/医药卫生大类/护理类/720201_护理.pdf
OK	339137	/Users/liuhongzhe/Desktop/学堂/专业建设/Codex工程/专业教学标准_2025/中职/新闻传播大类/广播影视类/760204_动漫与游戏制作.pdf
OK	350645	/Users/liuhongzhe/Desktop/学堂/专业建设/Codex工程/专业教学标准_2025/中职/医药卫生大类/健康管理与促进类/720803_婴幼儿托育.pdf
OK	333800	/Users/liuhongzhe/Desktop/学堂/专业建设/Codex工程/专业教学标准_2025/中职/医药卫生大类/康复治疗类/720602_康复辅助器具技术及应用.pdf
OK	344376	/Users/liuhongzhe/Desktop/学堂/专业建设/Codex工程/专业教学标准_2025/中职/医药卫生大类/中医药类/720409_中医养生保健.pdf
OK	356675	/Users/liuhongzhe/Desktop/学堂/专业建设/Codex工程/专业教学标准_2025/中职/文化艺术大类/艺术设计类/750111_美容美体艺术.pdf
OK	392183	/Users/liuhongzhe/Desktop/学堂/专业建设/Codex工程/专业教学标准_2025/中职/新闻传播大类/新闻出版类/760101_出版商务.pdf
OK	318362	/Users/liuhongzhe/Desktop/学堂/专业建设/Codex工程/专业教学标准_2025/中职/医药卫生大类/中医药类/720408_中医康复技术.pdf
OK	348406	/Users/liuhongzhe/Desktop/学堂/专业建设/Codex工程/专业教学标准_2025/中职/装备制造大类/船舶与海洋工程装备类/660503_船舶电气装置安装与调试.pdf
OK	317065	/Users/liuhongzhe/Desktop/学堂/专业建设/Codex工程/专业教学标准_2025/中职/医药卫生大类/中医药类/720401_中医.pdf
OK	354109	/Users/liuhongzhe/Desktop/学堂/专业建设/Codex工程/专业教学标准_2025/中职/生物与化工大类/化工技术类/670201_化学工艺.pdf
OK	350182	/Users/liuhongzhe/Desktop/学堂/专业建设/Codex工程/专业教学标准_2025/中职/医药卫生大类/中医药类/720403_中药.pdf
OK	346674	/Users/liuhongzhe/Desktop/学堂/专业建设/Codex工程/专业教学标准_2025/中职/生物与化工大类/化工技术类/670207_分析检验技术.pdf
OK	347187	/Users/liuhongzhe/Desktop/学堂/专业建设/Codex工程/专业教学标准_2025/中职/医药卫生大类/中医药类/720410_哈医医疗与哈药.pdf
OK	358178	/Users/liuhongzhe/Desktop/学堂/专业建设/Codex工程/专业教学标准_2025/中职/生物与化工大类/化工技术类/670202_石油炼制技术.pdf
OK	341676	/Users/liuhongzhe/Desktop/学堂/专业建设/Codex工程/专业教学标准_2025/中职/装备制造大类/船舶与海洋工程装备类/660504_船舶内装.pdf
OK	332476	/Users/liuhongzhe/Desktop/学堂/专业建设/Codex工程/专业教学标准_2025/中职/生物与化工大类/化工技术类/670203_精细化工技术.pdf
OK	357146	/Users/liuhongzhe/Desktop/学堂/专业建设/Codex工程/专业教学标准_2025/中职/装备制造大类/机电设备类/660206_电梯安装与维修保养.pdf
OK	333581	/Users/liuhongzhe/Desktop/学堂/专业建设/Codex工程/专业教学标准_2025/中职/装备制造大类/航空装备类/660601_无人机操控与维护.pdf
OK	347890	/Users/liuhongzhe/Desktop/学堂/专业建设/Codex工程/专业教学标准_2025/中职/装备制造大类/船舶与海洋工程装备类/660501_船体修造技术.pdf
OK	338076	/Users/liuhongzhe/Desktop/学堂/专业建设/Codex工程/专业教学标准_2025/中职/装备制造大类/机电设备类/660204_新能源装备运行与维护.pdf
OK	342488	/Users/liuhongzhe/Desktop/学堂/专业建设/Codex工程/专业教学标准_2025/中职/生物与化工大类/化工技术类/670204_高分子材料加工工艺.pdf
OK	335486	/Users/liuhongzhe/Desktop/学堂/专业建设/Codex工程/专业教学标准_2025/中职/装备制造大类/机械设计制造类/660102_机械加工技术.pdf
OK	352123	/Users/liuhongzhe/Desktop/学堂/专业建设/Codex工程/专业教学标准_2025/中职/医药卫生大类/中医药类/720407_中药制药.pdf
OK	342232	/Users/liuhongzhe/Desktop/学堂/专业建设/Codex工程/专业教学标准_2025/中职/装备制造大类/机械设计制造类/660108_模具制造技术.pdf
OK	348337	/Users/liuhongzhe/Desktop/学堂/专业建设/Codex工程/专业教学标准_2025/中职/装备制造大类/机械设计制造类/660109_工业产品质量检测技术.pdf
OK	354531	/Users/liuhongzhe/Desktop/学堂/专业建设/Codex工程/专业教学标准_2025/中职/装备制造大类/机电设备类/660201_智能设备运行与维护.pdf
OK	346948	/Users/liuhongzhe/Desktop/学堂/专业建设/Codex工程/专业教学标准_2025/中职/装备制造大类/机电设备类/660205_制冷和空调设备运行与维护.pdf
OK	340348	/Users/liuhongzhe/Desktop/学堂/专业建设/Codex工程/专业教学标准_2025/中职/生物与化工大类/化工技术类/670211_烟花爆竹生产与管理.pdf
OK	347328	/Users/liuhongzhe/Desktop/学堂/专业建设/Codex工程/专业教学标准_2025/中职/生物与化工大类/生物技术类/670101_生物产品检验检测.pdf
OK	337679	/Users/liuhongzhe/Desktop/学堂/专业建设/Codex工程/专业教学标准_2025/中职/装备制造大类/汽车制造类/660703_汽车电子技术应用.pdf
OK	344652	/Users/liuhongzhe/Desktop/学堂/专业建设/Codex工程/专业教学标准_2025/中职/装备制造大类/机械设计制造类/660107_增材制造技术应用.pdf
OK	336292	/Users/liuhongzhe/Desktop/学堂/专业建设/Codex工程/专业教学标准_2025/中职/装备制造大类/自动化类/660305_液压与气动技术应用.pdf
OK	345583	/Users/liuhongzhe/Desktop/学堂/专业建设/Codex工程/专业教学标准_2025/中职/装备制造大类/机械设计制造类/660103_数控技术应用.pdf
OK	349205	/Users/liuhongzhe/Desktop/学堂/专业建设/Codex工程/专业教学标准_2025/中职/装备制造大类/汽车制造类/660702_新能源汽车制造与检测.pdf
OK	338176	/Users/liuhongzhe/Desktop/学堂/专业建设/Codex工程/专业教学标准_2025/中职/资源环境与安全大类/安全类/620901_安全技术与管理.pdf
OK	352203	/Users/liuhongzhe/Desktop/学堂/专业建设/Codex工程/专业教学标准_2025/中职/生物与化工大类/生物技术类/670102_生物化工技术应用.pdf
OK	362962	/Users/liuhongzhe/Desktop/学堂/专业建设/Codex工程/专业教学标准_2025/中职/装备制造大类/自动化类/660301_机电技术应用.pdf
OK	344584	/Users/liuhongzhe/Desktop/学堂/专业建设/Codex工程/专业教学标准_2025/中职/装备制造大类/自动化类/660303_工业机器人技术应用.pdf
OK	347067	/Users/liuhongzhe/Desktop/学堂/专业建设/Codex工程/专业教学标准_2025/中职/装备制造大类/自动化类/660302_电气设备运行与控制.pdf
OK	343667	/Users/liuhongzhe/Desktop/学堂/专业建设/Codex工程/专业教学标准_2025/中职/资源环境与安全大类/安全类/620903_防灾减灾技术.pdf
OK	340517	/Users/liuhongzhe/Desktop/学堂/专业建设/Codex工程/专业教学标准_2025/中职/装备制造大类/自动化类/660304_工业自动化仪表及应用.pdf
OK	338047	/Users/liuhongzhe/Desktop/学堂/专业建设/Codex工程/专业教学标准_2025/中职/装备制造大类/机械设计制造类/660101_机械制造技术.pdf
OK	359446	/Users/liuhongzhe/Desktop/学堂/专业建设/Codex工程/专业教学标准_2025/中职/装备制造大类/汽车制造类/660701_汽车制造与检测.pdf
OK	341024	/Users/liuhongzhe/Desktop/学堂/专业建设/Codex工程/专业教学标准_2025/中职/装备制造大类/自动化类/660307_计量测试与应用技术.pdf
OK	338787	/Users/liuhongzhe/Desktop/学堂/专业建设/Codex工程/专业教学标准_2025/中职/资源环境与安全大类/测绘地理信息类/620301_工程测量技术.pdf
OK	335866	/Users/liuhongzhe/Desktop/学堂/专业建设/Codex工程/专业教学标准_2025/中职/资源环境与安全大类/安全类/620902_应急救援技术.pdf
OK	361243	/Users/liuhongzhe/Desktop/学堂/专业建设/Codex工程/专业教学标准_2025/中职/能源动力与材料大类/电力技术类/630103_电力系统自动化装置调试与维护.pdf
OK	353465	/Users/liuhongzhe/Desktop/学堂/专业建设/Codex工程/专业教学标准_2025/中职/资源环境与安全大类/测绘地理信息类/620302_地图绘制与地理信息系统.pdf
curl: (22) The requested URL returned error: 502
OK	350623	/Users/liuhongzhe/Desktop/学堂/专业建设/Codex工程/专业教学标准_2025/中职/资源环境与安全大类/地质类/620204_岩土工程勘察与施工.pdf
OK	348599	/Users/liuhongzhe/Desktop/学堂/专业建设/Codex工程/专业教学标准_2025/中职/资源环境与安全大类/环境保护类/620802_环境治理技术.pdf
OK	346127	/Users/liuhongzhe/Desktop/学堂/专业建设/Codex工程/专业教学标准_2025/中职/资源环境与安全大类/安全类/620904_森林消防.pdf
OK	342839	/Users/liuhongzhe/Desktop/学堂/专业建设/Codex工程/专业教学标准_2025/中职/能源动力与材料大类/黑色金属材料类/630401_钢铁冶炼技术.pdf
OK	329514	/Users/liuhongzhe/Desktop/学堂/专业建设/Codex工程/专业教学标准_2025/中职/资源环境与安全大类/地质类/620205_地球物理勘探技术.pdf
OK	382415	/Users/liuhongzhe/Desktop/学堂/专业建设/Codex工程/专业教学标准_2025/中职/资源环境与安全大类/地质类/620201_水文地质与工程地质勘查.pdf
OK	354557	/Users/liuhongzhe/Desktop/学堂/专业建设/Codex工程/专业教学标准_2025/中职/能源动力与材料大类/建筑材料类/630701_建筑材料智能生产技术.pdf
OK	344964	/Users/liuhongzhe/Desktop/学堂/专业建设/Codex工程/专业教学标准_2025/中职/装备制造大类/自动化类/660306_智能化生产线安装与运维.pdf
OK	358236	/Users/liuhongzhe/Desktop/学堂/专业建设/Codex工程/专业教学标准_2025/中职/资源环境与安全大类/测绘地理信息类/620304_航空摄影测量.pdf
OK	362907	/Users/liuhongzhe/Desktop/学堂/专业建设/Codex工程/专业教学标准_2025/中职/能源动力与材料大类/建筑材料类/630702_新型建筑材料生产技术.pdf
OK	358095	/Users/liuhongzhe/Desktop/学堂/专业建设/Codex工程/专业教学标准_2025/中职/能源动力与材料大类/建筑材料类/630704_装配式建筑构件制作技术.pdf
OK	368697	/Users/liuhongzhe/Desktop/学堂/专业建设/Codex工程/专业教学标准_2025/中职/能源动力与材料大类/电力技术类/630101_发电厂及变电站运行与维护.pdf
OK	349330	/Users/liuhongzhe/Desktop/学堂/专业建设/Codex工程/专业教学标准_2025/中职/资源环境与安全大类/环境保护类/620801_环境监测技术.pdf
OK	339001	/Users/liuhongzhe/Desktop/学堂/专业建设/Codex工程/专业教学标准_2025/中职/资源环境与安全大类/煤炭类/620502_矿井建设技术.pdf
OK	358320	/Users/liuhongzhe/Desktop/学堂/专业建设/Codex工程/专业教学标准_2025/中职/能源动力与材料大类/建筑材料类/630703_建筑材料检测技术.pdf
OK	341195	/Users/liuhongzhe/Desktop/学堂/专业建设/Codex工程/专业教学标准_2025/中职/资源环境与安全大类/煤炭类/620504_矿山机电.pdf
OK	364252	/Users/liuhongzhe/Desktop/学堂/专业建设/Codex工程/专业教学标准_2025/中职/资源环境与安全大类/煤炭类/620505_煤炭综合利用技术.pdf
OK	344587	/Users/liuhongzhe/Desktop/学堂/专业建设/Codex工程/专业教学标准_2025/中职/资源环境与安全大类/石油与天然气类/620404_油气开采.pdf
OK	347614	/Users/liuhongzhe/Desktop/学堂/专业建设/Codex工程/专业教学标准_2025/中职/资源环境与安全大类/石油与天然气类/620401_油气储运.pdf
OK	380102	/Users/liuhongzhe/Desktop/学堂/专业建设/Codex工程/专业教学标准_2025/中职/交通运输大类/道路运输类/700205_汽车服务与营销.pdf
OK	343686	/Users/liuhongzhe/Desktop/学堂/专业建设/Codex工程/专业教学标准_2025/中职/能源动力与材料大类/新能源发电工程类/630301_光伏工程技术与应用.pdf
OK	348709	/Users/liuhongzhe/Desktop/学堂/专业建设/Codex工程/专业教学标准_2025/中职/资源环境与安全大类/资源勘查类/620103_宝玉石加工与检测.pdf
OK	339134	/Users/liuhongzhe/Desktop/学堂/专业建设/Codex工程/专业教学标准_2025/中职/能源动力与材料大类/有色金属材料类/630501_有色金属冶炼技术.pdf
OK	356989	/Users/liuhongzhe/Desktop/学堂/专业建设/Codex工程/专业教学标准_2025/中职/资源环境与安全大类/气象类/620701_气象服务.pdf
OK	362399	/Users/liuhongzhe/Desktop/学堂/专业建设/Codex工程/专业教学标准_2025/中职/能源动力与材料大类/新能源发电工程类/630302_风力发电设备运行与维护.pdf
curl: (18) transfer closed with 225743 bytes remaining to read
OK	354658	/Users/liuhongzhe/Desktop/学堂/专业建设/Codex工程/专业教学标准_2025/中职/资源环境与安全大类/地质类/620202_钻探技术.pdf
