层次	专业名称及代码	预期字节数	实际字节数	PDF文件头	状态	本地相对路径
职业本科	330301 大数据与财务管理	371086	371086	%PDF-	OK	职业本科/财经商贸大类/财务会计类/330301_大数据与财务管理.pdf
职业本科	330302 大数据与会计	352753	352753	%PDF-	OK	职业本科/财经商贸大类/财务会计类/330302_大数据与会计.pdf
职业本科	330701 电子商务	350250	350250	%PDF-	OK	职业本科/财经商贸大类/电子商务类/330701_电子商务.pdf
职业本科	330602 市场营销	346052	346052	%PDF-	OK	职业本科/财经商贸大类/工商管理类/330602_市场营销.pdf
职业本科	330501 国际经济与贸易	352930	352930	%PDF-	OK	职业本科/财经商贸大类/经济贸易类/330501_国际经济与贸易.pdf
职业本科	330201 金融管理	341107	341107	%PDF-	OK	职业本科/财经商贸大类/金融类/330201_金融管理.pdf
职业本科	330802 现代物流管理	362498	362498	%PDF-	OK	职业本科/财经商贸大类/物流类/330802_现代物流管理.pdf
职业本科	310101 电子信息工程技术	389463	389463	%PDF-	OK	职业本科/电子与信息大类/电子信息类/310101_电子信息工程技术.pdf
职业本科	310102 物联网工程技术	374365	374365	%PDF-	OK	职业本科/电子与信息大类/电子信息类/310102_物联网工程技术.pdf
职业本科	310201 计算机应用工程	356602	356602	%PDF-	OK	职业本科/电子与信息大类/计算机类/310201_计算机应用工程.pdf
职业本科	310202 网络工程技术	365471	365471	%PDF-	OK	职业本科/电子与信息大类/计算机类/310202_网络工程技术.pdf
职业本科	310203 软件工程技术	370834	370834	%PDF-	OK	职业本科/电子与信息大类/计算机类/310203_软件工程技术.pdf
职业本科	310204 数字媒体技术	349885	349885	%PDF-	OK	职业本科/电子与信息大类/计算机类/310204_数字媒体技术.pdf
职业本科	310205 大数据工程技术	358979	358979	%PDF-	OK	职业本科/电子与信息大类/计算机类/310205_大数据工程技术.pdf
职业本科	310207 信息安全与管理	365841	365841	%PDF-	OK	职业本科/电子与信息大类/计算机类/310207_信息安全与管理.pdf
职业本科	310212 区块链技术	338434	338434	%PDF-	OK	职业本科/电子与信息大类/计算机类/310212_区块链技术.pdf
职业本科	310301 现代通信工程	361927	361927	%PDF-	OK	职业本科/电子与信息大类/通信类/310301_现代通信工程.pdf
职业本科	300601 城市轨道交通信号与控制技术	347516	347516	%PDF-	OK	职业本科/交通运输大类/城市轨道交通类/300601_城市轨道交通信号与控制技术.pdf
职业本科	300203 汽车服务工程技术	345928	345928	%PDF-	OK	职业本科/交通运输大类/道路运输类/300203_汽车服务工程技术.pdf
职业本科	370101 学前教育	354103	354103	%PDF-	OK	职业本科/教育与体育大类/教育类/370101_学前教育.pdf
职业本科	370301 社会体育指导与管理	358560	358560	%PDF-	OK	职业本科/教育与体育大类/体育类/370301_社会体育指导与管理.pdf
职业本科	370201 应用英语	355312	355312	%PDF-	OK	职业本科/教育与体育大类/语言类/370201_应用英语.pdf
职业本科	340101 旅游管理	344841	344841	%PDF-	OK	职业本科/旅游大类/旅游类/340101_旅游管理.pdf
职业本科	340102 酒店管理	357562	357562	%PDF-	OK	职业本科/旅游大类/旅游类/340102_酒店管理.pdf
职业本科	210103 智慧农业技术	336898	336898	%PDF-	OK	职业本科/农林牧渔大类/农业类/210103_智慧农业技术.pdf
职业本科	210104 设施园艺	365697	365697	%PDF-	OK	职业本科/农林牧渔大类/农业类/210104_设施园艺.pdf
职业本科	210301 动物医学	378392	378392	%PDF-	OK	职业本科/农林牧渔大类/畜牧业类/210301_动物医学.pdf
职业本科	210304 现代畜牧	382975	382975	%PDF-	OK	职业本科/农林牧渔大类/畜牧业类/210304_现代畜牧.pdf
职业本科	240501 工程造价	347822	347822	%PDF-	OK	职业本科/土木建筑大类/建设工程管理类/240501_工程造价.pdf
职业本科	240502 建设工程管理	347558	347558	%PDF-	OK	职业本科/土木建筑大类/建设工程管理类/240502_建设工程管理.pdf
职业本科	240101 建筑设计	362009	362009	%PDF-	OK	职业本科/土木建筑大类/建筑设计类/240101_建筑设计.pdf
职业本科	240301 建筑工程	340250	340250	%PDF-	OK	职业本科/土木建筑大类/土建施工类/240301_建筑工程.pdf
职业本科	350201 音乐表演	343009	343009	%PDF-	OK	职业本科/文化艺术大类/表演艺术类/350201_音乐表演.pdf
职业本科	350202 舞蹈表演与编导	346669	346669	%PDF-	OK	职业本科/文化艺术大类/表演艺术类/350202_舞蹈表演与编导.pdf
职业本科	350101 工艺美术	366442	366442	%PDF-	OK	职业本科/文化艺术大类/艺术设计类/350101_工艺美术.pdf
职业本科	350102 视觉传达设计	348486	348486	%PDF-	OK	职业本科/文化艺术大类/艺术设计类/350102_视觉传达设计.pdf
职业本科	350103 数字媒体艺术	343670	343670	%PDF-	OK	职业本科/文化艺术大类/艺术设计类/350103_数字媒体艺术.pdf
职业本科	350105 服装与服饰设计	354763	354763	%PDF-	OK	职业本科/文化艺术大类/艺术设计类/350105_服装与服饰设计.pdf
职业本科	350106 环境艺术设计	360493	360493	%PDF-	OK	职业本科/文化艺术大类/艺术设计类/350106_环境艺术设计.pdf
职业本科	360201 播音与主持	348475	348475	%PDF-	OK	职业本科/新闻传播大类/广播影视类/360201_播音与主持.pdf
职业本科	360202 影视摄影与制作	352327	352327	%PDF-	OK	职业本科/新闻传播大类/广播影视类/360202_影视摄影与制作.pdf
职业本科	360204 影视编导	366573	366573	%PDF-	OK	职业本科/新闻传播大类/广播影视类/360204_影视编导.pdf
职业本科	360206 数字动画	358929	358929	%PDF-	OK	职业本科/新闻传播大类/广播影视类/360206_数字动画.pdf
职业本科	360101 网络与新媒体	338614	338614	%PDF-	OK	职业本科/新闻传播大类/新闻出版类/360101_网络与新媒体.pdf
职业本科	320201 护理	364877	364877	%PDF-	OK	职业本科/医药卫生大类/护理类/320201_护理.pdf
职业本科	320601 康复治疗	373337	373337	%PDF-	OK	职业本科/医药卫生大类/康复治疗类/320601_康复治疗.pdf
职业本科	320301 药学	374007	374007	%PDF-	OK	职业本科/医药卫生大类/药学类/320301_药学.pdf
职业本科	320401 中药制药	357190	357190	%PDF-	OK	职业本科/医药卫生大类/中医药类/320401_中药制药.pdf
职业本科	270201 应用化工技术	359521	359521	%PDF-	OK	职业本科/生物与化工大类/化工技术类/270201_应用化工技术.pdf
职业本科	260601 航空智能制造技术	357972	357972	%PDF-	OK	职业本科/装备制造大类/航空装备类/260601_航空智能制造技术.pdf
职业本科	260602 飞行器维修工程技术	357568	357568	%PDF-	OK	职业本科/装备制造大类/航空装备类/260602_飞行器维修工程技术.pdf
职业本科	260604 无人机系统应用技术	356405	356405	%PDF-	OK	职业本科/装备制造大类/航空装备类/260604_无人机系统应用技术.pdf
职业本科	260203 电梯工程技术	340476	340476	%PDF-	OK	职业本科/装备制造大类/机电设备类/260203_电梯工程技术.pdf
职业本科	260101 机械设计制造及自动化	364618	364618	%PDF-	OK	职业本科/装备制造大类/机械设计制造类/260101_机械设计制造及自动化.pdf
职业本科	260102 智能制造工程技术	365378	365378	%PDF-	OK	职业本科/装备制造大类/机械设计制造类/260102_智能制造工程技术.pdf
职业本科	260104 工业设计	355044	355044	%PDF-	OK	职业本科/装备制造大类/机械设计制造类/260104_工业设计.pdf
职业本科	260106 材料成型及控制工程	355977	355977	%PDF-	OK	职业本科/装备制造大类/机械设计制造类/260106_材料成型及控制工程.pdf
职业本科	260701 汽车工程技术	354428	354428	%PDF-	OK	职业本科/装备制造大类/汽车制造类/260701_汽车工程技术.pdf
职业本科	260702 新能源汽车工程技术	355844	355844	%PDF-	OK	职业本科/装备制造大类/汽车制造类/260702_新能源汽车工程技术.pdf
职业本科	260301 机械电子工程技术	335296	335296	%PDF-	OK	职业本科/装备制造大类/自动化类/260301_机械电子工程技术.pdf
职业本科	260302 电气工程及自动化	373578	373578	%PDF-	OK	职业本科/装备制造大类/自动化类/260302_电气工程及自动化.pdf
职业本科	260304 机器人技术	351322	351322	%PDF-	OK	职业本科/装备制造大类/自动化类/260304_机器人技术.pdf
职业本科	260305 自动化技术与应用	349805	349805	%PDF-	OK	职业本科/装备制造大类/自动化类/260305_自动化技术与应用.pdf
职业本科	220801 生态环境工程技术	359795	359795	%PDF-	OK	职业本科/资源环境与安全大类/环境保护类/220801_生态环境工程技术.pdf
高职专科	530301 大数据与财务管理	336825	336825	%PDF-	OK	高职专科/财经商贸大类/财务会计类/530301_大数据与财务管理.pdf
高职专科	530302 大数据与会计	356982	356982	%PDF-	OK	高职专科/财经商贸大类/财务会计类/530302_大数据与会计.pdf
高职专科	530303 大数据与审计	332483	332483	%PDF-	OK	高职专科/财经商贸大类/财务会计类/530303_大数据与审计.pdf
高职专科	530304 会计信息管理	339442	339442	%PDF-	OK	高职专科/财经商贸大类/财务会计类/530304_会计信息管理.pdf
高职专科	530101 财税大数据应用	395368	395368	%PDF-	OK	高职专科/财经商贸大类/财政税务类/530101_财税大数据应用.pdf
高职专科	530701 电子商务	358183	358183	%PDF-	OK	高职专科/财经商贸大类/电子商务类/530701_电子商务.pdf
高职专科	530702 跨境电子商务	345810	345810	%PDF-	OK	高职专科/财经商贸大类/电子商务类/530702_跨境电子商务.pdf
高职专科	530703 移动商务	339968	339968	%PDF-	OK	高职专科/财经商贸大类/电子商务类/530703_移动商务.pdf
高职专科	530704 网络营销与直播电商	343905	343905	%PDF-	OK	高职专科/财经商贸大类/电子商务类/530704_网络营销与直播电商.pdf
高职专科	530705 农村电子商务	358329	358329	%PDF-	OK	高职专科/财经商贸大类/电子商务类/530705_农村电子商务.pdf
高职专科	530706 商务数据分析与应用	344651	344651	%PDF-	OK	高职专科/财经商贸大类/电子商务类/530706_商务数据分析与应用.pdf
高职专科	530601 工商企业管理	328997	328997	%PDF-	OK	高职专科/财经商贸大类/工商管理类/530601_工商企业管理.pdf
高职专科	530602 连锁经营与管理	341795	341795	%PDF-	OK	高职专科/财经商贸大类/工商管理类/530602_连锁经营与管理.pdf
高职专科	530603 商务管理	322880	322880	%PDF-	OK	高职专科/财经商贸大类/工商管理类/530603_商务管理.pdf
高职专科	530604 中小企业创业与经营	348857	348857	%PDF-	OK	高职专科/财经商贸大类/工商管理类/530604_中小企业创业与经营.pdf
高职专科	530605 市场营销	345138	345138	%PDF-	OK	高职专科/财经商贸大类/工商管理类/530605_市场营销.pdf
高职专科	530501 国际经济与贸易	346915	346915	%PDF-	OK	高职专科/财经商贸大类/经济贸易类/530501_国际经济与贸易.pdf
高职专科	530502 国际商务	368411	368411	%PDF-	OK	高职专科/财经商贸大类/经济贸易类/530502_国际商务.pdf
高职专科	530503 关务与外贸服务	342410	342410	%PDF-	OK	高职专科/财经商贸大类/经济贸易类/530503_关务与外贸服务.pdf
高职专科	530201 金融服务与管理	358164	358164	%PDF-	OK	高职专科/财经商贸大类/金融类/530201_金融服务与管理.pdf
高职专科	530202 金融科技应用	338068	338068	%PDF-	OK	高职专科/财经商贸大类/金融类/530202_金融科技应用.pdf
高职专科	530203 保险实务	340944	340944	%PDF-	OK	高职专科/财经商贸大类/金融类/530203_保险实务.pdf
高职专科	530205 财富管理	335815	335815	%PDF-	OK	高职专科/财经商贸大类/金融类/530205_财富管理.pdf
高职专科	530206 证券实务	311292	311292	%PDF-	OK	高职专科/财经商贸大类/金融类/530206_证券实务.pdf
高职专科	530208 农村金融	341768	341768	%PDF-	OK	高职专科/财经商贸大类/金融类/530208_农村金融.pdf
高职专科	530401 统计与大数据分析	329554	329554	%PDF-	OK	高职专科/财经商贸大类/统计类/530401_统计与大数据分析.pdf
高职专科	530403 市场调查与统计分析	358834	358834	%PDF-	OK	高职专科/财经商贸大类/统计类/530403_市场调查与统计分析.pdf
高职专科	530802 现代物流管理	382310	382310	%PDF-	OK	高职专科/财经商贸大类/物流类/530802_现代物流管理.pdf
高职专科	530803 航空物流管理	344624	344624	%PDF-	OK	高职专科/财经商贸大类/物流类/530803_航空物流管理.pdf
高职专科	530804 铁路物流管理	347750	347750	%PDF-	OK	高职专科/财经商贸大类/物流类/530804_铁路物流管理.pdf
高职专科	530806 港口物流管理	335548	335548	%PDF-	OK	高职专科/财经商贸大类/物流类/530806_港口物流管理.pdf
高职专科	530809 智能物流技术	366627	366627	%PDF-	OK	高职专科/财经商贸大类/物流类/530809_智能物流技术.pdf
高职专科	530810 供应链运营	343073	343073	%PDF-	OK	高职专科/财经商贸大类/物流类/530810_供应链运营.pdf
高职专科	510101 电子信息工程技术	350365	350365	%PDF-	OK	高职专科/电子与信息大类/电子信息类/510101_电子信息工程技术.pdf
高职专科	510102 物联网应用技术	343834	343834	%PDF-	OK	高职专科/电子与信息大类/电子信息类/510102_物联网应用技术.pdf
高职专科	510103 应用电子技术	354206	354206	%PDF-	OK	高职专科/电子与信息大类/电子信息类/510103_应用电子技术.pdf
高职专科	510104 电子产品制造技术	353552	353552	%PDF-	OK	高职专科/电子与信息大类/电子信息类/510104_电子产品制造技术.pdf
高职专科	510105 电子产品检测技术	386264	386264	%PDF-	OK	高职专科/电子与信息大类/电子信息类/510105_电子产品检测技术.pdf
高职专科	510106 移动互联应用技术	347178	347178	%PDF-	OK	高职专科/电子与信息大类/电子信息类/510106_移动互联应用技术.pdf
高职专科	510107 汽车智能技术	367442	367442	%PDF-	OK	高职专科/电子与信息大类/电子信息类/510107_汽车智能技术.pdf
高职专科	510108 智能产品开发与应用	343139	343139	%PDF-	OK	高职专科/电子与信息大类/电子信息类/510108_智能产品开发与应用.pdf
高职专科	510201 计算机应用技术	360510	360510	%PDF-	OK	高职专科/电子与信息大类/计算机类/510201_计算机应用技术.pdf
高职专科	510202 计算机网络技术	337838	337838	%PDF-	OK	高职专科/电子与信息大类/计算机类/510202_计算机网络技术.pdf
高职专科	510203 软件技术	350454	350454	%PDF-	OK	高职专科/电子与信息大类/计算机类/510203_软件技术.pdf
高职专科	510204 数字媒体技术	349036	349036	%PDF-	OK	高职专科/电子与信息大类/计算机类/510204_数字媒体技术.pdf
高职专科	510205 大数据技术	354060	354060	%PDF-	OK	高职专科/电子与信息大类/计算机类/510205_大数据技术.pdf
高职专科	510206 云计算技术应用	343610	343610	%PDF-	OK	高职专科/电子与信息大类/计算机类/510206_云计算技术应用.pdf
高职专科	510207 信息安全技术应用	358130	358130	%PDF-	OK	高职专科/电子与信息大类/计算机类/510207_信息安全技术应用.pdf
高职专科	510208 虚拟现实技术应用	344602	344602	%PDF-	OK	高职专科/电子与信息大类/计算机类/510208_虚拟现实技术应用.pdf
高职专科	510209 人工智能技术应用	356781	356781	%PDF-	OK	高职专科/电子与信息大类/计算机类/510209_人工智能技术应用.pdf
高职专科	510210 嵌入式技术应用	363886	363886	%PDF-	OK	高职专科/电子与信息大类/计算机类/510210_嵌入式技术应用.pdf
高职专科	510211 工业互联网技术	341459	341459	%PDF-	OK	高职专科/电子与信息大类/计算机类/510211_工业互联网技术.pdf
高职专科	510212 区块链技术应用	343578	343578	%PDF-	OK	高职专科/电子与信息大类/计算机类/510212_区块链技术应用.pdf
高职专科	510213 移动应用开发	359667	359667	%PDF-	OK	高职专科/电子与信息大类/计算机类/510213_移动应用开发.pdf
高职专科	510214 工业软件开发技术	357724	357724	%PDF-	OK	高职专科/电子与信息大类/计算机类/510214_工业软件开发技术.pdf
高职专科	510215 动漫制作技术	354380	354380	%PDF-	OK	高职专科/电子与信息大类/计算机类/510215_动漫制作技术.pdf
高职专科	510216 密码技术应用	344145	344145	%PDF-	OK	高职专科/电子与信息大类/计算机类/510216_密码技术应用.pdf
高职专科	510301 现代通信技术	373668	373668	%PDF-	OK	高职专科/电子与信息大类/通信类/510301_现代通信技术.pdf
高职专科	510302 现代移动通信技术	355233	355233	%PDF-	OK	高职专科/电子与信息大类/通信类/510302_现代移动通信技术.pdf
高职专科	510303 通信软件技术	360069	360069	%PDF-	OK	高职专科/电子与信息大类/通信类/510303_通信软件技术.pdf
高职专科	510304 卫星通信与导航技术	343334	343334	%PDF-	OK	高职专科/电子与信息大类/通信类/510304_卫星通信与导航技术.pdf
高职专科	510306 通信系统运行管理	362051	362051	%PDF-	OK	高职专科/电子与信息大类/通信类/510306_通信系统运行管理.pdf
高职专科	510307 智能互联网络技术	343977	343977	%PDF-	OK	高职专科/电子与信息大类/通信类/510307_智能互联网络技术.pdf
高职专科	510308 网络规划与优化技术	344530	344530	%PDF-	OK	高职专科/电子与信息大类/通信类/510308_网络规划与优化技术.pdf
高职专科	510309 电信服务与管理	347601	347601	%PDF-	OK	高职专科/电子与信息大类/通信类/510309_电信服务与管理.pdf
高职专科	580701 安全防范技术	338469	338469	%PDF-	OK	高职专科/公安与司法大类/安全防范类/580701_安全防范技术.pdf
高职专科	580702 安全保卫管理	389372	389372	%PDF-	OK	高职专科/公安与司法大类/安全防范类/580702_安全保卫管理.pdf
高职专科	580703 智能安防运营管理	373706	373706	%PDF-	OK	高职专科/公安与司法大类/安全防范类/580703_智能安防运营管理.pdf
高职专科	580401 法律事务	334960	334960	%PDF-	OK	高职专科/公安与司法大类/法律实务类/580401_法律事务.pdf
高职专科	580402 法律文秘	366288	366288	%PDF-	OK	高职专科/公安与司法大类/法律实务类/580402_法律文秘.pdf
高职专科	580505 社区矫正	342223	342223	%PDF-	OK	高职专科/公安与司法大类/法律执行类/580505_社区矫正.pdf
高职专科	580603 司法鉴定技术	343067	343067	%PDF-	OK	高职专科/公安与司法大类/司法技术类/580603_司法鉴定技术.pdf
高职专科	590301 现代家政服务与管理	320921	320921	%PDF-	OK	高职专科/公共管理与服务大类/公共服务类/590301_现代家政服务与管理.pdf
高职专科	590302 智慧健康养老服务与管理	356916	356916	%PDF-	OK	高职专科/公共管理与服务大类/公共服务类/590302_智慧健康养老服务与管理.pdf
高职专科	590304 婚庆服务与管理	347691	347691	%PDF-	OK	高职专科/公共管理与服务大类/公共服务类/590304_婚庆服务与管理.pdf
高职专科	590306 殡葬设备维护技术	340952	340952	%PDF-	OK	高职专科/公共管理与服务大类/公共服务类/590306_殡葬设备维护技术.pdf
高职专科	590202 人力资源管理	336826	336826	%PDF-	OK	高职专科/公共管理与服务大类/公共管理类/590202_人力资源管理.pdf
高职专科	590209 职业指导与服务	346450	346450	%PDF-	OK	高职专科/公共管理与服务大类/公共管理类/590209_职业指导与服务.pdf
高职专科	590210 标准化技术	327201	327201	%PDF-	OK	高职专科/公共管理与服务大类/公共管理类/590210_标准化技术.pdf
高职专科	590101 社会工作	307671	307671	%PDF-	OK	高职专科/公共管理与服务大类/公共事业类/590101_社会工作.pdf
高职专科	590102 党务工作	345417	345417	%PDF-	OK	高职专科/公共管理与服务大类/公共事业类/590102_党务工作.pdf
高职专科	590104 社区管理与服务	318591	318591	%PDF-	OK	高职专科/公共管理与服务大类/公共事业类/590104_社区管理与服务.pdf
高职专科	590401 现代文秘	357505	357505	%PDF-	OK	高职专科/公共管理与服务大类/文秘类/590401_现代文秘.pdf
高职专科	500601 城市轨道交通工程技术	388602	388602	%PDF-	OK	高职专科/交通运输大类/城市轨道交通类/500601_城市轨道交通工程技术.pdf
高职专科	500602 城市轨道车辆应用技术	344904	344904	%PDF-	OK	高职专科/交通运输大类/城市轨道交通类/500602_城市轨道车辆应用技术.pdf
高职专科	500603 城市轨道交通机电技术	342123	342123	%PDF-	OK	高职专科/交通运输大类/城市轨道交通类/500603_城市轨道交通机电技术.pdf
高职专科	500604 城市轨道交通通信信号技术	338831	338831	%PDF-	OK	高职专科/交通运输大类/城市轨道交通类/500604_城市轨道交通通信信号技术.pdf
高职专科	500605 城市轨道交通供配电技术	321094	321094	%PDF-	OK	高职专科/交通运输大类/城市轨道交通类/500605_城市轨道交通供配电技术.pdf
高职专科	500606 城市轨道交通运营管理	343992	343992	%PDF-	OK	高职专科/交通运输大类/城市轨道交通类/500606_城市轨道交通运营管理.pdf
高职专科	500401 民航运输服务	336793	336793	%PDF-	OK	高职专科/交通运输大类/航空运输类/500401_民航运输服务.pdf
高职专科	500405 空中乘务	401600	401600	%PDF-	OK	高职专科/交通运输大类/航空运输类/500405_空中乘务.pdf
高职专科	500406 民航安全技术管理	351448	351448	%PDF-	OK	高职专科/交通运输大类/航空运输类/500406_民航安全技术管理.pdf
高职专科	500407 民航空中安全保卫	351190	351190	%PDF-	OK	高职专科/交通运输大类/航空运输类/500407_民航空中安全保卫.pdf
高职专科	500408 机场运行服务与管理	334542	334542	%PDF-	OK	高职专科/交通运输大类/航空运输类/500408_机场运行服务与管理.pdf
高职专科	500409 飞机机电设备维修	376744	376744	%PDF-	OK	高职专科/交通运输大类/航空运输类/500409_飞机机电设备维修.pdf
高职专科	500412 通用航空器维修	362571	362571	%PDF-	OK	高职专科/交通运输大类/航空运输类/500412_通用航空器维修.pdf
高职专科	500414 航空地面设备维修	343727	343727	%PDF-	OK	高职专科/交通运输大类/航空运输类/500414_航空地面设备维修.pdf
高职专科	500416 通用航空航务技术	343302	343302	%PDF-	OK	高职专科/交通运输大类/航空运输类/500416_通用航空航务技术.pdf
高职专科	500302 港口与航道工程技术	354228	354228	%PDF-	OK	高职专科/交通运输大类/水上运输类/500302_港口与航道工程技术.pdf
高职专科	500304 国际邮轮乘务管理	340989	340989	%PDF-	OK	高职专科/交通运输大类/水上运输类/500304_国际邮轮乘务管理.pdf
高职专科	500305 水路运输安全管理	356042	356042	%PDF-	OK	高职专科/交通运输大类/水上运输类/500305_水路运输安全管理.pdf
高职专科	500306 港口机械与智能控制	347480	347480	%PDF-	OK	高职专科/交通运输大类/水上运输类/500306_港口机械与智能控制.pdf
高职专科	500308 船舶电子电气技术	346431	346431	%PDF-	OK	高职专科/交通运输大类/水上运输类/500308_船舶电子电气技术.pdf
高职专科	500310 集装箱运输管理	377006	377006	%PDF-	OK	高职专科/交通运输大类/水上运输类/500310_集装箱运输管理.pdf
高职专科	500101 铁道工程技术	358820	358820	%PDF-	OK	高职专科/交通运输大类/铁道运输类/500101_铁道工程技术.pdf
高职专科	500102 高速铁路施工与维护	355311	355311	%PDF-	OK	高职专科/交通运输大类/铁道运输类/500102_高速铁路施工与维护.pdf
高职专科	500103 铁道桥梁隧道工程技术	366761	366761	%PDF-	OK	高职专科/交通运输大类/铁道运输类/500103_铁道桥梁隧道工程技术.pdf
高职专科	500104 铁道养路机械应用技术	412774	412774	%PDF-	OK	高职专科/交通运输大类/铁道运输类/500104_铁道养路机械应用技术.pdf
高职专科	500105 铁道机车运用与维护	357585	357585	%PDF-	OK	高职专科/交通运输大类/铁道运输类/500105_铁道机车运用与维护.pdf
高职专科	500106 铁道车辆技术	352955	352955	%PDF-	OK	高职专科/交通运输大类/铁道运输类/500106_铁道车辆技术.pdf
高职专科	500109 高速铁路综合维修技术	352112	352112	%PDF-	OK	高职专科/交通运输大类/铁道运输类/500109_高速铁路综合维修技术.pdf
高职专科	500112 铁道交通运营管理	339698	339698	%PDF-	OK	高职专科/交通运输大类/铁道运输类/500112_铁道交通运营管理.pdf
高职专科	500113 高速铁路客运服务	343609	343609	%PDF-	OK	高职专科/交通运输大类/铁道运输类/500113_高速铁路客运服务.pdf
高职专科	500201 道路与桥梁工程技术	361115	361115	%PDF-	OK	高职专科/交通运输大类/道路运输类/500201_道路与桥梁工程技术.pdf
高职专科	500203 智能工程机械运用技术	342274	342274	%PDF-	OK	高职专科/交通运输大类/道路运输类/500203_智能工程机械运用技术.pdf
高职专科	500204 道路工程检测技术	353357	353357	%PDF-	OK	高职专科/交通运输大类/道路运输类/500204_道路工程检测技术.pdf
高职专科	500205 道路工程造价	353785	353785	%PDF-	OK	高职专科/交通运输大类/道路运输类/500205_道路工程造价.pdf
高职专科	500207 智能交通技术	348267	348267	%PDF-	OK	高职专科/交通运输大类/道路运输类/500207_智能交通技术.pdf
高职专科	500208 道路运输管理	333174	333174	%PDF-	OK	高职专科/交通运输大类/道路运输类/500208_道路运输管理.pdf
高职专科	500209 交通运营管理	345702	345702	%PDF-	OK	高职专科/交通运输大类/道路运输类/500209_交通运营管理.pdf
高职专科	500210 汽车技术服务与营销	346356	346356	%PDF-	OK	高职专科/交通运输大类/道路运输类/500210_汽车技术服务与营销.pdf
高职专科	500211 汽车检测与维修技术	346928	346928	%PDF-	OK	高职专科/交通运输大类/道路运输类/500211_汽车检测与维修技术.pdf
高职专科	500212 新能源汽车检测与维修技术	350672	350672	%PDF-	OK	高职专科/交通运输大类/道路运输类/500212_新能源汽车检测与维修技术.pdf
高职专科	500701 邮政快递运营管理	346315	346315	%PDF-	OK	高职专科/交通运输大类/邮政类/500701_邮政快递运营管理.pdf
高职专科	500702 邮政快递智能技术	345029	345029	%PDF-	OK	高职专科/交通运输大类/邮政类/500702_邮政快递智能技术.pdf
高职专科	570101K 早期教育	349361	349361	%PDF-	OK	高职专科/教育与体育大类/教育类/570101K_早期教育.pdf
高职专科	570102K 学前教育	339755	339755	%PDF-	OK	高职专科/教育与体育大类/教育类/570102K_学前教育.pdf
高职专科	570103K 小学教育	335389	335389	%PDF-	OK	高职专科/教育与体育大类/教育类/570103K_小学教育.pdf
高职专科	570104K 小学语文教育	345433	345433	%PDF-	OK	高职专科/教育与体育大类/教育类/570104K_小学语文教育.pdf
高职专科	570105K 小学数学教育	338346	338346	%PDF-	OK	高职专科/教育与体育大类/教育类/570105K_小学数学教育.pdf
高职专科	570106K 小学英语教育	338770	338770	%PDF-	OK	高职专科/教育与体育大类/教育类/570106K_小学英语教育.pdf
高职专科	570107K 小学科学教育	350870	350870	%PDF-	OK	高职专科/教育与体育大类/教育类/570107K_小学科学教育.pdf
高职专科	570108K 音乐教育	347336	347336	%PDF-	OK	高职专科/教育与体育大类/教育类/570108K_音乐教育.pdf
高职专科	570109K 美术教育	346279	346279	%PDF-	OK	高职专科/教育与体育大类/教育类/570109K_美术教育.pdf
高职专科	570110K 体育教育	349827	349827	%PDF-	OK	高职专科/教育与体育大类/教育类/570110K_体育教育.pdf
高职专科	570111K 小学道德与法治教育	336215	336215	%PDF-	OK	高职专科/教育与体育大类/教育类/570111K_小学道德与法治教育.pdf
高职专科	570112K 舞蹈教育	333800	333800	%PDF-	OK	高职专科/教育与体育大类/教育类/570112K_舞蹈教育.pdf
高职专科	570113K 艺术教育	342407	342407	%PDF-	OK	高职专科/教育与体育大类/教育类/570113K_艺术教育.pdf
高职专科	570114K 特殊教育	336839	336839	%PDF-	OK	高职专科/教育与体育大类/教育类/570114K_特殊教育.pdf
高职专科	570115K 现代教育技术	347943	347943	%PDF-	OK	高职专科/教育与体育大类/教育类/570115K_现代教育技术.pdf
高职专科	570301 社会体育	345298	345298	%PDF-	OK	高职专科/教育与体育大类/体育类/570301_社会体育.pdf
高职专科	570302 休闲体育	356817	356817	%PDF-	OK	高职专科/教育与体育大类/体育类/570302_休闲体育.pdf
高职专科	570303 运动训练	356630	356630	%PDF-	OK	高职专科/教育与体育大类/体育类/570303_运动训练.pdf
高职专科	570304 民族传统体育	338433	338433	%PDF-	OK	高职专科/教育与体育大类/体育类/570304_民族传统体育.pdf
高职专科	570307 健身指导与管理	345314	345314	%PDF-	OK	高职专科/教育与体育大类/体育类/570307_健身指导与管理.pdf
高职专科	570308 运动健康指导	345555	345555	%PDF-	OK	高职专科/教育与体育大类/体育类/570308_运动健康指导.pdf
高职专科	570309 运动数据分析	334670	334670	%PDF-	OK	高职专科/教育与体育大类/体育类/570309_运动数据分析.pdf
高职专科	570310 体能训练	335675	335675	%PDF-	OK	高职专科/教育与体育大类/体育类/570310_体能训练.pdf
高职专科	570311 体育运营与管理	333707	333707	%PDF-	OK	高职专科/教育与体育大类/体育类/570311_体育运营与管理.pdf
高职专科	570312 电子竞技运动与管理	330287	330287	%PDF-	OK	高职专科/教育与体育大类/体育类/570312_电子竞技运动与管理.pdf
高职专科	570314 冰雪运动与管理	345140	345140	%PDF-	OK	高职专科/教育与体育大类/体育类/570314_冰雪运动与管理.pdf
高职专科	570316 体育艺术表演	333872	333872	%PDF-	OK	高职专科/教育与体育大类/体育类/570316_体育艺术表演.pdf
高职专科	570201 商务英语	348938	348938	%PDF-	OK	高职专科/教育与体育大类/语言类/570201_商务英语.pdf
高职专科	570202 应用英语	334527	334527	%PDF-	OK	高职专科/教育与体育大类/语言类/570202_应用英语.pdf
高职专科	570203 旅游英语	340579	340579	%PDF-	OK	高职专科/教育与体育大类/语言类/570203_旅游英语.pdf
高职专科	570204 应用韩语	338318	338318	%PDF-	OK	高职专科/教育与体育大类/语言类/570204_应用韩语.pdf
高职专科	570205 商务日语	344424	344424	%PDF-	OK	高职专科/教育与体育大类/语言类/570205_商务日语.pdf
高职专科	570206 应用日语	343250	343250	%PDF-	OK	高职专科/教育与体育大类/语言类/570206_应用日语.pdf
高职专科	570207 旅游日语	341774	341774	%PDF-	OK	高职专科/教育与体育大类/语言类/570207_旅游日语.pdf
高职专科	570210 应用俄语	340779	340779	%PDF-	OK	高职专科/教育与体育大类/语言类/570210_应用俄语.pdf
高职专科	570211 应用法语	337158	337158	%PDF-	OK	高职专科/教育与体育大类/语言类/570211_应用法语.pdf
高职专科	570212 应用西班牙语	340094	340094	%PDF-	OK	高职专科/教育与体育大类/语言类/570212_应用西班牙语.pdf
高职专科	570213 应用德语	340808	340808	%PDF-	OK	高职专科/教育与体育大类/语言类/570213_应用德语.pdf
高职专科	570214 应用泰语	343383	343383	%PDF-	OK	高职专科/教育与体育大类/语言类/570214_应用泰语.pdf
高职专科	570215 应用越南语	333418	333418	%PDF-	OK	高职专科/教育与体育大类/语言类/570215_应用越南语.pdf
高职专科	540201 餐饮智能管理	377236	377236	%PDF-	OK	高职专科/旅游大类/餐饮类/540201_餐饮智能管理.pdf
高职专科	540202 烹饪工艺与营养	379461	379461	%PDF-	OK	高职专科/旅游大类/餐饮类/540202_烹饪工艺与营养.pdf
高职专科	540203 中西面点工艺	350200	350200	%PDF-	OK	高职专科/旅游大类/餐饮类/540203_中西面点工艺.pdf
高职专科	540204 西式烹饪工艺	341535	341535	%PDF-	OK	高职专科/旅游大类/餐饮类/540204_西式烹饪工艺.pdf
高职专科	540205 营养配餐	401872	401872	%PDF-	OK	高职专科/旅游大类/餐饮类/540205_营养配餐.pdf
高职专科	540101 旅游管理	354624	354624	%PDF-	OK	高职专科/旅游大类/旅游类/540101_旅游管理.pdf
高职专科	540102 导游	340606	340606	%PDF-	OK	高职专科/旅游大类/旅游类/540102_导游.pdf
高职专科	540103 旅行社经营与管理	326803	326803	%PDF-	OK	高职专科/旅游大类/旅游类/540103_旅行社经营与管理.pdf
高职专科	540104 定制旅行管理与服务	351797	351797	%PDF-	OK	高职专科/旅游大类/旅游类/540104_定制旅行管理与服务.pdf
高职专科	540105 研学旅行管理与服务	327077	327077	%PDF-	OK	高职专科/旅游大类/旅游类/540105_研学旅行管理与服务.pdf
高职专科	540106 酒店管理与数字化运营	359505	359505	%PDF-	OK	高职专科/旅游大类/旅游类/540106_酒店管理与数字化运营.pdf
高职专科	540107 民宿管理与运营	341620	341620	%PDF-	OK	高职专科/旅游大类/旅游类/540107_民宿管理与运营.pdf
高职专科	540108 葡萄酒文化与营销	368436	368436	%PDF-	OK	高职专科/旅游大类/旅游类/540108_葡萄酒文化与营销.pdf
高职专科	540109 茶艺与茶文化	325759	325759	%PDF-	OK	高职专科/旅游大类/旅游类/540109_茶艺与茶文化.pdf
高职专科	540110 智慧景区开发与管理	342184	342184	%PDF-	OK	高职专科/旅游大类/旅游类/540110_智慧景区开发与管理.pdf
高职专科	540111 智慧旅游技术应用	339400	339400	%PDF-	OK	高职专科/旅游大类/旅游类/540111_智慧旅游技术应用.pdf
高职专科	540112 会展策划与管理	339468	339468	%PDF-	OK	高职专科/旅游大类/旅游类/540112_会展策划与管理.pdf
高职专科	540113 休闲服务与管理	340424	340424	%PDF-	OK	高职专科/旅游大类/旅游类/540113_休闲服务与管理.pdf
高职专科	410202 园林技术	350057	350057	%PDF-	OK	高职专科/农林牧渔大类/林业类/410202_园林技术.pdf
高职专科	410204 花卉生产与花艺	352943	352943	%PDF-	OK	高职专科/农林牧渔大类/林业类/410204_花卉生产与花艺.pdf
高职专科	410206 森林和草原资源保护	334873	334873	%PDF-	OK	高职专科/农林牧渔大类/林业类/410206_森林和草原资源保护.pdf
高职专科	410207 林草生态保护与修复	358284	358284	%PDF-	OK	高职专科/农林牧渔大类/林业类/410207_林草生态保护与修复.pdf
高职专科	410210 森林生态旅游与康养	325446	325446	%PDF-	OK	高职专科/农林牧渔大类/林业类/410210_森林生态旅游与康养.pdf
高职专科	410211 林业信息技术应用	360504	360504	%PDF-	OK	高职专科/农林牧渔大类/林业类/410211_林业信息技术应用.pdf
高职专科	410102 作物生产与经营管理	360326	360326	%PDF-	OK	高职专科/农林牧渔大类/农业类/410102_作物生产与经营管理.pdf
高职专科	410103 现代农业技术	346701	346701	%PDF-	OK	高职专科/农林牧渔大类/农业类/410103_现代农业技术.pdf
高职专科	410105 园艺技术	359199	359199	%PDF-	OK	高职专科/农林牧渔大类/农业类/410105_园艺技术.pdf
高职专科	410106 植物保护与检疫技术	350803	350803	%PDF-	OK	高职专科/农林牧渔大类/农业类/410106_植物保护与检疫技术.pdf
高职专科	410107 茶叶生产与加工技术	354097	354097	%PDF-	OK	高职专科/农林牧渔大类/农业类/410107_茶叶生产与加工技术.pdf
高职专科	410108 中草药栽培与加工技术	421542	421542	%PDF-	OK	高职专科/农林牧渔大类/农业类/410108_中草药栽培与加工技术.pdf
高职专科	410110 饲草生产技术	352203	352203	%PDF-	OK	高职专科/农林牧渔大类/农业类/410110_饲草生产技术.pdf
高职专科	410111 食用菌生产与加工技术	367720	367720	%PDF-	OK	高职专科/农林牧渔大类/农业类/410111_食用菌生产与加工技术.pdf
高职专科	410113 现代农业装备应用技术	351101	351101	%PDF-	OK	高职专科/农林牧渔大类/农业类/410113_现代农业装备应用技术.pdf
高职专科	410114 农产品加工与质量检测	376051	376051	%PDF-	OK	高职专科/农林牧渔大类/农业类/410114_农产品加工与质量检测.pdf
高职专科	410115 绿色食品生产技术	362715	362715	%PDF-	OK	高职专科/农林牧渔大类/农业类/410115_绿色食品生产技术.pdf
高职专科	410117 棉花加工与经营管理	338794	338794	%PDF-	OK	高职专科/农林牧渔大类/农业类/410117_棉花加工与经营管理.pdf
高职专科	410118 休闲农业经营与管理	357252	357252	%PDF-	OK	高职专科/农林牧渔大类/农业类/410118_休闲农业经营与管理.pdf
高职专科	410119 现代农业经济管理	349652	349652	%PDF-	OK	高职专科/农林牧渔大类/农业类/410119_现代农业经济管理.pdf
高职专科	410120 农村新型经济组织管理	352669	352669	%PDF-	OK	高职专科/农林牧渔大类/农业类/410120_农村新型经济组织管理.pdf
高职专科	410301 动物医学	363563	363563	%PDF-	OK	高职专科/农林牧渔大类/畜牧业类/410301_动物医学.pdf
高职专科	410302 动物药学	358917	358917	%PDF-	OK	高职专科/农林牧渔大类/畜牧业类/410302_动物药学.pdf
高职专科	410303 畜牧兽医	354889	354889	%PDF-	OK	高职专科/农林牧渔大类/畜牧业类/410303_畜牧兽医.pdf
高职专科	410304 中兽医	363954	363954	%PDF-	OK	高职专科/农林牧渔大类/畜牧业类/410304_中兽医.pdf
高职专科	410305 宠物医疗技术	353115	353115	%PDF-	OK	高职专科/农林牧渔大类/畜牧业类/410305_宠物医疗技术.pdf
高职专科	410307 畜禽智能化养殖	363319	363319	%PDF-	OK	高职专科/农林牧渔大类/畜牧业类/410307_畜禽智能化养殖.pdf
高职专科	410309 宠物养护与驯导	384107	384107	%PDF-	OK	高职专科/农林牧渔大类/畜牧业类/410309_宠物养护与驯导.pdf
高职专科	410310 动物营养与饲料	345579	345579	%PDF-	OK	高职专科/农林牧渔大类/畜牧业类/410310_动物营养与饲料.pdf
高职专科	410401 水产养殖技术	351717	351717	%PDF-	OK	高职专科/农林牧渔大类/渔业类/410401_水产养殖技术.pdf
高职专科	480402 服装设计与工艺	336467	336467	%PDF-	OK	高职专科/轻工纺织大类/纺织服装类/480402_服装设计与工艺.pdf
高职专科	480405 数字化染整技术	358571	358571	%PDF-	OK	高职专科/轻工纺织大类/纺织服装类/480405_数字化染整技术.pdf
高职专科	480409 现代非织造技术	342420	342420	%PDF-	OK	高职专科/轻工纺织大类/纺织服装类/480409_现代非织造技术.pdf
高职专科	480103 家具设计与制造	335212	335212	%PDF-	OK	高职专科/轻工纺织大类/轻化工类/480103_家具设计与制造.pdf
高职专科	480108 皮具制作与工艺	321362	321362	%PDF-	OK	高职专科/轻工纺织大类/轻化工类/480108_皮具制作与工艺.pdf
高职专科	480302 印刷媒体技术	371724	371724	%PDF-	OK	高职专科/轻工纺织大类/印刷类/480302_印刷媒体技术.pdf
高职专科	480303 印刷数字图文技术	344923	344923	%PDF-	OK	高职专科/轻工纺织大类/印刷类/480303_印刷数字图文技术.pdf
高职专科	450202 智慧水利技术	354173	354173	%PDF-	OK	高职专科/水利大类/水利工程与管理类/450202_智慧水利技术.pdf
高职专科	450204 水利水电工程智能管理	346756	346756	%PDF-	OK	高职专科/水利大类/水利工程与管理类/450204_水利水电工程智能管理.pdf
高职专科	450208 智能水务管理	332832	332832	%PDF-	OK	高职专科/水利大类/水利工程与管理类/450208_智能水务管理.pdf
高职专科	450401 水土保持技术	337911	337911	%PDF-	OK	高职专科/水利大类/水土保持与水环境类/450401_水土保持技术.pdf
高职专科	450403 水生态修复技术	356575	356575	%PDF-	OK	高职专科/水利大类/水土保持与水环境类/450403_水生态修复技术.pdf
高职专科	450101 水文与水资源技术	345676	345676	%PDF-	OK	高职专科/水利大类/水文水资源类/450101_水文与水资源技术.pdf
高职专科	490301 粮食工程技术与管理	366289	366289	%PDF-	OK	高职专科/食品药品与粮食大类/粮食类/490301_粮食工程技术与管理.pdf
高职专科	490302 粮食储运与质量安全	358622	358622	%PDF-	OK	高职专科/食品药品与粮食大类/粮食类/490302_粮食储运与质量安全.pdf
高职专科	490101 食品智能加工技术	379682	379682	%PDF-	OK	高职专科/食品药品与粮食大类/食品类/490101_食品智能加工技术.pdf
高职专科	490102 食品质量与安全	365888	365888	%PDF-	OK	高职专科/食品药品与粮食大类/食品类/490102_食品质量与安全.pdf
高职专科	490103 食品营养与健康	364675	364675	%PDF-	OK	高职专科/食品药品与粮食大类/食品类/490103_食品营养与健康.pdf
高职专科	490104 食品检验检测技术	365780	365780	%PDF-	OK	高职专科/食品药品与粮食大类/食品类/490104_食品检验检测技术.pdf
高职专科	490201 药品生产技术	355050	355050	%PDF-	OK	高职专科/食品药品与粮食大类/药品与医疗器械类/490201_药品生产技术.pdf
高职专科	490202 生物制药技术	362086	362086	%PDF-	OK	高职专科/食品药品与粮食大类/药品与医疗器械类/490202_生物制药技术.pdf
高职专科	490203 药物制剂技术	333174	333174	%PDF-	OK	高职专科/食品药品与粮食大类/药品与医疗器械类/490203_药物制剂技术.pdf
高职专科	490204 化学制药技术	357083	357083	%PDF-	OK	高职专科/食品药品与粮食大类/药品与医疗器械类/490204_化学制药技术.pdf
高职专科	490206 药品质量与安全	347867	347867	%PDF-	OK	高职专科/食品药品与粮食大类/药品与医疗器械类/490206_药品质量与安全.pdf
高职专科	490207 制药设备应用技术	348871	348871	%PDF-	OK	高职专科/食品药品与粮食大类/药品与医疗器械类/490207_制药设备应用技术.pdf
高职专科	490208 药品经营与管理	352848	352848	%PDF-	OK	高职专科/食品药品与粮食大类/药品与医疗器械类/490208_药品经营与管理.pdf
高职专科	490209 食品药品监督管理	346097	346097	%PDF-	OK	高职专科/食品药品与粮食大类/药品与医疗器械类/490209_食品药品监督管理.pdf
高职专科	490210 智能医疗装备技术	339093	339093	%PDF-	OK	高职专科/食品药品与粮食大类/药品与医疗器械类/490210_智能医疗装备技术.pdf
高职专科	490211 医用电子仪器技术	332834	332834	%PDF-	OK	高职专科/食品药品与粮食大类/药品与医疗器械类/490211_医用电子仪器技术.pdf
高职专科	490214 医疗器械经营与服务	344456	344456	%PDF-	OK	高职专科/食品药品与粮食大类/药品与医疗器械类/490214_医疗器械经营与服务.pdf
高职专科	490215 康复工程技术	336150	336150	%PDF-	OK	高职专科/食品药品与粮食大类/药品与医疗器械类/490215_康复工程技术.pdf
高职专科	490218 化妆品质量与安全	357295	357295	%PDF-	OK	高职专科/食品药品与粮食大类/药品与医疗器械类/490218_化妆品质量与安全.pdf
高职专科	440201 城乡规划	346364	346364	%PDF-	OK	高职专科/土木建筑大类/城乡规划与管理类/440201_城乡规划.pdf
高职专科	440202 智慧城市管理技术	386625	386625	%PDF-	OK	高职专科/土木建筑大类/城乡规划与管理类/440202_智慧城市管理技术.pdf
高职专科	440701 房地产经营与管理	337753	337753	%PDF-	OK	高职专科/土木建筑大类/房地产类/440701_房地产经营与管理.pdf
高职专科	440702 房地产智能检测与估价	345012	345012	%PDF-	OK	高职专科/土木建筑大类/房地产类/440702_房地产智能检测与估价.pdf
高职专科	440703 现代物业管理	353481	353481	%PDF-	OK	高职专科/土木建筑大类/房地产类/440703_现代物业管理.pdf
高职专科	440501 工程造价	331414	331414	%PDF-	OK	高职专科/土木建筑大类/建设工程管理类/440501_工程造价.pdf
高职专科	440502 建设工程管理	343164	343164	%PDF-	OK	高职专科/土木建筑大类/建设工程管理类/440502_建设工程管理.pdf
高职专科	440503 建筑经济信息化管理	331744	331744	%PDF-	OK	高职专科/土木建筑大类/建设工程管理类/440503_建筑经济信息化管理.pdf
高职专科	440504 建设工程监理	339618	339618	%PDF-	OK	高职专科/土木建筑大类/建设工程管理类/440504_建设工程监理.pdf
高职专科	440404 建筑智能化工程技术	346972	346972	%PDF-	OK	高职专科/土木建筑大类/建筑设备类/440404_建筑智能化工程技术.pdf
高职专科	440406 建筑消防技术	349931	349931	%PDF-	OK	高职专科/土木建筑大类/建筑设备类/440406_建筑消防技术.pdf
高职专科	440101 建筑设计	341927	341927	%PDF-	OK	高职专科/土木建筑大类/建筑设计类/440101_建筑设计.pdf
高职专科	440102 建筑装饰工程技术	338132	338132	%PDF-	OK	高职专科/土木建筑大类/建筑设计类/440102_建筑装饰工程技术.pdf
高职专科	440104 园林工程技术	318320	318320	%PDF-	OK	高职专科/土木建筑大类/建筑设计类/440104_园林工程技术.pdf
高职专科	440105 风景园林设计	332556	332556	%PDF-	OK	高职专科/土木建筑大类/建筑设计类/440105_风景园林设计.pdf
高职专科	440106 建筑室内设计	348770	348770	%PDF-	OK	高职专科/土木建筑大类/建筑设计类/440106_建筑室内设计.pdf
高职专科	440107 建筑动画技术	312568	312568	%PDF-	OK	高职专科/土木建筑大类/建筑设计类/440107_建筑动画技术.pdf
高职专科	440601 市政工程技术	348152	348152	%PDF-	OK	高职专科/土木建筑大类/市政工程类/440601_市政工程技术.pdf
高职专科	440604 市政管网智能检测与维护	344756	344756	%PDF-	OK	高职专科/土木建筑大类/市政工程类/440604_市政管网智能检测与维护.pdf
高职专科	440301 建筑工程技术	338797	338797	%PDF-	OK	高职专科/土木建筑大类/土建施工类/440301_建筑工程技术.pdf
高职专科	440302 装配式建筑工程技术	339076	339076	%PDF-	OK	高职专科/土木建筑大类/土建施工类/440302_装配式建筑工程技术.pdf
高职专科	440303 建筑钢结构工程技术	342021	342021	%PDF-	OK	高职专科/土木建筑大类/土建施工类/440303_建筑钢结构工程技术.pdf
高职专科	440304 智能建造技术	340449	340449	%PDF-	OK	高职专科/土木建筑大类/土建施工类/440304_智能建造技术.pdf
高职专科	440305 地下与隧道工程技术	390381	390381	%PDF-	OK	高职专科/土木建筑大类/土建施工类/440305_地下与隧道工程技术.pdf
高职专科	440306 土木工程检测技术	351348	351348	%PDF-	OK	高职专科/土木建筑大类/土建施工类/440306_土木工程检测技术.pdf
高职专科	550201 音乐表演	352052	352052	%PDF-	OK	高职专科/文化艺术大类/表演艺术类/550201_音乐表演.pdf
高职专科	550202 舞蹈表演	342255	342255	%PDF-	OK	高职专科/文化艺术大类/表演艺术类/550202_舞蹈表演.pdf
高职专科	550204 表演艺术	355308	355308	%PDF-	OK	高职专科/文化艺术大类/表演艺术类/550204_表演艺术.pdf
高职专科	550205 戏剧影视表演	331402	331402	%PDF-	OK	高职专科/文化艺术大类/表演艺术类/550205_戏剧影视表演.pdf
高职专科	550206 歌舞表演	335433	335433	%PDF-	OK	高职专科/文化艺术大类/表演艺术类/550206_歌舞表演.pdf
高职专科	550209 国际标准舞	343958	343958	%PDF-	OK	高职专科/文化艺术大类/表演艺术类/550209_国际标准舞.pdf
高职专科	550210 现代流行音乐	373854	373854	%PDF-	OK	高职专科/文化艺术大类/表演艺术类/550210_现代流行音乐.pdf
高职专科	550211 戏曲音乐	334060	334060	%PDF-	OK	高职专科/文化艺术大类/表演艺术类/550211_戏曲音乐.pdf
高职专科	550212 音乐制作	333742	333742	%PDF-	OK	高职专科/文化艺术大类/表演艺术类/550212_音乐制作.pdf
高职专科	550214 钢琴调律	335398	335398	%PDF-	OK	高职专科/文化艺术大类/表演艺术类/550214_钢琴调律.pdf
高职专科	550217 时尚表演与传播	335914	335914	%PDF-	OK	高职专科/文化艺术大类/表演艺术类/550217_时尚表演与传播.pdf
高职专科	550218 舞台艺术设计与制作	345001	345001	%PDF-	OK	高职专科/文化艺术大类/表演艺术类/550218_舞台艺术设计与制作.pdf
高职专科	550220 现代魔术设计与表演	329890	329890	%PDF-	OK	高职专科/文化艺术大类/表演艺术类/550220_现代魔术设计与表演.pdf
高职专科	550303 民族服装与饰品	309411	309411	%PDF-	OK	高职专科/文化艺术大类/民族文化艺术类/550303_民族服装与饰品.pdf
高职专科	550402 文化产业经营与管理	337108	337108	%PDF-	OK	高职专科/文化艺术大类/文化服务类/550402_文化产业经营与管理.pdf
高职专科	550408 石窟寺保护技术	355042	355042	%PDF-	OK	高职专科/文化艺术大类/文化服务类/550408_石窟寺保护技术.pdf
高职专科	550101 艺术设计	331641	331641	%PDF-	OK	高职专科/文化艺术大类/艺术设计类/550101_艺术设计.pdf
高职专科	550102 视觉传达设计	344350	344350	%PDF-	OK	高职专科/文化艺术大类/艺术设计类/550102_视觉传达设计.pdf
高职专科	550103 数字媒体艺术设计	360384	360384	%PDF-	OK	高职专科/文化艺术大类/艺术设计类/550103_数字媒体艺术设计.pdf
高职专科	550104 产品艺术设计	336901	336901	%PDF-	OK	高职专科/文化艺术大类/艺术设计类/550104_产品艺术设计.pdf
高职专科	550105 服装与服饰设计	323875	323875	%PDF-	OK	高职专科/文化艺术大类/艺术设计类/550105_服装与服饰设计.pdf
高职专科	550106 环境艺术设计	340155	340155	%PDF-	OK	高职专科/文化艺术大类/艺术设计类/550106_环境艺术设计.pdf
高职专科	550107 书画艺术	315375	315375	%PDF-	OK	高职专科/文化艺术大类/艺术设计类/550107_书画艺术.pdf
高职专科	550108 公共艺术设计	338952	338952	%PDF-	OK	高职专科/文化艺术大类/艺术设计类/550108_公共艺术设计.pdf
高职专科	550109 游戏艺术设计	330792	330792	%PDF-	OK	高职专科/文化艺术大类/艺术设计类/550109_游戏艺术设计.pdf
高职专科	550110 展示艺术设计	338720	338720	%PDF-	OK	高职专科/文化艺术大类/艺术设计类/550110_展示艺术设计.pdf
高职专科	550111 美容美体艺术	353853	353853	%PDF-	OK	高职专科/文化艺术大类/艺术设计类/550111_美容美体艺术.pdf
高职专科	550112 工艺美术品设计	352084	352084	%PDF-	OK	高职专科/文化艺术大类/艺术设计类/550112_工艺美术品设计.pdf
高职专科	550113 广告艺术设计	343321	343321	%PDF-	OK	高职专科/文化艺术大类/艺术设计类/550113_广告艺术设计.pdf
高职专科	550114 室内艺术设计	316403	316403	%PDF-	OK	高职专科/文化艺术大类/艺术设计类/550114_室内艺术设计.pdf
高职专科	550115 家具艺术设计	347087	347087	%PDF-	OK	高职专科/文化艺术大类/艺术设计类/550115_家具艺术设计.pdf
高职专科	550116 动漫设计	359885	359885	%PDF-	OK	高职专科/文化艺术大类/艺术设计类/550116_动漫设计.pdf
高职专科	550117 人物形象设计	324092	324092	%PDF-	OK	高职专科/文化艺术大类/艺术设计类/550117_人物形象设计.pdf
高职专科	550118 摄影与摄像艺术	350160	350160	%PDF-	OK	高职专科/文化艺术大类/艺术设计类/550118_摄影与摄像艺术.pdf
高职专科	550119 雕刻艺术设计	342683	342683	%PDF-	OK	高职专科/文化艺术大类/艺术设计类/550119_雕刻艺术设计.pdf
高职专科	550120 皮具艺术设计	322575	322575	%PDF-	OK	高职专科/文化艺术大类/艺术设计类/550120_皮具艺术设计.pdf
高职专科	550121 包装艺术设计	341292	341292	%PDF-	OK	高职专科/文化艺术大类/艺术设计类/550121_包装艺术设计.pdf
高职专科	550123 首饰设计与工艺	349090	349090	%PDF-	OK	高职专科/文化艺术大类/艺术设计类/550123_首饰设计与工艺.pdf
高职专科	550124 玉器设计与工艺	354806	354806	%PDF-	OK	高职专科/文化艺术大类/艺术设计类/550124_玉器设计与工艺.pdf
高职专科	550125 刺绣设计与工艺	354833	354833	%PDF-	OK	高职专科/文化艺术大类/艺术设计类/550125_刺绣设计与工艺.pdf
高职专科	550126 雕塑设计	354186	354186	%PDF-	OK	高职专科/文化艺术大类/艺术设计类/550126_雕塑设计.pdf
高职专科	550127 服装陈列与展示设计	349805	349805	%PDF-	OK	高职专科/文化艺术大类/艺术设计类/550127_服装陈列与展示设计.pdf
高职专科	560201 播音与主持	344691	344691	%PDF-	OK	高职专科/新闻传播大类/广播影视类/560201_播音与主持.pdf
高职专科	560202 广播影视节目制作	336832	336832	%PDF-	OK	高职专科/新闻传播大类/广播影视类/560202_广播影视节目制作.pdf
高职专科	560203 数字广播电视技术	346816	346816	%PDF-	OK	高职专科/新闻传播大类/广播影视类/560203_数字广播电视技术.pdf
高职专科	560204 影视编导	353565	353565	%PDF-	OK	高职专科/新闻传播大类/广播影视类/560204_影视编导.pdf
高职专科	560205 新闻采编与制作	333577	333577	%PDF-	OK	高职专科/新闻传播大类/广播影视类/560205_新闻采编与制作.pdf
高职专科	560206 影视动画	351592	351592	%PDF-	OK	高职专科/新闻传播大类/广播影视类/560206_影视动画.pdf
高职专科	560208 影视多媒体技术	369930	369930	%PDF-	OK	高职专科/新闻传播大类/广播影视类/560208_影视多媒体技术.pdf
高职专科	560211 录音技术与艺术	348663	348663	%PDF-	OK	高职专科/新闻传播大类/广播影视类/560211_录音技术与艺术.pdf
高职专科	560212 摄影摄像技术	341404	341404	%PDF-	OK	高职专科/新闻传播大类/广播影视类/560212_摄影摄像技术.pdf
高职专科	560213 融媒体技术与运营	356798	356798	%PDF-	OK	高职专科/新闻传播大类/广播影视类/560213_融媒体技术与运营.pdf
高职专科	560214 网络直播与运营	313853	313853	%PDF-	OK	高职专科/新闻传播大类/广播影视类/560214_网络直播与运营.pdf
高职专科	560216 全媒体广告策划与营销	342752	342752	%PDF-	OK	高职专科/新闻传播大类/广播影视类/560216_全媒体广告策划与营销.pdf
高职专科	560105 数字出版	338188	338188	%PDF-	OK	高职专科/新闻传播大类/新闻出版类/560105_数字出版.pdf
高职专科	520701 公共卫生管理	349754	349754	%PDF-	OK	高职专科/医药卫生大类/公共卫生与卫生管理类/520701_公共卫生管理.pdf
高职专科	520703K 预防医学	346512	346512	%PDF-	OK	高职专科/医药卫生大类/公共卫生与卫生管理类/520703K_预防医学.pdf
高职专科	520704 健康大数据管理与服务	363711	363711	%PDF-	OK	高职专科/医药卫生大类/公共卫生与卫生管理类/520704_健康大数据管理与服务.pdf
高职专科	520201 护理	355120	355120	%PDF-	OK	高职专科/医药卫生大类/护理类/520201_护理.pdf
高职专科	520202 助产	354459	354459	%PDF-	OK	高职专科/医药卫生大类/护理类/520202_助产.pdf
高职专科	520801 健康管理	341168	341168	%PDF-	OK	高职专科/医药卫生大类/健康管理与促进类/520801_健康管理.pdf
高职专科	520802 婴幼儿托育服务与管理	374598	374598	%PDF-	OK	高职专科/医药卫生大类/健康管理与促进类/520802_婴幼儿托育服务与管理.pdf
高职专科	520803 老年保健与管理	351939	351939	%PDF-	OK	高职专科/医药卫生大类/健康管理与促进类/520803_老年保健与管理.pdf
高职专科	520804 心理咨询	344969	344969	%PDF-	OK	高职专科/医药卫生大类/健康管理与促进类/520804_心理咨询.pdf
高职专科	520601 康复治疗技术	359926	359926	%PDF-	OK	高职专科/医药卫生大类/康复治疗类/520601_康复治疗技术.pdf
高职专科	520101K 临床医学	377467	377467	%PDF-	OK	高职专科/医药卫生大类/临床医学类/520101K_临床医学.pdf
高职专科	520102K 口腔医学	355836	355836	%PDF-	OK	高职专科/医药卫生大类/临床医学类/520102K_口腔医学.pdf
高职专科	520901 眼视光技术	348557	348557	%PDF-	OK	高职专科/医药卫生大类/眼视光类/520901_眼视光技术.pdf
高职专科	520902 眼视光仪器技术	338180	338180	%PDF-	OK	高职专科/医药卫生大类/眼视光类/520902_眼视光仪器技术.pdf
高职专科	520903 视觉训练与康复	350019	350019	%PDF-	OK	高职专科/医药卫生大类/眼视光类/520903_视觉训练与康复.pdf
高职专科	520501 医学检验技术	340137	340137	%PDF-	OK	高职专科/医药卫生大类/医学技术类/520501_医学检验技术.pdf
高职专科	520502 医学影像技术	327633	327633	%PDF-	OK	高职专科/医药卫生大类/医学技术类/520502_医学影像技术.pdf
高职专科	520503 医学生物技术	362645	362645	%PDF-	OK	高职专科/医药卫生大类/医学技术类/520503_医学生物技术.pdf
高职专科	520504 口腔医学技术	388590	388590	%PDF-	OK	高职专科/医药卫生大类/医学技术类/520504_口腔医学技术.pdf
高职专科	520507 医学美容技术	364342	364342	%PDF-	OK	高职专科/医药卫生大类/医学技术类/520507_医学美容技术.pdf
高职专科	520301 药学	361853	361853	%PDF-	OK	高职专科/医药卫生大类/药学类/520301_药学.pdf
高职专科	520403K 针灸推拿	344289	344289	%PDF-	OK	高职专科/医药卫生大类/中医药类/520403K_针灸推拿.pdf
高职专科	520410 中药学	362667	362667	%PDF-	OK	高职专科/医药卫生大类/中医药类/520410_中药学.pdf
高职专科	520414 中药材生产与加工	354084	354084	%PDF-	OK	高职专科/医药卫生大类/中医药类/520414_中药材生产与加工.pdf
高职专科	520415 中药制药	347834	347834	%PDF-	OK	高职专科/医药卫生大类/中医药类/520415_中药制药.pdf
高职专科	520416 中医康复技术	339708	339708	%PDF-	OK	高职专科/医药卫生大类/中医药类/520416_中医康复技术.pdf
高职专科	520417 中医养生保健	338662	338662	%PDF-	OK	高职专科/医药卫生大类/中医药类/520417_中医养生保健.pdf
高职专科	520418 药膳与食疗	354473	354473	%PDF-	OK	高职专科/医药卫生大类/中医药类/520418_药膳与食疗.pdf
高职专科	460501 船舶工程技术	359583	359583	%PDF-	OK	高职专科/装备制造大类/船舶与海洋工程装备类/460501_船舶工程技术.pdf
高职专科	460502 船舶动力工程技术	348032	348032	%PDF-	OK	高职专科/装备制造大类/船舶与海洋工程装备类/460502_船舶动力工程技术.pdf
高职专科	460503 船舶电气工程技术	343229	343229	%PDF-	OK	高职专科/装备制造大类/船舶与海洋工程装备类/460503_船舶电气工程技术.pdf
高职专科	460504 船舶智能焊接技术	347649	347649	%PDF-	OK	高职专科/装备制造大类/船舶与海洋工程装备类/460504_船舶智能焊接技术.pdf
高职专科	460508 游艇设计与制造	339145	339145	%PDF-	OK	高职专科/装备制造大类/船舶与海洋工程装备类/460508_游艇设计与制造.pdf
高职专科	460509 邮轮内装技术	363341	363341	%PDF-	OK	高职专科/装备制造大类/船舶与海洋工程装备类/460509_邮轮内装技术.pdf
高职专科	460401 铁道机车车辆制造与维护	348618	348618	%PDF-	OK	高职专科/装备制造大类/轨道装备类/460401_铁道机车车辆制造与维护.pdf
高职专科	460402 高速铁路动车组制造与维护	342556	342556	%PDF-	OK	高职专科/装备制造大类/轨道装备类/460402_高速铁路动车组制造与维护.pdf
高职专科	460403 城市轨道交通车辆制造与维护	354159	354159	%PDF-	OK	高职专科/装备制造大类/轨道装备类/460403_城市轨道交通车辆制造与维护.pdf
高职专科	470201 应用化工技术	346320	346320	%PDF-	OK	高职专科/生物与化工大类/化工技术类/470201_应用化工技术.pdf
高职专科	470208 分析检验技术	353775	353775	%PDF-	OK	高职专科/生物与化工大类/化工技术类/470208_分析检验技术.pdf
高职专科	470209 化工智能制造技术	356044	356044	%PDF-	OK	高职专科/生物与化工大类/化工技术类/470209_化工智能制造技术.pdf
高职专科	470210 化工装备技术	359577	359577	%PDF-	OK	高职专科/生物与化工大类/化工技术类/470210_化工装备技术.pdf
高职专科	460601 飞行器数字化制造技术	340828	340828	%PDF-	OK	高职专科/装备制造大类/航空装备类/460601_飞行器数字化制造技术.pdf
高职专科	460602 飞行器数字化装配技术	345910	345910	%PDF-	OK	高职专科/装备制造大类/航空装备类/460602_飞行器数字化装配技术.pdf
高职专科	460605 飞机机载设备装配调试技术	345433	345433	%PDF-	OK	高职专科/装备制造大类/航空装备类/460605_飞机机载设备装配调试技术.pdf
高职专科	460606 航空装备表面处理技术	336157	336157	%PDF-	OK	高职专科/装备制造大类/航空装备类/460606_航空装备表面处理技术.pdf
高职专科	460607 飞行器维修技术	363019	363019	%PDF-	OK	高职专科/装备制造大类/航空装备类/460607_飞行器维修技术.pdf
高职专科	460609 无人机应用技术	341663	341663	%PDF-	OK	高职专科/装备制造大类/航空装备类/460609_无人机应用技术.pdf
高职专科	460201 智能制造装备技术	351333	351333	%PDF-	OK	高职专科/装备制造大类/机电设备类/460201_智能制造装备技术.pdf
高职专科	460202 机电设备技术	348140	348140	%PDF-	OK	高职专科/装备制造大类/机电设备类/460202_机电设备技术.pdf
高职专科	460203 电机与电器技术	351615	351615	%PDF-	OK	高职专科/装备制造大类/机电设备类/460203_电机与电器技术.pdf
高职专科	460204 新能源装备技术	340602	340602	%PDF-	OK	高职专科/装备制造大类/机电设备类/460204_新能源装备技术.pdf
高职专科	460206 电梯工程技术	336771	336771	%PDF-	OK	高职专科/装备制造大类/机电设备类/460206_电梯工程技术.pdf
高职专科	460101 机械设计与制造	347741	347741	%PDF-	OK	高职专科/装备制造大类/机械设计制造类/460101_机械设计与制造.pdf
高职专科	460102 数字化设计与制造技术	342005	342005	%PDF-	OK	高职专科/装备制造大类/机械设计制造类/460102_数字化设计与制造技术.pdf
高职专科	460103 数控技术	348531	348531	%PDF-	OK	高职专科/装备制造大类/机械设计制造类/460103_数控技术.pdf
高职专科	460104 机械制造及自动化	348848	348848	%PDF-	OK	高职专科/装备制造大类/机械设计制造类/460104_机械制造及自动化.pdf
高职专科	460105 工业设计	334855	334855	%PDF-	OK	高职专科/装备制造大类/机械设计制造类/460105_工业设计.pdf
高职专科	460107 材料成型及控制技术	351646	351646	%PDF-	OK	高职专科/装备制造大类/机械设计制造类/460107_材料成型及控制技术.pdf
高职专科	460110 智能焊接技术	352134	352134	%PDF-	OK	高职专科/装备制造大类/机械设计制造类/460110_智能焊接技术.pdf
高职专科	460111 工业材料表面处理技术	354697	354697	%PDF-	OK	高职专科/装备制造大类/机械设计制造类/460111_工业材料表面处理技术.pdf
高职专科	460112 增材制造技术	349777	349777	%PDF-	OK	高职专科/装备制造大类/机械设计制造类/460112_增材制造技术.pdf
高职专科	460113 模具设计与制造	346172	346172	%PDF-	OK	高职专科/装备制造大类/机械设计制造类/460113_模具设计与制造.pdf
高职专科	460114 特种加工技术	346206	346206	%PDF-	OK	高职专科/装备制造大类/机械设计制造类/460114_特种加工技术.pdf
高职专科	460115 智能光电制造技术	341055	341055	%PDF-	OK	高职专科/装备制造大类/机械设计制造类/460115_智能光电制造技术.pdf
高职专科	460116 电线电缆制造技术	356261	356261	%PDF-	OK	高职专科/装备制造大类/机械设计制造类/460116_电线电缆制造技术.pdf
高职专科	460118 机械装备制造技术	348705	348705	%PDF-	OK	高职专科/装备制造大类/机械设计制造类/460118_机械装备制造技术.pdf
高职专科	460119 工业产品质量检测技术	325920	325920	%PDF-	OK	高职专科/装备制造大类/机械设计制造类/460119_工业产品质量检测技术.pdf
高职专科	460120 理化测试与质检技术	348055	348055	%PDF-	OK	高职专科/装备制造大类/机械设计制造类/460120_理化测试与质检技术.pdf
高职专科	460701 汽车制造与试验技术	339623	339623	%PDF-	OK	高职专科/装备制造大类/汽车制造类/460701_汽车制造与试验技术.pdf
高职专科	460702 新能源汽车技术	360180	360180	%PDF-	OK	高职专科/装备制造大类/汽车制造类/460702_新能源汽车技术.pdf
高职专科	460703 汽车电子技术	348021	348021	%PDF-	OK	高职专科/装备制造大类/汽车制造类/460703_汽车电子技术.pdf
高职专科	460704 智能网联汽车技术	359654	359654	%PDF-	OK	高职专科/装备制造大类/汽车制造类/460704_智能网联汽车技术.pdf
高职专科	460705 汽车造型与改装技术	356898	356898	%PDF-	OK	高职专科/装备制造大类/汽车制造类/460705_汽车造型与改装技术.pdf
高职专科	470101 食品生物技术	360076	360076	%PDF-	OK	高职专科/生物与化工大类/生物技术类/470101_食品生物技术.pdf
高职专科	470102 药品生物技术	350341	350341	%PDF-	OK	高职专科/生物与化工大类/生物技术类/470102_药品生物技术.pdf
高职专科	470103 农业生物技术	354909	354909	%PDF-	OK	高职专科/生物与化工大类/生物技术类/470103_农业生物技术.pdf
高职专科	470105 生物产品检验检疫	350005	350005	%PDF-	OK	高职专科/生物与化工大类/生物技术类/470105_生物产品检验检疫.pdf
高职专科	470106 绿色生物制造技术	344068	344068	%PDF-	OK	高职专科/生物与化工大类/生物技术类/470106_绿色生物制造技术.pdf
高职专科	470107 生物信息技术	349762	349762	%PDF-	OK	高职专科/生物与化工大类/生物技术类/470107_生物信息技术.pdf
高职专科	460301 机电一体化技术	343418	343418	%PDF-	OK	高职专科/装备制造大类/自动化类/460301_机电一体化技术.pdf
高职专科	460302 智能机电技术	353480	353480	%PDF-	OK	高职专科/装备制造大类/自动化类/460302_智能机电技术.pdf
高职专科	460303 智能控制技术	361773	361773	%PDF-	OK	高职专科/装备制造大类/自动化类/460303_智能控制技术.pdf
高职专科	460304 智能机器人技术	347599	347599	%PDF-	OK	高职专科/装备制造大类/自动化类/460304_智能机器人技术.pdf
高职专科	460305 工业机器人技术	347501	347501	%PDF-	OK	高职专科/装备制造大类/自动化类/460305_工业机器人技术.pdf
高职专科	460306 电气自动化技术	338430	338430	%PDF-	OK	高职专科/装备制造大类/自动化类/460306_电气自动化技术.pdf
高职专科	460307 工业过程自动化技术	355072	355072	%PDF-	OK	高职专科/装备制造大类/自动化类/460307_工业过程自动化技术.pdf
高职专科	460308 工业自动化仪表技术	340310	340310	%PDF-	OK	高职专科/装备制造大类/自动化类/460308_工业自动化仪表技术.pdf
高职专科	460309 液压与气动技术	338502	338502	%PDF-	OK	高职专科/装备制造大类/自动化类/460309_液压与气动技术.pdf
高职专科	460310 工业互联网应用	346599	346599	%PDF-	OK	高职专科/装备制造大类/自动化类/460310_工业互联网应用.pdf
高职专科	460311 计量测试与应用技术	343876	343876	%PDF-	OK	高职专科/装备制造大类/自动化类/460311_计量测试与应用技术.pdf
高职专科	420901 安全技术与管理	346617	346617	%PDF-	OK	高职专科/资源环境与安全大类/安全类/420901_安全技术与管理.pdf
高职专科	420905 应急救援技术	341985	341985	%PDF-	OK	高职专科/资源环境与安全大类/安全类/420905_应急救援技术.pdf
高职专科	420906 消防救援技术	350446	350446	%PDF-	OK	高职专科/资源环境与安全大类/安全类/420906_消防救援技术.pdf
高职专科	420908 职业健康安全技术	352173	352173	%PDF-	OK	高职专科/资源环境与安全大类/安全类/420908_职业健康安全技术.pdf
高职专科	430104 分布式发电与智能微电网技术	337028	337028	%PDF-	OK	高职专科/能源动力与材料大类/电力技术类/430104_分布式发电与智能微电网技术.pdf
高职专科	430105 电力系统自动化技术	344395	344395	%PDF-	OK	高职专科/能源动力与材料大类/电力技术类/430105_电力系统自动化技术.pdf
高职专科	430106 电力系统继电保护技术	343046	343046	%PDF-	OK	高职专科/能源动力与材料大类/电力技术类/430106_电力系统继电保护技术.pdf
高职专科	430107 输配电工程技术	337954	337954	%PDF-	OK	高职专科/能源动力与材料大类/电力技术类/430107_输配电工程技术.pdf
高职专科	430108 供用电技术	351117	351117	%PDF-	OK	高职专科/能源动力与材料大类/电力技术类/430108_供用电技术.pdf
高职专科	420209 城市地质勘查	358876	358876	%PDF-	OK	高职专科/资源环境与安全大类/地质类/420209_城市地质勘查.pdf
高职专科	430601 材料工程技术	336366	336366	%PDF-	OK	高职专科/能源动力与材料大类/非金属材料类/430601_材料工程技术.pdf
高职专科	430602 高分子材料智能制造技术	322166	322166	%PDF-	OK	高职专科/能源动力与材料大类/非金属材料类/430602_高分子材料智能制造技术.pdf
高职专科	430603 复合材料智能制造技术	356902	356902	%PDF-	OK	高职专科/能源动力与材料大类/非金属材料类/430603_复合材料智能制造技术.pdf
高职专科	430604 航空复合材料成型与加工技术	344380	344380	%PDF-	OK	高职专科/能源动力与材料大类/非金属材料类/430604_航空复合材料成型与加工技术.pdf
高职专科	430607 硅材料制备技术	333333	333333	%PDF-	OK	高职专科/能源动力与材料大类/非金属材料类/430607_硅材料制备技术.pdf
高职专科	420301 工程测量技术	348644	348644	%PDF-	OK	高职专科/资源环境与安全大类/测绘地理信息类/420301_工程测量技术.pdf
高职专科	420302 测绘工程技术	349249	349249	%PDF-	OK	高职专科/资源环境与安全大类/测绘地理信息类/420302_测绘工程技术.pdf
高职专科	420304 摄影测量与遥感技术	353570	353570	%PDF-	OK	高职专科/资源环境与安全大类/测绘地理信息类/420304_摄影测量与遥感技术.pdf
高职专科	420305 地籍测绘与土地管理	359860	359860	%PDF-	OK	高职专科/资源环境与安全大类/测绘地理信息类/420305_地籍测绘与土地管理.pdf
高职专科	420306 国土空间规划与测绘	342307	342307	%PDF-	OK	高职专科/资源环境与安全大类/测绘地理信息类/420306_国土空间规划与测绘.pdf
高职专科	420307 无人机测绘技术	343673	343673	%PDF-	OK	高职专科/资源环境与安全大类/测绘地理信息类/420307_无人机测绘技术.pdf
高职专科	420308 矿山测量	362980	362980	%PDF-	OK	高职专科/资源环境与安全大类/测绘地理信息类/420308_矿山测量.pdf
高职专科	420310 空间数字建模与应用技术	343999	343999	%PDF-	OK	高职专科/资源环境与安全大类/测绘地理信息类/420310_空间数字建模与应用技术.pdf
高职专科	420801 环境监测技术	341424	341424	%PDF-	OK	高职专科/资源环境与安全大类/环境保护类/420801_环境监测技术.pdf
高职专科	420802 环境工程技术	339862	339862	%PDF-	OK	高职专科/资源环境与安全大类/环境保护类/420802_环境工程技术.pdf
高职专科	420805 环境管理与评价	323916	323916	%PDF-	OK	高职专科/资源环境与安全大类/环境保护类/420805_环境管理与评价.pdf
高职专科	420806 生态环境修复技术	334343	334343	%PDF-	OK	高职专科/资源环境与安全大类/环境保护类/420806_生态环境修复技术.pdf
高职专科	420808 资源综合利用技术	356624	356624	%PDF-	OK	高职专科/资源环境与安全大类/环境保护类/420808_资源综合利用技术.pdf
高职专科	420811 智能环保装备技术	340241	340241	%PDF-	OK	高职专科/资源环境与安全大类/环境保护类/420811_智能环保装备技术.pdf
高职专科	430401 钢铁智能冶金技术	342834	342834	%PDF-	OK	高职专科/能源动力与材料大类/黑色金属材料类/430401_钢铁智能冶金技术.pdf
高职专科	430402 智能轧钢技术	323032	323032	%PDF-	OK	高职专科/能源动力与材料大类/黑色金属材料类/430402_智能轧钢技术.pdf
高职专科	420601 矿山智能开采技术	366804	366804	%PDF-	OK	高职专科/资源环境与安全大类/金属与非金属矿类/420601_矿山智能开采技术.pdf
高职专科	430701 建筑材料工程技术	379686	379686	%PDF-	OK	高职专科/能源动力与材料大类/建筑材料类/430701_建筑材料工程技术.pdf
高职专科	430705 装配式建筑构件智能制造技术	374994	374994	%PDF-	OK	高职专科/能源动力与材料大类/建筑材料类/430705_装配式建筑构件智能制造技术.pdf
高职专科	420501 煤矿智能开采技术	343804	343804	%PDF-	OK	高职专科/资源环境与安全大类/煤炭类/420501_煤矿智能开采技术.pdf
高职专科	420503 通风技术与安全管理	343563	343563	%PDF-	OK	高职专科/资源环境与安全大类/煤炭类/420503_通风技术与安全管理.pdf
高职专科	420504 矿山机电与智能装备	345680	345680	%PDF-	OK	高职专科/资源环境与安全大类/煤炭类/420504_矿山机电与智能装备.pdf
高职专科	420505 煤炭清洁利用技术	357961	357961	%PDF-	OK	高职专科/资源环境与安全大类/煤炭类/420505_煤炭清洁利用技术.pdf
高职专科	430201 热能动力工程技术	338139	338139	%PDF-	OK	高职专科/能源动力与材料大类/热能与发电工程类/430201_热能动力工程技术.pdf
高职专科	430203 地热开发技术	347872	347872	%PDF-	OK	高职专科/能源动力与材料大类/热能与发电工程类/430203_地热开发技术.pdf
高职专科	430204 太阳能光热技术与应用	347458	347458	%PDF-	OK	高职专科/能源动力与材料大类/热能与发电工程类/430204_太阳能光热技术与应用.pdf
高职专科	430205 发电运行技术	342543	342543	%PDF-	OK	高职专科/能源动力与材料大类/热能与发电工程类/430205_发电运行技术.pdf
高职专科	430206 热工自动化技术	347823	347823	%PDF-	OK	高职专科/能源动力与材料大类/热能与发电工程类/430206_热工自动化技术.pdf
高职专科	420401 油气储运技术	349667	349667	%PDF-	OK	高职专科/资源环境与安全大类/石油与天然气类/420401_油气储运技术.pdf
高职专科	420402 油气地质勘探技术	323453	323453	%PDF-	OK	高职专科/资源环境与安全大类/石油与天然气类/420402_油气地质勘探技术.pdf
高职专科	420404 油气智能开采技术	351195	351195	%PDF-	OK	高职专科/资源环境与安全大类/石油与天然气类/420404_油气智能开采技术.pdf
高职专科	430301 光伏工程技术	384628	384628	%PDF-	OK	高职专科/能源动力与材料大类/新能源发电工程类/430301_光伏工程技术.pdf
高职专科	430302 风力发电工程技术	375839	375839	%PDF-	OK	高职专科/能源动力与材料大类/新能源发电工程类/430302_风力发电工程技术.pdf
高职专科	430303 生物质能应用技术	348070	348070	%PDF-	OK	高职专科/能源动力与材料大类/新能源发电工程类/430303_生物质能应用技术.pdf
高职专科	430305 工业节能技术	344771	344771	%PDF-	OK	高职专科/能源动力与材料大类/新能源发电工程类/430305_工业节能技术.pdf
高职专科	430306 节电技术与管理	318130	318130	%PDF-	OK	高职专科/能源动力与材料大类/新能源发电工程类/430306_节电技术与管理.pdf
高职专科	430307 新能源材料应用技术	359271	359271	%PDF-	OK	高职专科/能源动力与材料大类/新能源发电工程类/430307_新能源材料应用技术.pdf
高职专科	430501 有色金属智能冶金技术	339892	339892	%PDF-	OK	高职专科/能源动力与材料大类/有色金属材料类/430501_有色金属智能冶金技术.pdf
高职专科	430505 稀土材料技术	360822	360822	%PDF-	OK	高职专科/能源动力与材料大类/有色金属材料类/430505_稀土材料技术.pdf
高职专科	420103 生态地质调查	357697	357697	%PDF-	OK	高职专科/资源环境与安全大类/资源勘查类/420103_生态地质调查.pdf
高职专科	420107 宝玉石鉴定与加工	351988	351988	%PDF-	OK	高职专科/资源环境与安全大类/资源勘查类/420107_宝玉石鉴定与加工.pdf
中职	730301 会计事务	364861	364861	%PDF-	OK	中职/财经商贸大类/财务会计类/730301_会计事务.pdf
中职	730101 纳税事务	347314	347314	%PDF-	OK	中职/财经商贸大类/财政税务类/730101_纳税事务.pdf
中职	730701 电子商务	347799	347799	%PDF-	OK	中职/财经商贸大类/电子商务类/730701_电子商务.pdf
中职	730702 跨境电子商务	347805	347805	%PDF-	OK	中职/财经商贸大类/电子商务类/730702_跨境电子商务.pdf
中职	730703 移动商务	345616	345616	%PDF-	OK	中职/财经商贸大类/电子商务类/730703_移动商务.pdf
中职	730704 网络营销	346775	346775	%PDF-	OK	中职/财经商贸大类/电子商务类/730704_网络营销.pdf
中职	730705 直播电商服务	328683	328683	%PDF-	OK	中职/财经商贸大类/电子商务类/730705_直播电商服务.pdf
中职	730602 市场营销	334966	334966	%PDF-	OK	中职/财经商贸大类/工商管理类/730602_市场营销.pdf
中职	730501 国际商务	339784	339784	%PDF-	OK	中职/财经商贸大类/经济贸易类/730501_国际商务.pdf
中职	730502 服务外包	336793	336793	%PDF-	OK	中职/财经商贸大类/经济贸易类/730502_服务外包.pdf
中职	730201 金融事务	348142	348142	%PDF-	OK	中职/财经商贸大类/金融类/730201_金融事务.pdf
中职	730801 物流服务与管理	347023	347023	%PDF-	OK	中职/财经商贸大类/物流类/730801_物流服务与管理.pdf
中职	730802 冷链物流服务与管理	355512	355512	%PDF-	OK	中职/财经商贸大类/物流类/730802_冷链物流服务与管理.pdf
中职	730803 国际货运代理	351098	351098	%PDF-	OK	中职/财经商贸大类/物流类/730803_国际货运代理.pdf
中职	730804 物流设施运行与维护	354459	354459	%PDF-	OK	中职/财经商贸大类/物流类/730804_物流设施运行与维护.pdf
中职	710101 电子信息技术	365487	365487	%PDF-	OK	中职/电子与信息大类/电子信息类/710101_电子信息技术.pdf
中职	710102 物联网技术应用	340649	340649	%PDF-	OK	中职/电子与信息大类/电子信息类/710102_物联网技术应用.pdf
中职	710401 微电子技术与器件制造	351694	351694	%PDF-	OK	中职/电子与信息大类/集成电路类/710401_微电子技术与器件制造.pdf
中职	710205 大数据技术应用	344858	344858	%PDF-	OK	中职/电子与信息大类/计算机类/710205_大数据技术应用.pdf
中职	710206 移动应用技术与服务	350461	350461	%PDF-	OK	中职/电子与信息大类/计算机类/710206_移动应用技术与服务.pdf
中职	710207 网络信息安全	339658	339658	%PDF-	OK	中职/电子与信息大类/计算机类/710207_网络信息安全.pdf
中职	710208 网络安防系统安装与维护	378384	378384	%PDF-	OK	中职/电子与信息大类/计算机类/710208_网络安防系统安装与维护.pdf
中职	710211 计算机与数码设备维修	338293	338293	%PDF-	OK	中职/电子与信息大类/计算机类/710211_计算机与数码设备维修.pdf
中职	710301 现代通信技术应用	340040	340040	%PDF-	OK	中职/电子与信息大类/通信类/710301_现代通信技术应用.pdf
中职	710302 通信系统工程安装与维护	342331	342331	%PDF-	OK	中职/电子与信息大类/通信类/710302_通信系统工程安装与维护.pdf
中职	780701 安全保卫服务	341632	341632	%PDF-	OK	中职/公安与司法大类/安全防范类/780701_安全保卫服务.pdf
中职	790301 现代家政服务与管理	351484	351484	%PDF-	OK	中职/公共管理与服务大类/公共服务类/790301_现代家政服务与管理.pdf
中职	790302 智慧健康养老服务	326252	326252	%PDF-	OK	中职/公共管理与服务大类/公共服务类/790302_智慧健康养老服务.pdf
中职	790303 老年人服务与管理	338938	338938	%PDF-	OK	中职/公共管理与服务大类/公共服务类/790303_老年人服务与管理.pdf
中职	790304 殡葬服务与管理	361715	361715	%PDF-	OK	中职/公共管理与服务大类/公共服务类/790304_殡葬服务与管理.pdf
中职	790305 母婴照护	353677	353677	%PDF-	OK	中职/公共管理与服务大类/公共服务类/790305_母婴照护.pdf
中职	790201 民政服务	355009	355009	%PDF-	OK	中职/公共管理与服务大类/公共管理类/790201_民政服务.pdf
中职	790101 社会工作事务	309300	309300	%PDF-	OK	中职/公共管理与服务大类/公共事业类/790101_社会工作事务.pdf
中职	790102 社区公共事务管理	333288	333288	%PDF-	OK	中职/公共管理与服务大类/公共事业类/790102_社区公共事务管理.pdf
中职	790401 文秘	342152	342152	%PDF-	OK	中职/公共管理与服务大类/文秘类/790401_文秘.pdf
中职	790402 行政事务助理	345409	345409	%PDF-	OK	中职/公共管理与服务大类/文秘类/790402_行政事务助理.pdf
中职	700601 城市轨道交通车辆运用与检修	343254	343254	%PDF-	OK	中职/交通运输大类/城市轨道交通类/700601_城市轨道交通车辆运用与检修.pdf
中职	700602 城市轨道交通信号维护	341248	341248	%PDF-	OK	中职/交通运输大类/城市轨道交通类/700602_城市轨道交通信号维护.pdf
中职	700603 城市轨道交通供电	357873	357873	%PDF-	OK	中职/交通运输大类/城市轨道交通类/700603_城市轨道交通供电.pdf
中职	700604 城市轨道交通运营服务	353075	353075	%PDF-	OK	中职/交通运输大类/城市轨道交通类/700604_城市轨道交通运营服务.pdf
中职	700401 民航运输服务	370009	370009	%PDF-	OK	中职/交通运输大类/航空运输类/700401_民航运输服务.pdf
中职	700403 飞机设备维修	362252	362252	%PDF-	OK	中职/交通运输大类/航空运输类/700403_飞机设备维修.pdf
中职	700404 机场场务技术与管理	343764	343764	%PDF-	OK	中职/交通运输大类/航空运输类/700404_机场场务技术与管理.pdf
中职	700302 船舶机工与水手	357585	357585	%PDF-	OK	中职/交通运输大类/水上运输类/700302_船舶机工与水手.pdf
中职	700303 轮机维护与管理	351440	351440	%PDF-	OK	中职/交通运输大类/水上运输类/700303_轮机维护与管理.pdf
中职	700304 邮轮乘务	394657	394657	%PDF-	OK	中职/交通运输大类/水上运输类/700304_邮轮乘务.pdf
中职	700305 水路运输服务	347991	347991	%PDF-	OK	中职/交通运输大类/水上运输类/700305_水路运输服务.pdf
中职	700306 港口机械运用与维修	339261	339261	%PDF-	OK	中职/交通运输大类/水上运输类/700306_港口机械运用与维修.pdf
中职	700101 铁道工程施工与维护	351536	351536	%PDF-	OK	中职/交通运输大类/铁道运输类/700101_铁道工程施工与维护.pdf
中职	700102 电力机车运用与检修	355133	355133	%PDF-	OK	中职/交通运输大类/铁道运输类/700102_电力机车运用与检修.pdf
中职	700105 电气化铁道供电	341257	341257	%PDF-	OK	中职/交通运输大类/铁道运输类/700105_电气化铁道供电.pdf
中职	700106 铁道信号施工与维护	354475	354475	%PDF-	OK	中职/交通运输大类/铁道运输类/700106_铁道信号施工与维护.pdf
中职	700107 铁道运输服务	356524	356524	%PDF-	OK	中职/交通运输大类/铁道运输类/700107_铁道运输服务.pdf
中职	700108 高速铁路乘务	343081	343081	%PDF-	OK	中职/交通运输大类/铁道运输类/700108_高速铁路乘务.pdf
中职	700109 铁道桥梁隧道施工与维护	350387	350387	%PDF-	OK	中职/交通运输大类/铁道运输类/700109_铁道桥梁隧道施工与维护.pdf
中职	700201 道路与桥梁工程施工	361433	361433	%PDF-	OK	中职/交通运输大类/道路运输类/700201_道路与桥梁工程施工.pdf
中职	700203 交通运营服务	318623	318623	%PDF-	OK	中职/交通运输大类/道路运输类/700203_交通运营服务.pdf
中职	700204 交通工程机械运用与维修	361503	361503	%PDF-	OK	中职/交通运输大类/道路运输类/700204_交通工程机械运用与维修.pdf
中职	700205 汽车服务与营销	380102	380102	%PDF-	OK	中职/交通运输大类/道路运输类/700205_汽车服务与营销.pdf
中职	700206 汽车运用与维修	343967	343967	%PDF-	OK	中职/交通运输大类/道路运输类/700206_汽车运用与维修.pdf
中职	700209 新能源汽车运用与维修	343226	343226	%PDF-	OK	中职/交通运输大类/道路运输类/700209_新能源汽车运用与维修.pdf
中职	700701 邮政快递运营	333116	333116	%PDF-	OK	中职/交通运输大类/邮政类/700701_邮政快递运营.pdf
中职	700702 邮政快递安全技术	333464	333464	%PDF-	OK	中职/交通运输大类/邮政类/700702_邮政快递安全技术.pdf
中职	700703 邮政通信服务	335740	335740	%PDF-	OK	中职/交通运输大类/邮政类/700703_邮政通信服务.pdf
中职	770101 幼儿保育	349593	349593	%PDF-	OK	中职/教育与体育大类/教育类/770101_幼儿保育.pdf
中职	770207 商务泰语	343482	343482	%PDF-	OK	中职/教育与体育大类/语言类/770207_商务泰语.pdf
中职	770208 商务阿拉伯语	341499	341499	%PDF-	OK	中职/教育与体育大类/语言类/770208_商务阿拉伯语.pdf
中职	740201 中餐烹饪	357375	357375	%PDF-	OK	中职/旅游大类/餐饮类/740201_中餐烹饪.pdf
中职	740203 中西面点	340939	340939	%PDF-	OK	中职/旅游大类/餐饮类/740203_中西面点.pdf
中职	740101 旅游服务与管理	343690	343690	%PDF-	OK	中职/旅游大类/旅游类/740101_旅游服务与管理.pdf
中职	740102 导游服务	339032	339032	%PDF-	OK	中职/旅游大类/旅游类/740102_导游服务.pdf
中职	740103 康养休闲旅游服务	342614	342614	%PDF-	OK	中职/旅游大类/旅游类/740103_康养休闲旅游服务.pdf
中职	740105 茶艺与茶营销	346081	346081	%PDF-	OK	中职/旅游大类/旅游类/740105_茶艺与茶营销.pdf
中职	740106 会展服务与管理	342598	342598	%PDF-	OK	中职/旅游大类/旅游类/740106_会展服务与管理.pdf
中职	610201 林业生产技术	355734	355734	%PDF-	OK	中职/农林牧渔大类/林业类/610201_林业生产技术.pdf
中职	610202 园林技术	345230	345230	%PDF-	OK	中职/农林牧渔大类/林业类/610202_园林技术.pdf
中职	610205 木业产品加工技术	334442	334442	%PDF-	OK	中职/农林牧渔大类/林业类/610205_木业产品加工技术.pdf
中职	610101 种子生产技术	341946	341946	%PDF-	OK	中职/农林牧渔大类/农业类/610101_种子生产技术.pdf
中职	610102 作物生产技术	359302	359302	%PDF-	OK	中职/农林牧渔大类/农业类/610102_作物生产技术.pdf
中职	610103 循环农业与再生资源利用	352496	352496	%PDF-	OK	中职/农林牧渔大类/农业类/610103_循环农业与再生资源利用.pdf
中职	610104 家庭农场生产经营	360854	360854	%PDF-	OK	中职/农林牧渔大类/农业类/610104_家庭农场生产经营.pdf
中职	610105 园艺技术	354297	354297	%PDF-	OK	中职/农林牧渔大类/农业类/610105_园艺技术.pdf
中职	610108 中草药栽培	353564	353564	%PDF-	OK	中职/农林牧渔大类/农业类/610108_中草药栽培.pdf
中职	610109 烟草栽培与加工	364326	364326	%PDF-	OK	中职/农林牧渔大类/农业类/610109_烟草栽培与加工.pdf
中职	610110 饲草栽培与加工	354328	354328	%PDF-	OK	中职/农林牧渔大类/农业类/610110_饲草栽培与加工.pdf
中职	610113 农机设备应用与维修	345192	345192	%PDF-	OK	中职/农林牧渔大类/农业类/610113_农机设备应用与维修.pdf
中职	610114 农产品加工与质量检测	373113	373113	%PDF-	OK	中职/农林牧渔大类/农业类/610114_农产品加工与质量检测.pdf
中职	610115 农产品贮藏与加工	364928	364928	%PDF-	OK	中职/农林牧渔大类/农业类/610115_农产品贮藏与加工.pdf
中职	610118 休闲农业生产与经营	357816	357816	%PDF-	OK	中职/农林牧渔大类/农业类/610118_休闲农业生产与经营.pdf
中职	610119 农资营销与服务	344324	344324	%PDF-	OK	中职/农林牧渔大类/农业类/610119_农资营销与服务.pdf
中职	610301 畜禽生产技术	363587	363587	%PDF-	OK	中职/农林牧渔大类/畜牧业类/610301_畜禽生产技术.pdf
中职	610402 海水养殖	345601	345601	%PDF-	OK	中职/农林牧渔大类/渔业类/610402_海水养殖.pdf
中职	680201 包装设计与制作	313611	313611	%PDF-	OK	中职/轻工纺织大类/包装类/680201_包装设计与制作.pdf
中职	680401 纺织技术与服务	338159	338159	%PDF-	OK	中职/轻工纺织大类/纺织服装类/680401_纺织技术与服务.pdf
中职	680402 服装设计与工艺	366403	366403	%PDF-	OK	中职/轻工纺织大类/纺织服装类/680402_服装设计与工艺.pdf
中职	680405 数字化染整工艺	345852	345852	%PDF-	OK	中职/轻工纺织大类/纺织服装类/680405_数字化染整工艺.pdf
中职	680406 服装制作与生产管理	340395	340395	%PDF-	OK	中职/轻工纺织大类/纺织服装类/680406_服装制作与生产管理.pdf
中职	680101 化妆品制造技术	354894	354894	%PDF-	OK	中职/轻工纺织大类/轻化工类/680101_化妆品制造技术.pdf
中职	680102 现代造纸工艺	345136	345136	%PDF-	OK	中职/轻工纺织大类/轻化工类/680102_现代造纸工艺.pdf
中职	680301 印刷媒体技术	346092	346092	%PDF-	OK	中职/轻工纺织大类/印刷类/680301_印刷媒体技术.pdf
中职	650201 水利工程运行与管理	345996	345996	%PDF-	OK	中职/水利大类/水利工程与管理类/650201_水利工程运行与管理.pdf
中职	650203 机电排灌工程技术	336372	336372	%PDF-	OK	中职/水利大类/水利工程与管理类/650203_机电排灌工程技术.pdf
中职	650204 现代灌溉技术	337037	337037	%PDF-	OK	中职/水利大类/水利工程与管理类/650204_现代灌溉技术.pdf
中职	650205 农村饮水供水工程技术	345002	345002	%PDF-	OK	中职/水利大类/水利工程与管理类/650205_农村饮水供水工程技术.pdf
中职	650302 水电站运行与管理	338416	338416	%PDF-	OK	中职/水利大类/水利水电设备类/650302_水电站运行与管理.pdf
中职	650401 水土保持技术	352674	352674	%PDF-	OK	中职/水利大类/水土保持与水环境类/650401_水土保持技术.pdf
中职	650402 水环境智能监测与保护	361082	361082	%PDF-	OK	中职/水利大类/水土保持与水环境类/650402_水环境智能监测与保护.pdf
中职	690301 粮油和饲料加工技术	360457	360457	%PDF-	OK	中职/食品药品与粮食大类/粮食类/690301_粮油和饲料加工技术.pdf
中职	690101 食品加工工艺	351054	351054	%PDF-	OK	中职/食品药品与粮食大类/食品类/690101_食品加工工艺.pdf
中职	690102 酿酒工艺与技术	355866	355866	%PDF-	OK	中职/食品药品与粮食大类/食品类/690102_酿酒工艺与技术.pdf
中职	690103 民族食品加工技术	326292	326292	%PDF-	OK	中职/食品药品与粮食大类/食品类/690103_民族食品加工技术.pdf
中职	690104 食品安全与检测技术	359693	359693	%PDF-	OK	中职/食品药品与粮食大类/食品类/690104_食品安全与检测技术.pdf
中职	690201 制药技术应用	343197	343197	%PDF-	OK	中职/食品药品与粮食大类/药品与医疗器械类/690201_制药技术应用.pdf
中职	690202 生物制药工艺	376355	376355	%PDF-	OK	中职/食品药品与粮食大类/药品与医疗器械类/690202_生物制药工艺.pdf
中职	690203 生物药物检验	352698	352698	%PDF-	OK	中职/食品药品与粮食大类/药品与医疗器械类/690203_生物药物检验.pdf
中职	640701 房地产营销	337157	337157	%PDF-	OK	中职/土木建筑大类/房地产类/640701_房地产营销.pdf
中职	640702 物业服务	344687	344687	%PDF-	OK	中职/土木建筑大类/房地产类/640702_物业服务.pdf
中职	640501 建筑工程造价	333066	333066	%PDF-	OK	中职/土木建筑大类/建设工程管理类/640501_建筑工程造价.pdf
中职	640502 建设项目材料管理	344145	344145	%PDF-	OK	中职/土木建筑大类/建设工程管理类/640502_建设项目材料管理.pdf
中职	640401 建筑智能化设备安装与运维	356645	356645	%PDF-	OK	中职/土木建筑大类/建筑设备类/640401_建筑智能化设备安装与运维.pdf
中职	640402 建筑水电设备安装与运维	341749	341749	%PDF-	OK	中职/土木建筑大类/建筑设备类/640402_建筑水电设备安装与运维.pdf
中职	640102 建筑装饰技术	344323	344323	%PDF-	OK	中职/土木建筑大类/建筑设计类/640102_建筑装饰技术.pdf
中职	640103 古建筑修缮	342203	342203	%PDF-	OK	中职/土木建筑大类/建筑设计类/640103_古建筑修缮.pdf
中职	640104 园林景观施工与维护	347564	347564	%PDF-	OK	中职/土木建筑大类/建筑设计类/640104_园林景观施工与维护.pdf
中职	640603 城市燃气智能输配与应用	369784	369784	%PDF-	OK	中职/土木建筑大类/市政工程类/640603_城市燃气智能输配与应用.pdf
中职	640302 装配式建筑施工	339914	339914	%PDF-	OK	中职/土木建筑大类/土建施工类/640302_装配式建筑施工.pdf
中职	640303 建筑工程检测	341591	341591	%PDF-	OK	中职/土木建筑大类/土建施工类/640303_建筑工程检测.pdf
中职	750201 音乐表演	331997	331997	%PDF-	OK	中职/文化艺术大类/表演艺术类/750201_音乐表演.pdf
中职	750206 服装表演	339934	339934	%PDF-	OK	中职/文化艺术大类/表演艺术类/750206_服装表演.pdf
中职	750209 戏曲音乐	334861	334861	%PDF-	OK	中职/文化艺术大类/表演艺术类/750209_戏曲音乐.pdf
中职	750210 舞台艺术设计与制作	342937	342937	%PDF-	OK	中职/文化艺术大类/表演艺术类/750210_舞台艺术设计与制作.pdf
中职	750211 数字音乐制作	334938	334938	%PDF-	OK	中职/文化艺术大类/表演艺术类/750211_数字音乐制作.pdf
中职	750212 乐器维修与制作	334418	334418	%PDF-	OK	中职/文化艺术大类/表演艺术类/750212_乐器维修与制作.pdf
中职	750303 民族服装与饰品	329927	329927	%PDF-	OK	中职/文化艺术大类/民族文化艺术类/750303_民族服装与饰品.pdf
中职	750304 民族纺染织绣技艺	374775	374775	%PDF-	OK	中职/文化艺术大类/民族文化艺术类/750304_民族纺染织绣技艺.pdf
中职	750306 民族工艺品设计与制作	331788	331788	%PDF-	OK	中职/文化艺术大类/民族文化艺术类/750306_民族工艺品设计与制作.pdf
中职	750403 图书档案数字化管理	338440	338440	%PDF-	OK	中职/文化艺术大类/文化服务类/750403_图书档案数字化管理.pdf
中职	750101 艺术设计与制作	348703	348703	%PDF-	OK	中职/文化艺术大类/艺术设计类/750101_艺术设计与制作.pdf
中职	750102 界面设计与制作	340310	340310	%PDF-	OK	中职/文化艺术大类/艺术设计类/750102_界面设计与制作.pdf
中职	750103 数字影像技术	329667	329667	%PDF-	OK	中职/文化艺术大类/艺术设计类/750103_数字影像技术.pdf
中职	750104 皮革制品设计与制作	346008	346008	%PDF-	OK	中职/文化艺术大类/艺术设计类/750104_皮革制品设计与制作.pdf
中职	750105 服装陈列与展示设计	335799	335799	%PDF-	OK	中职/文化艺术大类/艺术设计类/750105_服装陈列与展示设计.pdf
中职	750107 绘画	332765	332765	%PDF-	OK	中职/文化艺术大类/艺术设计类/750107_绘画.pdf
中职	750108 首饰设计与制作	344575	344575	%PDF-	OK	中职/文化艺术大类/艺术设计类/750108_首饰设计与制作.pdf
中职	750109 动漫与游戏设计	343015	343015	%PDF-	OK	中职/文化艺术大类/艺术设计类/750109_动漫与游戏设计.pdf
中职	750111 美容美体艺术	356675	356675	%PDF-	OK	中职/文化艺术大类/艺术设计类/750111_美容美体艺术.pdf
中职	750112 工艺品设计与制作	355022	355022	%PDF-	OK	中职/文化艺术大类/艺术设计类/750112_工艺品设计与制作.pdf
中职	760201 播音与主持	334821	334821	%PDF-	OK	中职/新闻传播大类/广播影视类/760201_播音与主持.pdf
中职	760202 广播影视节目制作	335553	335553	%PDF-	OK	中职/新闻传播大类/广播影视类/760202_广播影视节目制作.pdf
中职	760204 动漫与游戏制作	339137	339137	%PDF-	OK	中职/新闻传播大类/广播影视类/760204_动漫与游戏制作.pdf
中职	760101 出版商务	392183	392183	%PDF-	OK	中职/新闻传播大类/新闻出版类/760101_出版商务.pdf
中职	720201 护理	331948	331948	%PDF-	OK	中职/医药卫生大类/护理类/720201_护理.pdf
中职	720803 婴幼儿托育	350645	350645	%PDF-	OK	中职/医药卫生大类/健康管理与促进类/720803_婴幼儿托育.pdf
中职	720602 康复辅助器具技术及应用	333800	333800	%PDF-	OK	中职/医药卫生大类/康复治疗类/720602_康复辅助器具技术及应用.pdf
中职	720301 药剂	348403	348403	%PDF-	OK	中职/医药卫生大类/药学类/720301_药剂.pdf
中职	720401 中医	317065	317065	%PDF-	OK	中职/医药卫生大类/中医药类/720401_中医.pdf
中职	720403 中药	350182	350182	%PDF-	OK	中职/医药卫生大类/中医药类/720403_中药.pdf
中职	720407 中药制药	352123	352123	%PDF-	OK	中职/医药卫生大类/中医药类/720407_中药制药.pdf
中职	720408 中医康复技术	318362	318362	%PDF-	OK	中职/医药卫生大类/中医药类/720408_中医康复技术.pdf
中职	720409 中医养生保健	344376	344376	%PDF-	OK	中职/医药卫生大类/中医药类/720409_中医养生保健.pdf
中职	720410 哈医医疗与哈药	347187	347187	%PDF-	OK	中职/医药卫生大类/中医药类/720410_哈医医疗与哈药.pdf
中职	660501 船体修造技术	347890	347890	%PDF-	OK	中职/装备制造大类/船舶与海洋工程装备类/660501_船体修造技术.pdf
中职	660503 船舶电气装置安装与调试	348406	348406	%PDF-	OK	中职/装备制造大类/船舶与海洋工程装备类/660503_船舶电气装置安装与调试.pdf
中职	660504 船舶内装	341676	341676	%PDF-	OK	中职/装备制造大类/船舶与海洋工程装备类/660504_船舶内装.pdf
中职	670201 化学工艺	354109	354109	%PDF-	OK	中职/生物与化工大类/化工技术类/670201_化学工艺.pdf
中职	670202 石油炼制技术	358178	358178	%PDF-	OK	中职/生物与化工大类/化工技术类/670202_石油炼制技术.pdf
中职	670203 精细化工技术	332476	332476	%PDF-	OK	中职/生物与化工大类/化工技术类/670203_精细化工技术.pdf
中职	670204 高分子材料加工工艺	342488	342488	%PDF-	OK	中职/生物与化工大类/化工技术类/670204_高分子材料加工工艺.pdf
中职	670207 分析检验技术	346674	346674	%PDF-	OK	中职/生物与化工大类/化工技术类/670207_分析检验技术.pdf
中职	670211 烟花爆竹生产与管理	340348	340348	%PDF-	OK	中职/生物与化工大类/化工技术类/670211_烟花爆竹生产与管理.pdf
中职	660601 无人机操控与维护	333581	333581	%PDF-	OK	中职/装备制造大类/航空装备类/660601_无人机操控与维护.pdf
中职	660201 智能设备运行与维护	354531	354531	%PDF-	OK	中职/装备制造大类/机电设备类/660201_智能设备运行与维护.pdf
中职	660204 新能源装备运行与维护	338076	338076	%PDF-	OK	中职/装备制造大类/机电设备类/660204_新能源装备运行与维护.pdf
中职	660205 制冷和空调设备运行与维护	346948	346948	%PDF-	OK	中职/装备制造大类/机电设备类/660205_制冷和空调设备运行与维护.pdf
中职	660206 电梯安装与维修保养	357146	357146	%PDF-	OK	中职/装备制造大类/机电设备类/660206_电梯安装与维修保养.pdf
中职	660101 机械制造技术	338047	338047	%PDF-	OK	中职/装备制造大类/机械设计制造类/660101_机械制造技术.pdf
中职	660102 机械加工技术	335486	335486	%PDF-	OK	中职/装备制造大类/机械设计制造类/660102_机械加工技术.pdf
中职	660103 数控技术应用	345583	345583	%PDF-	OK	中职/装备制造大类/机械设计制造类/660103_数控技术应用.pdf
中职	660107 增材制造技术应用	344652	344652	%PDF-	OK	中职/装备制造大类/机械设计制造类/660107_增材制造技术应用.pdf
中职	660108 模具制造技术	342232	342232	%PDF-	OK	中职/装备制造大类/机械设计制造类/660108_模具制造技术.pdf
中职	660109 工业产品质量检测技术	348337	348337	%PDF-	OK	中职/装备制造大类/机械设计制造类/660109_工业产品质量检测技术.pdf
中职	660701 汽车制造与检测	359446	359446	%PDF-	OK	中职/装备制造大类/汽车制造类/660701_汽车制造与检测.pdf
中职	660702 新能源汽车制造与检测	349205	349205	%PDF-	OK	中职/装备制造大类/汽车制造类/660702_新能源汽车制造与检测.pdf
中职	660703 汽车电子技术应用	337679	337679	%PDF-	OK	中职/装备制造大类/汽车制造类/660703_汽车电子技术应用.pdf
中职	670101 生物产品检验检测	347328	347328	%PDF-	OK	中职/生物与化工大类/生物技术类/670101_生物产品检验检测.pdf
中职	670102 生物化工技术应用	352203	352203	%PDF-	OK	中职/生物与化工大类/生物技术类/670102_生物化工技术应用.pdf
中职	660301 机电技术应用	362962	362962	%PDF-	OK	中职/装备制造大类/自动化类/660301_机电技术应用.pdf
中职	660302 电气设备运行与控制	347067	347067	%PDF-	OK	中职/装备制造大类/自动化类/660302_电气设备运行与控制.pdf
中职	660303 工业机器人技术应用	344584	344584	%PDF-	OK	中职/装备制造大类/自动化类/660303_工业机器人技术应用.pdf
中职	660304 工业自动化仪表及应用	340517	340517	%PDF-	OK	中职/装备制造大类/自动化类/660304_工业自动化仪表及应用.pdf
中职	660305 液压与气动技术应用	336292	336292	%PDF-	OK	中职/装备制造大类/自动化类/660305_液压与气动技术应用.pdf
中职	660306 智能化生产线安装与运维	344964	344964	%PDF-	OK	中职/装备制造大类/自动化类/660306_智能化生产线安装与运维.pdf
中职	660307 计量测试与应用技术	341024	341024	%PDF-	OK	中职/装备制造大类/自动化类/660307_计量测试与应用技术.pdf
中职	620901 安全技术与管理	338176	338176	%PDF-	OK	中职/资源环境与安全大类/安全类/620901_安全技术与管理.pdf
中职	620902 应急救援技术	335866	335866	%PDF-	OK	中职/资源环境与安全大类/安全类/620902_应急救援技术.pdf
中职	620903 防灾减灾技术	343667	343667	%PDF-	OK	中职/资源环境与安全大类/安全类/620903_防灾减灾技术.pdf
中职	620904 森林消防	346127	346127	%PDF-	OK	中职/资源环境与安全大类/安全类/620904_森林消防.pdf
中职	630101 发电厂及变电站运行与维护	368697	368697	%PDF-	OK	中职/能源动力与材料大类/电力技术类/630101_发电厂及变电站运行与维护.pdf
中职	630103 电力系统自动化装置调试与维护	361243	361243	%PDF-	OK	中职/能源动力与材料大类/电力技术类/630103_电力系统自动化装置调试与维护.pdf
中职	620201 水文地质与工程地质勘查	382415	382415	%PDF-	OK	中职/资源环境与安全大类/地质类/620201_水文地质与工程地质勘查.pdf
中职	620202 钻探技术	354658	354658	%PDF-	OK	中职/资源环境与安全大类/地质类/620202_钻探技术.pdf
中职	620204 岩土工程勘察与施工	350623	350623	%PDF-	OK	中职/资源环境与安全大类/地质类/620204_岩土工程勘察与施工.pdf
中职	620205 地球物理勘探技术	329514	329514	%PDF-	OK	中职/资源环境与安全大类/地质类/620205_地球物理勘探技术.pdf
中职	620301 工程测量技术	338787	338787	%PDF-	OK	中职/资源环境与安全大类/测绘地理信息类/620301_工程测量技术.pdf
中职	620302 地图绘制与地理信息系统	353465	353465	%PDF-	OK	中职/资源环境与安全大类/测绘地理信息类/620302_地图绘制与地理信息系统.pdf
中职	620304 航空摄影测量	358236	358236	%PDF-	OK	中职/资源环境与安全大类/测绘地理信息类/620304_航空摄影测量.pdf
中职	620801 环境监测技术	349330	349330	%PDF-	OK	中职/资源环境与安全大类/环境保护类/620801_环境监测技术.pdf
中职	620802 环境治理技术	348599	348599	%PDF-	OK	中职/资源环境与安全大类/环境保护类/620802_环境治理技术.pdf
中职	630401 钢铁冶炼技术	342839	342839	%PDF-	OK	中职/能源动力与材料大类/黑色金属材料类/630401_钢铁冶炼技术.pdf
中职	630701 建筑材料智能生产技术	354557	354557	%PDF-	OK	中职/能源动力与材料大类/建筑材料类/630701_建筑材料智能生产技术.pdf
中职	630702 新型建筑材料生产技术	362907	362907	%PDF-	OK	中职/能源动力与材料大类/建筑材料类/630702_新型建筑材料生产技术.pdf
中职	630703 建筑材料检测技术	358320	358320	%PDF-	OK	中职/能源动力与材料大类/建筑材料类/630703_建筑材料检测技术.pdf
中职	630704 装配式建筑构件制作技术	358095	358095	%PDF-	OK	中职/能源动力与材料大类/建筑材料类/630704_装配式建筑构件制作技术.pdf
中职	620502 矿井建设技术	339001	339001	%PDF-	OK	中职/资源环境与安全大类/煤炭类/620502_矿井建设技术.pdf
中职	620504 矿山机电	341195	341195	%PDF-	OK	中职/资源环境与安全大类/煤炭类/620504_矿山机电.pdf
中职	620505 煤炭综合利用技术	364252	364252	%PDF-	OK	中职/资源环境与安全大类/煤炭类/620505_煤炭综合利用技术.pdf
中职	620701 气象服务	356989	356989	%PDF-	OK	中职/资源环境与安全大类/气象类/620701_气象服务.pdf
中职	620401 油气储运	347614	347614	%PDF-	OK	中职/资源环境与安全大类/石油与天然气类/620401_油气储运.pdf
中职	620404 油气开采	344587	344587	%PDF-	OK	中职/资源环境与安全大类/石油与天然气类/620404_油气开采.pdf
中职	630301 光伏工程技术与应用	343686	343686	%PDF-	OK	中职/能源动力与材料大类/新能源发电工程类/630301_光伏工程技术与应用.pdf
中职	630302 风力发电设备运行与维护	362399	362399	%PDF-	OK	中职/能源动力与材料大类/新能源发电工程类/630302_风力发电设备运行与维护.pdf
中职	630501 有色金属冶炼技术	339134	339134	%PDF-	OK	中职/能源动力与材料大类/有色金属材料类/630501_有色金属冶炼技术.pdf
中职	620103 宝玉石加工与检测	348709	348709	%PDF-	OK	中职/资源环境与安全大类/资源勘查类/620103_宝玉石加工与检测.pdf
