institution_code,seed_url,seed_type,evidence_url,verification_status
SXJD,https://www.sxjdxy.edu.cn/rcpy/zyrcpyfa.htm,teaching_affairs,https://www.sxjdxy.edu.cn/rcpy/zyrcpyfa.htm,verified
HNZJ,https://jwc.hnzj.edu.cn/rcpy/znzzxy.htm,teaching_affairs,https://jwc.hnzj.edu.cn/rcpy/znzzxy.htm,verified
HNZJ,https://jwc.hnzj.edu.cn/rcpy/clgcxy.htm,teaching_affairs,https://jwc.hnzj.edu.cn/rcpy/clgcxy.htm,verified
HNZJ,https://jwc.hnzj.edu.cn/rcpy/kzgcxy.htm,teaching_affairs,https://jwc.hnzj.edu.cn/rcpy/kzgcxy.htm,verified
WZVTC,https://jwc.wzvtc.cn/2025/1222/c550679a3161707/page.htm,teaching_affairs,https://jwc.wzvtc.cn/2025/1222/c550679a3161707/page.htm,verified
HNPI,https://www.hnpi.edu.cn/jwc/2025/0930/c624a117552/page.htm,teaching_affairs,https://www.hnpi.edu.cn/jwc/2025/0930/c624a117552/page.htm,verified
BITC,https://admission.bitc.edu.cn/info/1371/5841.htm,teaching_affairs,https://admission.bitc.edu.cn/info/1371/5841.htm,verified
HNCC,https://www.hncc.edu.cn/index/rcpyfa.htm,teaching_affairs,https://www.hncc.edu.cn/index/rcpyfa.htm,verified
BGY,https://www.bgy.edu.cn/xxxw/d60be85826fd425d93a980c229c8dac9.htm,official_group_announcement,https://www.bgy.edu.cn/xxxw/d60be85826fd425d93a980c229c8dac9.htm,verified
BGY,https://jwc.bgy.edu.cn/,teaching_affairs,https://jwc.bgy.edu.cn/,verified
TJMVTC,https://jw.tjmvtc.edu.cn/info/1058/1267.htm,teaching_affairs,https://jw.tjmvtc.edu.cn/info/1058/1267.htm,verified
TJMC,https://jwc.tjmc.edu.cn/wejlist.jsp?urltype=tree.TreeTempUrl&wbtreeid=1951,teaching_affairs,https://jwc.tjmc.edu.cn/wejlist.jsp?urltype=tree.TreeTempUrl&wbtreeid=1951,verified
TJEIC,https://www.tjdz.edu.cn/a/departmentsite/dianzixi/,school_college,https://www.tjdz.edu.cn/a/departmentsite/dianzixi/,verified
CZIMT,https://www.czimt.edu.cn/xxgkw/2026/0114/c5483a181220/page.htm,teaching_affairs,https://www.czimt.edu.cn/xxgkw/2026/0114/c5483a181220/page.htm,verified
CZIMT,https://www.czimt.edu.cn/xxgkw/2026/0114/c5483a181218/page.htm,teaching_affairs,https://www.czimt.edu.cn/xxgkw/2026/0114/c5483a181218/page.htm,verified
CZIMT,https://www.czimt.edu.cn/xxgkw/2026/0114/c5483a181226/page.htm,teaching_affairs,https://www.czimt.edu.cn/xxgkw/2026/0114/c5483a181226/page.htm,verified
CZIMT,https://www.czimt.edu.cn/xxgkw/2026/0114/c5483a181229/page.htm,teaching_affairs,https://www.czimt.edu.cn/xxgkw/2026/0114/c5483a181229/page.htm,verified
TJTC,https://jwc.tjtc.edu.cn/info/1959/2176.htm,teaching_affairs,https://jwc.tjtc.edu.cn/info/1959/2176.htm,verified
ZFC,https://www.zfc.edu.cn/2025/0627/c3526a64093/page.htm,teaching_affairs,https://www.zfc.edu.cn/2025/0627/c3526a64093/page.htm,verified
ZFC,https://www.zfc.edu.cn/2026/0609/c3526a66870/page.htm,teaching_affairs,https://www.zfc.edu.cn/2026/0609/c3526a66870/page.htm,verified
ZIME,https://www.zime.edu.cn/zjjdjwc/info/1143/1732.htm,teaching_affairs,https://www.zime.edu.cn/zjjdjwc/info/1143/1732.htm,verified
ZIME,https://www.zime.edu.cn/zjjdjwc/info/1143/1734.htm,teaching_affairs,https://www.zime.edu.cn/zjjdjwc/info/1143/1734.htm,verified
ZJTIE,https://jwc.zjtie.edu.cn/65/list.htm,teaching_affairs,https://jwc.zjtie.edu.cn/65/list.htm,verified
ZJTIE,https://ltjj.zjtie.edu.cn/1663/list.htm,college,https://ltjj.zjtie.edu.cn/1663/list.htm,verified
ZJITC,https://jwc.zjitc.edu.cn/info/1003/3054.htm,teaching_affairs,https://jwc.zjitc.edu.cn/info/1003/3054.htm,verified
ZJBC,https://www.zjbc.edu.cn/dit/113/listm2.htm,teaching_affairs,https://www.zjbc.edu.cn/dit/113/listm2.htm,verified
WZVCST,https://dean.wzvcst.edu.cn/info/1087/2122.htm,teaching_affairs,https://dean.wzvcst.edu.cn/info/1087/2122.htm,verified
ZJIET,https://www.zjiet.edu.cn/114/,school_profile,https://www.zjiet.edu.cn/114/,verified
TCZJ,https://www.tourzj.edu.cn/info/1084/24373.htm,teaching_affairs,https://www.tourzj.edu.cn/info/1084/24373.htm,verified
ZJVTIT,https://www.zjvtit.edu.cn/rcpy/pyfa.htm,teaching_affairs,https://www.zjvtit.edu.cn/rcpy/pyfa.htm,verified
ZJVTIT,https://www.zjvtit.edu.cn/info/1034/22428.htm,teaching_affairs,https://www.zjvtit.edu.cn/info/1034/22428.htm,verified
ZJJS,https://www.zjjs.edu.cn/pagelist.jsp?id=c130c4b7ddc443e49aa9326bf813f2b6,teaching_affairs,https://www.zjjs.edu.cn/pagelist.jsp?id=c130c4b7ddc443e49aa9326bf813f2b6,verified
ZJJS,https://www.zjjs.edu.cn/_img/2026/01/09/20260109194527974.pdf,official_group_announcement,https://www.zjjs.edu.cn/_img/2026/01/09/20260109194527974.pdf,verified
ZJJS,https://zsw.zjjs.edu.cn/danye/26.shtml,school_college,https://zsw.zjjs.edu.cn/danye/26.shtml,verified
ZJJS,https://zsw.zjjs.edu.cn/danye/29.shtml,school_college,https://zsw.zjjs.edu.cn/danye/29.shtml,verified
YWICC,https://www.ywicc.edu.cn/info/1015/23092.htm,official_group_announcement,https://www.ywicc.edu.cn/info/1015/23092.htm,verified
YWICC,https://wywm.ywicc.edu.cn/xygk/xyjj.htm,school_college,https://wywm.ywicc.edu.cn/xygk/xyjj.htm,verified
YWICC,https://wywm.ywicc.edu.cn/zyjs/rcpyfa.htm,teaching_affairs,https://wywm.ywicc.edu.cn/zyjs/rcpyfa.htm,verified
YWICC,https://wywm.ywicc.edu.cn/info/1054/2115.htm,teaching_affairs,https://wywm.ywicc.edu.cn/info/1054/2115.htm,verified
SICT,https://www.sict.edu.cn/,school_homepage,https://www.sict.edu.cn/,access_blocked
SICT,https://www.sict.edu.cn/uploads/2024/0731/17224061394c37011e47e39c1f.pdf,official_school_profile,https://www.sict.edu.cn/uploads/2024/0731/17224061394c37011e47e39c1f.pdf,verified
SICT,https://jnedu.jinan.gov.cn/col/col83009/art/2026/art_6b324883d29c49a4bd9da9ccd1bb5fea.html,official_group_announcement,https://jnedu.jinan.gov.cn/col/col83009/art/2026/art_6b324883d29c49a4bd9da9ccd1bb5fea.html,verified
SICT,https://cj.sina.com.cn/articles/view/5895814239/15f6afc5f02001cgfs,secondary_membership_evidence,https://cj.sina.com.cn/articles/view/5895814239/15f6afc5f02001cgfs,manual_review_required
SICT,https://edu.china.com.cn/2025-06/05/content_117912425.shtml,secondary_membership_evidence,https://edu.china.com.cn/2025-06/05/content_117912425.shtml,manual_review_required
SICT,https://sd.sina.cn/news/2026-06-28/detail-inieykzq0412984.d.html,secondary_group_evidence,https://sd.sina.cn/news/2026-06-28/detail-inieykzq0412984.d.html,manual_review_required
ZBPU,https://www.zbpu.edu.cn/info/1114/16339.htm,official_group_announcement,https://www.zbpu.edu.cn/info/1114/16339.htm,verified
ZBPU,https://www.moe.gov.cn/jyb_xwfb/s5147/202512/t20251218_1423785.html,education_authority_group_evidence,https://www.moe.gov.cn/jyb_xwfb/s5147/202512/t20251218_1423785.html,verified
ZBPU,https://paper.jyb.cn/zgjyb/h5/html5/2026-06/09/content_144744_19604066.htm,education_authority_group_evidence,https://paper.jyb.cn/zgjyb/h5/html5/2026-06/09/content_144744_19604066.htm,verified
ZBPU,https://www.zbpu.edu.cn/xxgk/info/1006/2746.htm,official_2025_major_settings,https://www.zbpu.edu.cn/xxgk/info/1006/2746.htm,verified
ZBPU,https://jdxy.zbpu.edu.cn/rcpy/zysz.htm,school_college,https://jdxy.zbpu.edu.cn/rcpy/zysz.htm,verified
ZBPU,https://hgx.zbpu.edu.cn/zysz.htm,school_college,https://hgx.zbpu.edu.cn/zysz.htm,verified
ZBPU,https://jwc.zbpu.edu.cn/info/1012/3889.htm,teaching_affairs,https://jwc.zbpu.edu.cn/info/1012/3889.htm,verified
ZBPU,https://www.zbpu.edu.cn/xxgk/jxzlxx/zyqk.htm,teaching_affairs,https://www.zbpu.edu.cn/xxgk/jxzlxx/zyqk.htm,verified
ZBPU,https://www.zbpu.edu.cn/xxgk/info/1063/2730.htm,official_disclosure_report,https://www.zbpu.edu.cn/xxgk/info/1063/2730.htm,verified
BZPT,https://xxgk.bzpt.edu.cn/info/1401/7267.htm,official_group_announcement,https://xxgk.bzpt.edu.cn/info/1401/7267.htm,verified
BZPT,https://jdgc.bzpt.edu.cn/info/1011/3926.htm,school_college_group_membership,https://jdgc.bzpt.edu.cn/info/1011/3926.htm,verified
BZPT,https://qf.bzpt.edu.cn/xygk/bmjj.htm,school_college_group_evidence,https://qf.bzpt.edu.cn/xygk/bmjj.htm,verified
BZPT,https://jwc.bzpt.edu.cn/__local/E/88/5D/67D320E48F0EF8CC12BADF179E0_9FCE7537_5FD91C.pdf,official_quality_report_group_membership,https://jwc.bzpt.edu.cn/__local/E/88/5D/67D320E48F0EF8CC12BADF179E0_9FCE7537_5FD91C.pdf,verified
BZPT,https://jwc.bzpt.edu.cn/info/1201/2322.htm,teaching_affairs,https://jwc.bzpt.edu.cn/info/1201/2322.htm,verified
BZPT,https://jwc.bzpt.edu.cn/rcpy.htm,teaching_affairs_plan_index,https://jwc.bzpt.edu.cn/rcpy.htm,verified
BZPT,https://cwc.bzpt.edu.cn/__local/2/74/FA/8BCF1A3A3BCCA543D1ECC7A432F_87315478_1637E.pdf,official_2025_major_settings,https://cwc.bzpt.edu.cn/__local/2/74/FA/8BCF1A3A3BCCA543D1ECC7A432F_87315478_1637E.pdf,verified
RZPT,https://www.rzpt.cn/xxgk/xxjj.htm,official_group_announcement,https://www.rzpt.cn/xxgk/xxjj.htm,verified
RZPT,https://www.rzpt.cn/info/1080/35787.htm,official_quality_report,https://www.rzpt.cn/info/1080/35787.htm,verified
RZPT,https://hyjsx.rzpt.cn/zysz1.htm,school_college,https://hyjsx.rzpt.cn/zysz1.htm,verified
RZPT,https://hyjsx.rzpt.cn/zyqjs.htm,school_college_group_page,https://hyjsx.rzpt.cn/zyqjs.htm,verified
RZPT,https://znyjx.rzpt.cn/dpzw.jsp?urltype=tree.TreeTempUrl&wbtreeid=1096,school_college,https://znyjx.rzpt.cn/dpzw.jsp?urltype=tree.TreeTempUrl&wbtreeid=1096,verified
RZPT,https://www.rzpt.cn/info/1070/34492.htm,teaching_affairs,https://www.rzpt.cn/info/1070/34492.htm,verified
RZPT,https://www.rzpt.cn/search.jsp?wbtreeid=1001,official_site_search,https://www.rzpt.cn/search.jsp?wbtreeid=1001,verified
RZPT,https://gotorzu.rzpt.cn/__local/D/49/18/570EE252619F214FFEB2FCA2F6C_9980CA33_6D914.pdf,official_2025_major_settings,https://gotorzu.rzpt.cn/__local/D/49/18/570EE252619F214FFEB2FCA2F6C_9980CA33_6D914.pdf,verified
SDP,https://www.sdp.edu.cn/xwzx/info/1011/55397.htm,official_group_announcement,https://www.sdp.edu.cn/xwzx/info/1011/55397.htm,verified
SDP,https://www.sdp.edu.cn/xwzx/info/1011/41957.htm,official_group_evidence,https://www.sdp.edu.cn/xwzx/info/1011/41957.htm,verified
SDP,https://www.sdp.edu.cn/csgd/,school_college_group_membership,https://www.sdp.edu.cn/csgd/,verified
SDP,https://www.sdp.edu.cn/csgd/info/1073/1422.htm,official_2025_plan_review,https://www.sdp.edu.cn/csgd/info/1073/1422.htm,verified
SDP,https://www.sdp.edu.cn/jcyjd/info/1031/2273.htm,school_college,https://www.sdp.edu.cn/jcyjd/info/1031/2273.htm,verified
SDP,https://www.sdp.edu.cn/jcyjd/xzzq.htm,school_college_download_index,https://www.sdp.edu.cn/jcyjd/xzzq.htm,verified
SDP,https://www.sdp.edu.cn/__local/A/36/35/91CD6C40BDAFBD317F61B8C08D4_40834A3D_C3252.pdf,official_wrong_year_plan,https://www.sdp.edu.cn/__local/A/36/35/91CD6C40BDAFBD317F61B8C08D4_40834A3D_C3252.pdf,verified
JNVC,https://qsy.jinan.gov.cn/col/col8827/art/2026/art_662bf103100c4911838ebd626122637b.html,government_information_disclosure,https://qsy.jinan.gov.cn/col/col8827/art/2026/art_662bf103100c4911838ebd626122637b.html,verified
JNVC,https://qsy.jinan.gov.cn/col/col8827/art/2026/art_adf69c12998c4ddfa566a393606cc050.html,government_information_disclosure,https://qsy.jinan.gov.cn/col/col8827/art/2026/art_adf69c12998c4ddfa566a393606cc050.html,verified
SDVCST,https://jwc.sdvcst.edu.cn/info/1411/11635.htm,teaching_affairs_group_plan,https://jwc.sdvcst.edu.cn/info/1411/11635.htm,verified
SDVCST,https://fzfz.sdvcst.edu.cn/info/1729/6566.htm,official_2025_plan_review,https://fzfz.sdvcst.edu.cn/info/1729/6566.htm,verified
DYXY,http://www.dyxy.edu.cn/index.php/cms/item-view-id-12511.shtml,official_second_phase_group,http://www.dyxy.edu.cn/index.php/cms/item-view-id-12511.shtml,verified
DYXY,http://www.dyxy.edu.cn/s.php/syhg/item-list-category-24731.html,school_college_group_membership,http://www.dyxy.edu.cn/s.php/syhg/item-list-category-24731.html,verified
DYXY,http://www.dyxy.edu.cn/index.php/cms/item-view-id-9698.shtml,official_2025_plan_work_meeting,http://www.dyxy.edu.cn/index.php/cms/item-view-id-9698.shtml,verified
DYXY,http://www.dyxy.edu.cn/index.php/cms/item-view-id-10533.shtml,official_2025_plan_review,http://www.dyxy.edu.cn/index.php/cms/item-view-id-10533.shtml,verified
DYXY,http://www.dyxy.edu.cn/s.php/xxgk/item-list-category-25215-page-4.html,official_wrong_year_plan_index,http://www.dyxy.edu.cn/s.php/xxgk/item-list-category-25215-page-4.html,verified
DYXY,http://www.dyxy.edu.cn/s.php/xxgk/item-view-id-58224.html,official_wrong_year_plan,http://www.dyxy.edu.cn/s.php/xxgk/item-view-id-58224.html,verified
DYXY,http://www.dyxy.edu.cn/s.php/xxgk/item-view-id-58225.html,official_wrong_year_plan,http://www.dyxy.edu.cn/s.php/xxgk/item-view-id-58225.html,verified
DYXY,http://www.dyxy.edu.cn/s.php/xxgk/item-view-id-58228.html,official_wrong_year_plan,http://www.dyxy.edu.cn/s.php/xxgk/item-view-id-58228.html,verified
DYXY,http://www.dyxy.edu.cn/s.php/xxgk/item-view-id-58226.html,official_wrong_year_plan,http://www.dyxy.edu.cn/s.php/xxgk/item-view-id-58226.html,verified
YTVC,https://www.yantai.gov.cn/art/2025/3/31/art_61378_3248034.html,government_second_phase_evidence,https://www.yantai.gov.cn/art/2025/3/31/art_61378_3248034.html,verified
YTVC,https://www.yantai.gov.cn/col/col11795/art/2026/art_eacef473e0c58e7308925c5b7dd336cf.html,government_current_project_status,https://www.yantai.gov.cn/col/col11795/art/2026/art_eacef473e0c58e7308925c5b7dd336cf.html,verified
YTVC,https://www.yantai.gov.cn/cms_files/jcms1/web1/site/attach/0/ce69981d406741fca4da2124976b661a.pdf,government_new_round_group_evidence,https://www.yantai.gov.cn/cms_files/jcms1/web1/site/attach/0/ce69981d406741fca4da2124976b661a.pdf,verified
YTVC,https://jwc.ytvc.edu.cn/info/1018/1056.htm,teaching_affairs_group_membership,https://jwc.ytvc.edu.cn/info/1018/1056.htm,verified
YTVC,https://jwc.ytvc.edu.cn/zyjs/zysz.htm,teaching_affairs_plan_index,https://jwc.ytvc.edu.cn/zyjs/zysz.htm,verified
YTVC,https://jwc.ytvc.edu.cn/info/1018/2008.htm,official_2025_plan,https://jwc.ytvc.edu.cn/info/1018/2008.htm,verified
YTVC,https://jwc.ytvc.edu.cn/info/1018/2006.htm,official_2025_special_track_plan,https://jwc.ytvc.edu.cn/info/1018/2006.htm,verified
YTVC,https://jwc.ytvc.edu.cn/info/1018/1663.htm,official_wrong_year_teaching_plan,https://jwc.ytvc.edu.cn/info/1018/1663.htm,verified
WFVC,https://zs.sdwfvc.edu.cn/info/1153/5560.htm,official_second_phase_evidence,https://zs.sdwfvc.edu.cn/info/1153/5560.htm,verified
WFVC,https://www.sdwfvc.edu.cn/info/1813/283053.htm,official_second_phase_group_evidence,https://www.sdwfvc.edu.cn/info/1813/283053.htm,verified
WFVC,https://nl.sdwfvc.edu.cn/info/1285/7062.htm,official_current_college_profile,https://nl.sdwfvc.edu.cn/info/1285/7062.htm,verified
WFVC,https://zs.sdwfvc.edu.cn/info/1060/4023.htm,official_major_evidence,https://zs.sdwfvc.edu.cn/info/1060/4023.htm,verified
WFVC,https://zs.sdwfvc.edu.cn/info/1060/1687.htm,official_group_member_evidence,https://zs.sdwfvc.edu.cn/info/1060/1687.htm,verified
WFVC,https://zs.sdwfvc.edu.cn/info/1060/1685.htm,official_group_member_evidence,https://zs.sdwfvc.edu.cn/info/1060/1685.htm,verified
WFVC,https://zs.sdwfvc.edu.cn/info/1060/1688.htm,official_group_member_evidence,https://zs.sdwfvc.edu.cn/info/1060/1688.htm,verified
WFVC,https://jwc.sdwfvc.edu.cn/rcpy/pyfa/nlkjxy.htm,teaching_affairs_plan_index,https://jwc.sdwfvc.edu.cn/rcpy/pyfa/nlkjxy.htm,verified
WFVC,https://jwc.sdwfvc.edu.cn/info/2174/8586.htm,official_wrong_year_plan,https://jwc.sdwfvc.edu.cn/info/2174/8586.htm,verified
WFVC,https://jwc.sdwfvc.edu.cn/info/2174/8616.htm,official_wrong_year_plan,https://jwc.sdwfvc.edu.cn/info/2174/8616.htm,verified
WFVC,https://jwc.sdwfvc.edu.cn/info/2174/8606.htm,official_wrong_year_plan,https://jwc.sdwfvc.edu.cn/info/2174/8606.htm,verified
WFVC,https://jwc.sdwfvc.edu.cn/info/2174/8596.htm,official_wrong_year_plan,https://jwc.sdwfvc.edu.cn/info/2174/8596.htm,verified
WHVC,https://www.whvc.edu.cn/219/list.htm,official_current_profile,https://www.whvc.edu.cn/219/list.htm,verified
WHVC,https://www.whvc.edu.cn/xxgk/2026/0104/c7804a132982/page.htm,official_2025_quality_report,https://www.whvc.edu.cn/xxgk/2026/0104/c7804a132982/page.htm,verified
WHVC,https://www.whvc.edu.cn/jdgc/2026/0320/c2540a134047/page.htm,official_new_double_high_work,https://www.whvc.edu.cn/jdgc/2026/0320/c2540a134047/page.htm,verified
WHVC,https://www.whvc.edu.cn/jwc/1847/list.htm,official_legacy_group_membership,https://www.whvc.edu.cn/jwc/1847/list.htm,manual_review_required
WHVC,https://www.whvc.edu.cn/cbgc/cbgcjszyq_8889/list.htm,official_current_group_page,https://www.whvc.edu.cn/cbgc/cbgcjszyq_8889/list.htm,verified
WHVC,https://www.whvc.edu.cn/jwc/rcpyfa_7907/list.htm,teaching_affairs_plan_index,https://www.whvc.edu.cn/jwc/rcpyfa_7907/list.htm,verified
WHVC,https://www.whvc.edu.cn/jwc/2025/0713/c7907a130218/page.htm,official_wrong_year_plan,https://www.whvc.edu.cn/jwc/2025/0713/c7907a130218/page.htm,verified
WHVC,https://www.whvc.edu.cn/cbgc/2149/list.htm,school_college_teaching_index,https://www.whvc.edu.cn/cbgc/2149/list.htm,verified
WHVC,https://www.whvc.edu.cn/jdgc/1395/list.htm,school_college_teaching_index,https://www.whvc.edu.cn/jdgc/1395/list.htm,verified
SDMY,https://www.sdmy.edu.cn/info/1024/14459.htm,official_second_phase_group_evidence,https://www.sdmy.edu.cn/info/1024/14459.htm,verified
SDMY,https://www.sdmy.edu.cn/__local/2/EB/5E/0173A29EEEC80D3C0C123D09BBE_F81DD0F2_842E05.pdf,official_2025_quality_report_group_membership,https://www.sdmy.edu.cn/__local/2/EB/5E/0173A29EEEC80D3C0C123D09BBE_F81DD0F2_842E05.pdf,verified
SDMY,https://jwc.sdmy.edu.cn/rcpy.htm,teaching_affairs_plan_index,https://jwc.sdmy.edu.cn/rcpy.htm,verified
SDMY,https://jwc.sdmy.edu.cn/info/1045/2309.htm,official_2025_plan,https://jwc.sdmy.edu.cn/info/1045/2309.htm,verified
SDMY,https://jwc.sdmy.edu.cn/info/1045/2330.htm,official_2025_plan,https://jwc.sdmy.edu.cn/info/1045/2330.htm,verified
SDMY,https://jwc.sdmy.edu.cn/info/1045/2323.htm,official_2025_plan,https://jwc.sdmy.edu.cn/info/1045/2323.htm,verified
SDMY,https://jwc.sdmy.edu.cn/info/1045/2210.htm,official_wrong_year_plan,https://jwc.sdmy.edu.cn/info/1045/2210.htm,verified
SDMY,https://jwc.sdmy.edu.cn/info/1045/2211.htm,official_wrong_year_plan,https://jwc.sdmy.edu.cn/info/1045/2211.htm,verified
JNVTC,https://jnzyjsxy.cn/tsjx/tsppzy1.htm,official_second_phase_group_evidence,https://jnzyjsxy.cn/tsjx/tsppzy1.htm,verified
JNVTC,https://jnzyjsxy.cn/info/1052/7955.htm,official_2025_quality_report_group_membership,https://jnzyjsxy.cn/info/1052/7955.htm,manual_review_required
JNVTC,https://jnzyjsxy.cn/njwc/,teaching_affairs_home,https://jnzyjsxy.cn/njwc/,verified
JNVTC,https://jnzyjsxy.cn/njwc/xzyd.htm,teaching_affairs_download_index,https://jnzyjsxy.cn/njwc/xzyd.htm,verified
JNVTC,https://jnzyjsxy.cn/njwc/jwgl.htm,teaching_affairs_management_index,https://jnzyjsxy.cn/njwc/jwgl.htm,verified
JNVTC,https://jnzyjsxy.cn/jdgcx/zyjs.htm,school_college_major_index,https://jnzyjsxy.cn/jdgcx/zyjs.htm,verified
JNVTC,https://jnzyjsxy.cn/jdgcx/cyxz.htm,school_college_download_index,https://jnzyjsxy.cn/jdgcx/cyxz.htm,verified
JNVTC,https://jnzyjsxy.cn/jdgcx/jxky.htm,school_college_teaching_index,https://jnzyjsxy.cn/jdgcx/jxky.htm,verified
WFEC,https://www.wfec.edu.cn/info/1023/49831.htm,official_second_phase_group_evidence,https://www.wfec.edu.cn/info/1023/49831.htm,verified
WFEC,https://xxgk.wfec.edu.cn/info/1038/13301.htm,official_2025_quality_report_group_membership,https://xxgk.wfec.edu.cn/info/1038/13301.htm,manual_review_required
WFEC,https://jwc.wfec.edu.cn/,teaching_affairs_home,https://jwc.wfec.edu.cn/,manual_review_required
WFEC,https://jwc.wfec.edu.cn/zyjs/tsppgspzy_q_.htm,teaching_affairs_professional_group_index,https://jwc.wfec.edu.cn/zyjs/tsppgspzy_q_.htm,manual_review_required
WFEC,https://hhxy.wfec.edu.cn/,school_college_home,https://hhxy.wfec.edu.cn/,manual_review_required
WFEC,https://hhxy.wfec.edu.cn/zy.htm,school_college_major_index,https://hhxy.wfec.edu.cn/zy.htm,manual_review_required
WFEC,https://hhxy.wfec.edu.cn/jxky.htm,school_college_teaching_index,https://hhxy.wfec.edu.cn/jxky.htm,manual_review_required
QDGW,https://www.qdgw.edu.cn/info/1501/127091.htm,official_second_phase_group_evidence,https://www.qdgw.edu.cn/info/1501/127091.htm,verified
QDGW,https://zhgk.qdgw.edu.cn/info/1011/7835.htm,official_2025_plan_review_evidence,https://zhgk.qdgw.edu.cn/info/1011/7835.htm,manual_review_required
QDGW,https://zhgk.qdgw.edu.cn/,school_college_home,https://www.qdgw.edu.cn/jgsz.htm,manual_review_required
QDGW,https://xdhhxy.qdgw.edu.cn/,school_college_home,https://www.qdgw.edu.cn/jgsz.htm,manual_review_required
QDGW,https://jxgz.qdgw.edu.cn/,teaching_affairs_home,https://www.qdgw.edu.cn/jgsz.htm,manual_review_required
QDGW,https://jxgz.qdgw.edu.cn/list.jsp?urltype=tree.TreeTempUrl&wbtreeid=1941,teaching_affairs_operation_index,https://jxgz.qdgw.edu.cn/,manual_review_required
QDGW,https://zs.qdgw.edu.cn/article.php?id=324&mid=60,current_school_college_major_index,https://zs.qdgw.edu.cn/article.php?id=324&mid=60,manual_review_required
QDGW,https://xxgk.qdgw.edu.cn/info/1081/1465.htm,official_2025_quality_report,https://xxgk.qdgw.edu.cn/info/1081/1465.htm,manual_review_required
QDGW,https://xxgk.qdgw.edu.cn/__local/0/FF/7B/83603B3C76E64F1723D78F9F153_95DCFD9F_538743.pdf,official_group_membership_report,https://xxgk.qdgw.edu.cn/,manual_review_required
LWVC,https://www.lwvc.edu.cn/info/1021/16177.htm,official_2025_quality_report,https://www.lwvc.edu.cn/info/1021/16177.htm,verified
LWVC,https://www.lwvc.edu.cn/__local/8/69/2C/4694FBB40ABF0B32C6442657E54_74AA99F0_BD47CC.pdf,official_2025_quality_report_group_membership,https://www.lwvc.edu.cn/info/1021/16177.htm,manual_review_required
LWVC,https://jwc.lwvc.edu.cn/rcpy.htm,teaching_affairs_plan_index,https://jwc.lwvc.edu.cn/rcpy.htm,manual_review_required
LWVC,https://jwc.lwvc.edu.cn/info/1024/2305.htm,official_wrong_year_plan_published_2025,https://jwc.lwvc.edu.cn/info/1024/2305.htm,manual_review_required
LWVC,https://jwc.lwvc.edu.cn/info/1024/1706.htm,official_wrong_year_plan,https://jwc.lwvc.edu.cn/info/1024/1706.htm,manual_review_required
LWVC,https://jwc.lwvc.edu.cn/info/1024/1707.htm,official_wrong_year_plan,https://jwc.lwvc.edu.cn/info/1024/1707.htm,manual_review_required
LWVC,https://jwc.lwvc.edu.cn/info/1024/1708.htm,official_wrong_year_plan,https://jwc.lwvc.edu.cn/info/1024/1708.htm,manual_review_required
SZPU,https://www.szpu.edu.cn/info/1225/22880.htm,official_second_phase_selected_status,https://www.szpu.edu.cn/info/1225/22880.htm,verified
SZPU,https://pingshen.szpu.edu.cn/sbyys25/xsg.htm,official_second_phase_application_portal,https://pingshen.szpu.edu.cn/sbyys25/xsg.htm,manual_review_required
SZPU,https://pingshen.szpu.edu.cn/__local/3/3C/5A/90BA7B7379E7A9126FF4C2C8277_20FB994D_4598A.pdf,official_group_membership_information_form,https://pingshen.szpu.edu.cn/sbyys25/xsg.htm,manual_review_required
SZPU,https://pingshen.szpu.edu.cn/__local/C/39/19/25ABE6D5498D5CC25FCADC560AC_E4014B81_52AF2D.pdf,official_electronics_group_report,https://pingshen.szpu.edu.cn/sbyys25/xsg.htm,manual_review_required
SZPU,https://pingshen.szpu.edu.cn/__local/B/AB/0B/A57C932CE3CF46565FC1521E9B1_098D9DE5_4FFD75.pdf,official_nev_group_report,https://pingshen.szpu.edu.cn/sbyys25/xsg.htm,manual_review_required
SZPU,https://pingshen.szpu.edu.cn/zlgcsb2019/szzyjsxyrcpyfa/a24jrcpyfa.htm,official_plan_archive_latest_public_page,https://pingshen.szpu.edu.cn/zlgcsb2019/szzyjsxyrcpyfa/a24jrcpyfa.htm,manual_review_required
SZPU,https://pingshen.szpu.edu.cn/__local/0/CA/21/D84F6D56C0905483FEEF823114F_FE0B9CDC_5E53D.pdf,official_2023_bachelor_plans,https://pingshen.szpu.edu.cn/,manual_review_required
SZPU,https://jiaowc.szpu.edu.cn/,teaching_affairs_home,https://jiaowc.szpu.edu.cn/,manual_review_required
GZPU,https://www.gzhpu.edu.cn/gzj/zlnb/rcpyzl/content_71202,official_2025_quality_report,https://www.gzhpu.edu.cn/gzj/zlnb/rcpyzl/content_71202,verified
GZPU,https://www.gzhpu.edu.cn/Upload/gzj/ContentManage/Article/File/2026/01/06/202601061553304561.pdf,official_2025_quality_report_pdf,https://www.gzhpu.edu.cn/gzj/zlnb/rcpyzl/content_71202,manual_review_required
GZPU,https://www.gzhpu.edu.cn/xxgcxy/xydt/content_71220,official_big_data_group_membership,https://www.gzhpu.edu.cn/xxgcxy/xydt/content_71220,verified
GZPU,https://www.gzhpu.edu.cn/znzzxy/zysz/gyjqrjs/content_66809,official_automotive_group_membership,https://www.gzhpu.edu.cn/znzzxy/zysz/gyjqrjs/content_66809,verified
GZPU,https://www.gzhpu.edu.cn/s?wd=%E5%9F%B9%E5%85%BB%E6%96%B9%E6%A1%88,official_plan_search_index,https://www.gzhpu.edu.cn/s?wd=%E5%9F%B9%E5%85%BB%E6%96%B9%E6%A1%88,verified
GZPU,https://mooc1.chaoxing.com/course/259640314.html,official_delegated_2025_plan_archive,https://www.gzhpu.edu.cn/s?wd=%E5%9F%B9%E5%85%BB%E6%96%B9%E6%A1%88,manual_review_required
GZPU,https://www.moe.gov.cn/srcsite/A03/s181/202506/t20250619_1194808.html,education_ministry_upgrade_notice,https://www.moe.gov.cn/srcsite/A03/s181/202506/t20250619_1194808.html,manual_review_required
SDPT,https://www.sdpt.edu.cn/info/1490/21758.htm,official_2025_quality_report,https://www.sdpt.edu.cn/info/1490/21758.htm,verified
SDPT,https://www.sdpt.edu.cn/__local/1/49/97/15ED5FC03977028C2CD02179226_1B9A19DE_CEAC50.pdf,official_2025_quality_report_pdf,https://www.sdpt.edu.cn/info/1490/21758.htm,manual_review_required
SDPT,https://zhuanti.sdpt.edu.cn/rcpyfa/jzyrcpyfa2025.htm,official_2025_plan_archive,https://zhuanti.sdpt.edu.cn/rcpyfa/jzyrcpyfa2025.htm,verified
SDPT,https://zhuanti.sdpt.edu.cn/sgjs2/,official_second_round_application_site,https://zhuanti.sdpt.edu.cn/sg2.html,access_blocked
SDPT,https://www.sdpt.edu.cn/info/1043/20448.htm,official_industrial_robot_related_majors_report,https://www.sdpt.edu.cn/info/1043/20448.htm,manual_review_required
SZIIT,https://sgspzyq.suit-sz.edu.cn/xxzyqxmglbg/gdsgzyxgspzyqxmglbg_2025n_.htm,official_2025_group_management_portal,https://sgspzyq.suit-sz.edu.cn/xxzyqxmglbg/gdsgzyxgspzyqxmglbg_2025n_.htm,verified
SZIIT,https://sgspzyq.suit-sz.edu.cn/virtual_attach_file.vsb?afc=5MmlC4LNUan7M2nQmCbnmCDLl-PU4Vq7nlnkM7VRnmGiLzC0gihFp2hmCIa0USy8nSyPn1y8nl-sMR9bnmTfM8QkLRvanlnRL4lsnmWRMNnFM8-4L4U4MNQFolrkM7UJv2nto4OeosMjvsfE_570qIbtpYyPLmNYg47PMR7Jqdpnx&e=.pdf&nid=1141&tid=1292,official_ic_group_membership_registration,https://sgspzyq.suit-sz.edu.cn/jcdljszyqyscl/ysdjb.htm,verified
SZIIT,https://sgspzyq.suit-sz.edu.cn/virtual_attach_file.vsb?afc=7MzLV8nR-ZLRn2L2N7iL4n7nR-iMzNdZolUPM7lPU4v8Um70gihFp2hmCIa0Lkh2UYyYU1yZMmr2U8Q7o7-4M4GZUNQRMNlDol74nRGZnmVFMzl4LRr7nzWFLz78M8VVgjfNQmOeo4x4QsMa_jTPgDTJQty0Lz-boSyPLm7bgtA8pU-cc&e=.pdf&nid=1219&tid=1299,official_industrial_software_group_membership_registration,https://sgspzyq.suit-sz.edu.cn/gyrjkfjszyqyscl/ysdjb.htm,verified
SZIIT,https://sgspzyq.suit-sz.edu.cn/jcdljszyqyscl/zzcl.htm,official_ic_support_material_page,https://sgspzyq.suit-sz.edu.cn/jcdljszyqyscl/zzcl.htm,manual_review_required
SZIIT,https://sgspzyq.suit-sz.edu.cn/virtual_attach_file.vsb?afc=ZM8MbfnzC8nz9YUElCin7-bnm9bL4ve8U46kLRlbMRW2MNU0gihFp2hmCIa0okhfUSybL1y4L7MVo7LiLRLsL7-8L7QVoRGPolLiM7CDnmMFnRGPM8MfUmMFLlMVUllZLYbaQ2Ceo4OevD64vdXbvShXptQ0g474LRN0Lz-YM1bw62y8c&e=.pdf&nid=1226&tid=1309,official_ic_support_material_pdf,https://sgspzyq.suit-sz.edu.cn/jcdljszyqyscl/zzcl.htm,wrong_document_type
SZIIT,https://sgspzyq.suit-sz.edu.cn/gyrjkfjszyqyscl/zzcl.htm,official_industrial_software_support_material_page,https://sgspzyq.suit-sz.edu.cn/gyrjkfjszyqyscl/zzcl.htm,manual_review_required
SZIIT,https://sgspzyq.suit-sz.edu.cn/virtual_attach_file.vsb?afc=nUlWSfLzliUz6VUzzAkMlLPo7MkLNLlsnRUDnNQVnlCaU4U0gihFp2hmCIa0L1yZokhknSyDoR9ZLN7iM7QfLmUDL7-8MlMRLlW7MRvPoRMFLRT7UmviM8rFn7CsMNLaLYbaQ2Ceo4OevD64vdXbvShXptQ0g474LRv0Lz-4L1bw62r8c&e=.pdf&nid=1232&tid=1307,official_industrial_software_support_material_pdf,https://sgspzyq.suit-sz.edu.cn/gyrjkfjszyqyscl/zzcl.htm,wrong_document_type
GDIPU,https://www.gdipu.edu.cn/info/1057/27213.htm,official_second_phase_group_news,https://www.gdipu.edu.cn/info/1057/27213.htm,verified
GDIPU,https://www.gdipu.edu.cn/info/1057/21413.htm,official_second_phase_construction_news,https://www.gdipu.edu.cn/info/1057/21413.htm,verified
GDIPU,https://www.gdipu.edu.cn/__local/B/95/83/69304F0B1B11721E4BA357E1CF8_8BA9481A_9A0A33.pdf,official_2025_quality_report,https://www.gdipu.edu.cn/__local/B/95/83/69304F0B1B11721E4BA357E1CF8_8BA9481A_9A0A33.pdf,verified
GDIPU,https://xxgk.gdipu.edu.cn/__local/D/E1/2B/7AB8D050A26D80051E0E006E5E1_34B6ECD4_ED80C1.pdf,official_2024_quality_report,https://xxgk.gdipu.edu.cn/__local/D/E1/2B/7AB8D050A26D80051E0E006E5E1_34B6ECD4_ED80C1.pdf,verified
GDIPU,https://cqgc.gdipu.edu.cn/__local/0/BA/4B/B81A5BBB44BFD8F14829BD62981_3EEE2B6C_4063E3.pdf,official_2023_group_membership_report,https://cqgc.gdipu.edu.cn/__local/0/BA/4B/B81A5BBB44BFD8F14829BD62981_3EEE2B6C_4063E3.pdf,verified
GDIPU,https://jdx.gdipu.edu.cn/bygk1/xyjj.htm,official_mechanical_college_profile,https://jdx.gdipu.edu.cn/bygk1/xyjj.htm,verified
GDIPU,https://sp.gdipu.edu.cn/info/1151/6582.htm,official_chemical_biotechnology_major_page,https://sp.gdipu.edu.cn/info/1151/6582.htm,verified
GDIPU,https://sp.gdipu.edu.cn/info/1151/6602.htm,official_food_nutrition_major_page,https://sp.gdipu.edu.cn/info/1151/6602.htm,verified
GDIPU,https://sp.gdipu.edu.cn/info/1151/6572.htm,official_biopharmaceutical_major_page,https://sp.gdipu.edu.cn/info/1151/6572.htm,verified
GDIPU,https://jwc.gdipu.edu.cn/info/1063/4143.htm,official_2025_plan_preparation_notice,https://jwc.gdipu.edu.cn/info/1063/4143.htm,verified
GDIPU,https://jwc.gdipu.edu.cn/info/1063/4453.htm,official_2025_plan_evaluation_notice,https://jwc.gdipu.edu.cn/info/1063/4453.htm,verified
GDIPU,https://jwc.gdipu.edu.cn/system/_content/download.jsp?owner=1610676122&urltype=news.DownloadAttachUrl&wbfileid=ED4DD608A9FF30396671E8B73BECDC7E,official_2025_plan_detail_spreadsheet,https://jwc.gdipu.edu.cn/info/1063/4143.htm,access_blocked
GTXY,https://yurenhao.sizhengwang.cn/a/gztlzyjsxyjdgcxyjxgcdzb/260205/2332303.shtml,official_school_party_branch_second_phase_news,https://yurenhao.sizhengwang.cn/a/gztlzyjsxyjdgcxyjxgcdzb/260205/2332303.shtml,verified
GTXY,https://www.gtxy.edu.cn/xwzx/xxxw/content_25318,official_second_phase_progress_news,https://www.gtxy.edu.cn/xwzx/xxxw/content_25318,verified
GTXY,https://jyj.gz.gov.cn/attachment/7/7971/7971496/10683704.pdf,official_2026_budget_second_phase_project,https://jyj.gz.gov.cn/attachment/7/7971/7971496/10683704.pdf,verified
GTXY,https://www.gtxy.edu.cn/tdys,official_transport_college_home,https://www.gtxy.edu.cn/tdys,verified
GTXY,https://www.gtxy.edu.cn/tdys/zyjs/csgdjtyygl,official_lead_major_page,https://www.gtxy.edu.cn/tdys/zyjs/csgdjtyygl,verified
GTXY,https://www.gtxy.edu.cn/jwc,official_academic_affairs_home,https://www.gtxy.edu.cn/jwc,verified
GTXY,https://www.gtxy.edu.cn/s?sid=1&wd=2025%E7%BA%A7%E4%BA%BA%E6%89%8D%E5%9F%B9%E5%85%BB%E6%96%B9%E6%A1%88,official_site_search_2025_plan,https://www.gtxy.edu.cn/,not_found_official_2025
GTXY,https://www.gtxy.edu.cn/xwzx/xxxw/content_19636,official_2024_plan_review_news,https://www.gtxy.edu.cn/xwzx/xxxw/content_19636,wrong_year
GTXY,https://ds.gtxy.cn/suite/solver/classView.do?feature=blockItem&action=browse&blockKey=27944433&siteKey=27944426&key=34029420,official_2025_information_disclosure_report,https://www.gz.gov.cn/zwgk/zdly/gxxx/gxxxgkndbg/content/post_10760860.html,access_blocked
GDAIB,https://www.guangken.com.cn/html/web/xinwen/guangkenyaowen/1963038382414168065.html,official_controller_second_phase_news,https://www.guangken.com.cn/html/web/xinwen/guangkenyaowen/1963038382414168065.html,verified
GDAIB,https://edu.ycwb.com/2026-05/23/content_54135229.htm,authoritative_media_current_group_confirmation,https://edu.ycwb.com/2026-05/23/content_54135229.htm,verified
GDAIB,https://www.gdaib.edu.cn/auto/gdaibnews/ybdt/2023-04-10/45322.html,official_lead_major_evidence,https://www.gdaib.edu.cn/auto/gdaibnews/ybdt/2023-04-10/45322.html,verified
GDAIB,https://www.tech.net.cn/upfiles/zlbg2023_new/xx/guangdong/guangdong%20%2826%29.pdf,official_platform_2023_quality_report,https://www.tech.net.cn/column_rcpy/art.aspx?id=23581&type=2,verified
GDAIB,http://www.gdaib.edu.cn/,official_home_http,http://www.gdaib.edu.cn/,verified
GDAIB,https://www.gdaib.edu.cn/,official_home_https,https://www.gdaib.edu.cn/,access_blocked
GDAIB,http://www.gdaib.edu.cn/auto/jwc/,official_academic_affairs_home,http://www.gdaib.edu.cn/auto/jwc/,access_blocked
GDAIB,http://www.gdaib.edu.cn/auto/xxgkweb/,official_information_disclosure_home,http://www.gdaib.edu.cn/auto/xxgkweb/,access_blocked
GDIT,https://www.gdit.edu.cn/2026/0107/c6705a118054/page.htm,official_2025_quality_report_page,https://www.gdit.edu.cn/2026/0107/c6705a118054/page.htm,verified
GDIT,https://www.gdit.edu.cn/_upload/article/files/11/1d/f35a0ff94d4e905abbe1a342702a/f8eb72e5-b4b0-47c7-9a5d-2448b9b6acb1.pdf,official_2025_quality_report_pdf,https://www.gdit.edu.cn/2026/0107/c6705a118054/page.htm,verified
GDIT,https://www.tech.net.cn/upload/202511/27/202511271503569475.pdf,official_second_phase_funding,https://www.tech.net.cn/upload/202511/27/202511271503569475.pdf,verified
GDIT,https://www.gdit.edu.cn/jwc/main.htm,official_academic_affairs_home,https://www.gdit.edu.cn/jwc/main.htm,verified
GDIT,https://www.gdit.edu.cn/xxgk/jwjx/list.htm,official_information_disclosure_teaching,https://www.gdit.edu.cn/xxgk/jwjx/list.htm,verified
GDSDXY,https://www.tech.net.cn/upload/202511/27/202511271503569475.pdf,official_second_phase_funding,https://www.tech.net.cn/upload/202511/27/202511271503569475.pdf,verified
GDSDXY,https://www.eol.cn/guangdong/gdgd/202606/t20260617_2746035.shtml,school_attributed_current_group_news,https://www.eol.cn/guangdong/gdgd/202606/t20260617_2746035.shtml,verified
GDSDXY,https://rcpy.gdsdxy.edu.cn/,official_talent_plan_portal,https://www.gdsdxy.edu.cn/,verified
GDSDXY,https://bsdt.gdsdxy.edu.cn/sites/html/rcpy2019/21207/,official_2025_talent_plan_index,https://rcpy.gdsdxy.edu.cn/,verified
GDSDXY,https://bsdt.gdsdxy.edu.cn/attachment/sites/item/2025_08/06_11/b5d188f3e047bb2b.pdf,official_2025_plan_pdf,https://bsdt.gdsdxy.edu.cn/sites/html/rcpy2019/21207/,verified
GDGM,https://www.tech.net.cn/upload/202511/27/202511271503569475.pdf,official_second_phase_funding,https://www.tech.net.cn/upload/202511/27/202511271503569475.pdf,verified
GDGM,https://www.gdgm.edu.cn/2026/0106/c4157a63401/page.htm,official_2025_quality_report_page,https://www.gdgm.edu.cn/ndzlbg/list.htm,verified
GDGM,https://www.gdgm.edu.cn/_upload/article/files/7f/06/dcf08d7940e5a7fba7b8b2d8772c/ea3a505a-32a9-4df8-94f7-968ad07bc5ac.pdf,official_2025_quality_report_pdf,https://www.gdgm.edu.cn/2026/0106/c4157a63401/page.htm,verified
GDGM,https://www.gdgm.edu.cn/jwc/,official_academic_affairs_home,https://www.gdgm.edu.cn/jwc/,verified
GDGM,https://www.gdgm.edu.cn/jwc/274/list.htm,official_academic_affairs_work_news,https://www.gdgm.edu.cn/jwc/,verified
GDPT,https://www.tech.net.cn/upload/202511/27/202511271503569475.pdf,official_second_phase_funding,https://www.tech.net.cn/upload/202511/27/202511271503569475.pdf,verified
GDPT,https://www.gdpt.edu.cn/a_1/18881,official_new_round_group_news,https://www.gdpt.edu.cn/a_1/18881,verified
GDPT,https://www.gdpt.edu.cn/a_2/1734,official_current_group_membership_news,https://www.gdpt.edu.cn/a_2/1734,verified
GDPT,https://www.gdpt.edu.cn/a_13/1589,official_2025_talent_plan_index,https://www.gdpt.edu.cn/a_13/1589,verified
GDPT,https://www.gdpt.edu.cn/a_11/637,official_2025_quality_report_page,https://www.gdpt.edu.cn/a_11/637,verified
GDPT,https://img.gdpt.edu.cn/down/27116,official_2025_quality_report_pdf,https://www.gdpt.edu.cn/a_11/637,access_blocked
GDMEC,https://www.tech.net.cn/upload/202511/27/202511271503569475.pdf,official_second_phase_funding,https://www.tech.net.cn/upload/202511/27/202511271503569475.pdf,verified
GDMEC,https://www.gdmec.edu.cn/info/1055/148123.htm,official_second_round_group_news,https://www.gdmec.edu.cn/info/1055/148123.htm,verified
GDMEC,https://www.gdmec.edu.cn/info/1055/147383.htm,official_current_group_membership_news,https://www.gdmec.edu.cn/info/1055/147383.htm,verified
GDMEC,https://jw.gdmec.edu.cn/,official_academic_affairs_home,https://www.gdmec.edu.cn/,verified
GDMEC,https://jw.gdmec.edu.cn/jyjs1/rcpyfa.htm,official_talent_plan_archive,https://jw.gdmec.edu.cn/,verified
GDMEC,https://jw.gdmec.edu.cn/info/1059/3514.htm,official_2025_plan_preparation_notice,https://jw.gdmec.edu.cn/,verified
DGPT,https://www.tech.net.cn/upload/202511/27/202511271503569475.pdf,official_second_phase_funding,https://www.tech.net.cn/upload/202511/27/202511271503569475.pdf,verified
DGPT,https://www.dgpt.edu.cn/info/1002/15550.htm,official_second_round_group_news,https://www.dgpt.edu.cn/info/1002/15550.htm,verified
DGPT,https://www.dgpt.edu.cn/info/1002/14912.htm,official_second_round_application_news,https://www.dgpt.edu.cn/info/1002/14912.htm,verified
DGPT,https://www.dgpt.edu.cn/xygk/xxjj.htm,official_current_school_profile,https://www.dgpt.edu.cn/,verified
DGPT,https://zsxx.dgpt.edu.cn/zyjs.htm,official_current_major_index,https://www.dgpt.edu.cn/,verified
DGPT,https://dzxxgk.dgpt.edu.cn/jxzl/zysz.htm,official_talent_plan_archive,https://dzxxgk.dgpt.edu.cn/,verified
DGPT,https://dzxxgk.dgpt.edu.cn/info/1062/1771.htm,official_2025_talent_plan_page,https://dzxxgk.dgpt.edu.cn/jxzl/zysz.htm,verified
DGPT,https://dzxxgk.dgpt.edu.cn/system/_content/download.jsp?owner=1217006647&urltype=news.DownloadAttachUrl&wbfileid=12026785,official_2025_talent_plan_zip,https://dzxxgk.dgpt.edu.cn/info/1062/1771.htm,access_blocked
GDFD,https://www.tech.net.cn/upload/202511/27/202511271503569475.pdf,official_second_phase_funding,https://www.tech.net.cn/upload/202511/27/202511271503569475.pdf,verified
GDFD,https://cggl.gdyzy.edu.cn/portalwebController.do?goArticleDetail=&id=52a7eb099a38de8f019a48e2f7e306bc,official_current_new_double_high_group_procurement,https://www.gdyzy.edu.cn/,verified
GDFD,https://www.gdyzy.edu.cn/60zn/history.html,official_school_history,https://www.gdyzy.edu.cn/,verified
GDFD,https://www.gdyzy.edu.cn/web/loadWebPage.do?4401401_440116263_0_4,official_information_disclosure,https://www.gdyzy.edu.cn/,verified
GDFD,https://www.gdyzy.edu.cn/web/loadWebPage.do?4401401_6000503036614_44016420_0_4,official_2025_talent_plan_upper_page,https://www.gdyzy.edu.cn/,verified
GDFD,https://www.gdyzy.edu.cn/service?wdApplication=nr&wdService=getData&wdtest=false&path=../app/xw/data//upload/file/20260303/1772500985295024684/%E5%B9%BF%E4%B8%9C%E9%A3%9F%E5%93%81%E8%8D%AF%E5%93%81%E8%81%8C%E4%B8%9A%E5%AD%A6%E9%99%A22025%E7%BA%A7%E4%BA%BA%E6%89%8D%E5%9F%B9%E5%85%BB%E6%96%B9%E6%A1%88%EF%BC%88%E4%B8%8A%EF%BC%89.pdf,official_2025_talent_plan_upper_pdf,https://www.gdyzy.edu.cn/web/loadWebPage.do?4401401_6000503036614_44016420_0_4,verified
GDFD,https://www.gdyzy.edu.cn/web/loadWebPage.do?4401401_6000503036615_44016420_0_4,official_2025_talent_plan_lower_page,https://www.gdyzy.edu.cn/,verified
GDFD,https://www.gdyzy.edu.cn/service?wdApplication=nr&wdService=getData&wdtest=false&path=../app/xw/data//upload/file/20260303/1772501513424051570/%E5%B9%BF%E4%B8%9C%E9%A3%9F%E5%93%81%E8%8D%AF%E5%93%81%E8%81%8C%E4%B8%9A%E5%AD%A6%E9%99%A22025%E7%BA%A7%E4%BA%BA%E6%89%8D%E5%9F%B9%E5%85%BB%E6%96%B9%E6%A1%88%EF%BC%88%E4%B8%8B%EF%BC%89.pdf,official_2025_talent_plan_lower_pdf,https://www.gdyzy.edu.cn/web/loadWebPage.do?4401401_6000503036615_44016420_0_4,verified
ZSTP,https://www.tech.net.cn/upload/202511/27/202511271503569475.pdf,official_second_phase_funding,https://www.tech.net.cn/upload/202511/27/202511271503569475.pdf,verified
ZSTP,https://www.zstp.edu.cn/info/1043/92211.htm,official_current_new_double_high_group_news,https://www.zstp.edu.cn/,verified
ZSTP,https://www.zstp.edu.cn/__local/B/A4/F8/DA0A695481C9F52D69775A2D4BB_C5000B0E_539D9E.pdf,official_2025_quality_report,https://www.zstp.edu.cn/,verified
ZSTP,https://www.zstp.edu.cn/yqdx/zyyl.htm,official_current_major_index,https://www.zstp.edu.cn/,verified
ZSTP,https://www.zstp.edu.cn/sbwz/zyrc/index.html,official_talent_plan_archive,https://www.zstp.edu.cn/,verified
ZSTP,https://www.zstp.edu.cn/sbwz/zyrc/lst.html?item=zbzz_2025,official_2025_equipment_plans_index,https://www.zstp.edu.cn/sbwz/zyrc/index.html,verified
ZSTP,https://www.zstp.edu.cn/sbwz/zyrc/files/zbzz_2025__1.pdf,official_2025_talent_plan_pdf,https://www.zstp.edu.cn/sbwz/zyrc/lst.html?item=zbzz_2025,verified
ZSTP,https://www.zstp.edu.cn/sbwz/zyrc/files/zbzz_2025__2.pdf,official_2025_talent_plan_pdf,https://www.zstp.edu.cn/sbwz/zyrc/lst.html?item=zbzz_2025,verified
ZSTP,https://www.zstp.edu.cn/sbwz/zyrc/files/zbzz_2025__4.pdf,official_2025_talent_plan_pdf,https://www.zstp.edu.cn/sbwz/zyrc/lst.html?item=zbzz_2025,verified
ZSTP,https://www.zstp.edu.cn/sbwz/zyrc/files/zbzz_2025__6.pdf,official_2025_talent_plan_pdf,https://www.zstp.edu.cn/sbwz/zyrc/lst.html?item=zbzz_2025,verified
GCAC,https://www.tech.net.cn/upload/202511/27/202511271503569475.pdf,official_second_phase_funding,https://www.tech.net.cn/upload/202511/27/202511271503569475.pdf,verified
GCAC,https://apps.gcac.edu.cn/zl/2025jcjs/%E7%94%B3%E6%8A%A5%E6%9D%90%E6%96%99/%E5%B9%BF%E4%B8%9C%E7%9C%81%E6%95%99%E8%82%B2%E5%8E%85%E7%94%B3%E6%8A%A5%E4%B8%93%E6%A0%8F/4.%E9%80%9A%E7%94%A8%E8%88%AA%E7%A9%BA%E5%99%A8%E7%BB%93%E6%9E%84%E4%B8%8E%E4%BF%AE%E7%90%86/1.%E7%94%B3%E6%8A%A5%E8%A1%A8/%E9%80%9A%E7%94%A8%E8%88%AA%E7%A9%BA%E5%99%A8%E7%BB%93%E6%9E%84%E4%B8%8E%E4%BF%AE%E7%90%86-%E5%85%A8%E5%9B%BD%E4%BC%98%E7%A7%80%E6%95%99%E6%9D%90%EF%BC%88%E8%81%8C%E6%95%99%E4%B8%8E%E7%BB%A7%E6%95%99%E7%B1%BB%EF%BC%89%E7%94%B3%E6%8A%A5%E6%8E%A8%E8%8D%90%E8%AF%84%E5%AE%A1%E8%A1%A8%20.pdf,official_2025_new_double_high_group_evidence,https://apps.gcac.edu.cn/zl/2025jcjs/,verified
GCAC,https://apps.gcac.edu.cn/zl/2025zlgc/zzcl/%E9%82%93%E5%90%9B%E9%A6%99/1.%E7%9C%81%E7%BA%A7%E6%95%99%E6%94%B9%E9%9D%A9%E9%A1%B9%E7%9B%AE%E7%94%B3%E6%8A%A5%E4%B9%A6.pdf,official_aircraft_maintenance_group_membership,https://apps.gcac.edu.cn/zl/2025zlgc/,verified
GCAC,https://newws.gcac.edu.cn/jwcgzw/,official_academic_affairs_home,https://gcac.edu.cn/,verified
GCAC,https://newws.gcac.edu.cn/jwcgzw/xxgk.htm,official_talent_plan_index,https://newws.gcac.edu.cn/jwcgzw/,verified
GCAC,https://bb.gcac.edu.cn/webapps/blackboard/execute/courseMain?course_id=_2119_1,official_2025_talent_plan_course,https://newws.gcac.edu.cn/jwcgzw/xxgk.htm,access_blocked
SXFTC,https://www.sxftc.edu.cn/xxgk/xxjj.htm,official_current_school_profile,https://www.sxftc.edu.cn/,verified
SXFTC,https://www.sxftc.edu.cn/zsxx/xyjs/hjxy.htm,official_second_phase_accounting_group_evidence,https://www.sxftc.edu.cn/zsxx/,verified
SXFTC,https://www.sxftc.edu.cn/__local/7/58/C3/42ADC232063CB5B84384BD3D0D0_1DF8446F_C89200.pdf,official_2025_quality_report,https://www.sxftc.edu.cn/xxgk1.htm,verified
SXFTC,https://www.sxftc.edu.cn/info/1026/70553.htm,official_2025_talent_plan_review_news,https://www.sxftc.edu.cn/,verified
SXFTC,https://www.sxftc.edu.cn/xxgk1.htm,official_information_disclosure,https://www.sxftc.edu.cn/,verified
SXFTC,https://jw.sxftc.edu.cn/,official_teaching_system,https://www.sxftc.edu.cn/,access_blocked
SXGC,https://www.lfvtc.cn/__local/E/88/2C/F7CCAFD7FA858CA28C49544D96E_A6AA9FA6_2970BF.pdf,official_provincial_double_high_list_reproduced,https://www.lfvtc.cn/,verified
SXGC,https://www.sxgcxy.cn/__local/3/BF/82/A7D88F5FD5628E25BDA228EA79F_D3E4ACC0_1B78EE.pdf,official_current_enrollment_brochure,https://www.sxgcxy.cn/,verified
SXGC,https://www.sxgcxy.cn/__local/2/09/F3/A9CA2C04009783CE1172308E020_48B74C10_1504E6.pdf,official_2023_talent_plan_revised_2025,https://www.sxgcxy.cn/,wrong_year
SXSY,https://www.lfvtc.cn/__local/E/88/2C/F7CCAFD7FA858CA28C49544D96E_A6AA9FA6_2970BF.pdf,official_provincial_double_high_list_reproduced,https://www.lfvtc.cn/,verified
SXSY,https://www.sxsy.com.cn/,official_homepage,https://www.sxsy.com.cn/,access_blocked
LNMEC,https://www.ln.gov.cn/web/zwgkx/sjjhczbg/czys/bmys/202590/zfbm/2026020409325541508/2026021212064151246.pdf,official_provincial_2026_budget_and_double_high_goals,https://www.ln.gov.cn/,verified
LNMEC,https://www.lnmec.edu.cn/xxgk/lsyg.htm,official_history_and_second_phase_status,https://www.lnmec.edu.cn/,verified
LNMEC,https://zsjy.lnmec.edu.cn/info/1231/2262.htm,official_current_electrical_major_introduction,https://zsjy.lnmec.edu.cn/,verified
LNMEC,https://zsjy.lnmec.edu.cn/info/1231/2272.htm,official_current_mechanical_major_introduction,https://zsjy.lnmec.edu.cn/,verified
LNMEC,https://zsjy.lnmec.edu.cn/info/1231/2332.htm,official_current_instrumentation_major_introduction,https://zsjy.lnmec.edu.cn/,verified
LNMEC,https://www.lnmec.edu.cn/jyjx1/jxgl.htm,official_teaching_management_index,https://www.lnmec.edu.cn/,verified
LNMEC,https://jwc.lnmec.edu.cn/tzgg/1.htm,official_2025_teaching_notice_archive,https://jwc.lnmec.edu.cn/,verified
SYVTC,https://www.vtcsy.edu.cn/xygk/xyjj.htm,official_current_school_profile,https://www.vtcsy.edu.cn/,verified
SYVTC,https://www.vtcsy.com/__local/8/C3/B2/D1FB7CD99C481D5CE929CBB764A_B254F851_955279.pdf,official_2025_quality_report,https://www.vtcsy.com/,verified
SYVTC,https://www.vtcsy.edu.cn/__local/A/9D/BA/2E9D7286A3028F94AF4107925C8_64B3F291_54EB0E.pdf,official_enterprise_participation_2025_report,https://www.vtcsy.edu.cn/,verified
SYVTC,https://www.vtcsy.edu.cn/info/1561/20711.htm,official_2024_2025_information_disclosure_index,https://www.vtcsy.edu.cn/,verified
SYVTC,https://www.vtcsy.com/rcpy1/2.htm,official_talent_cultivation_index,https://www.vtcsy.com/,verified
DLVTC,https://fmet.dlvtc.edu.cn/web/guest/detail?articleId=FB7F8A54-28D5-BB4F-9F0B-47EFD632814C,official_2026_group_committee_and_members,https://fmet.dlvtc.edu.cn/,verified
DLVTC,https://zsb.dlvtc.edu.cn/web/guest/detail?articleId=29616322-0C52-C5F2-4B6E-101FB107E9D1,official_2025_admission_charter,https://zsb.dlvtc.edu.cn/,verified
DLVTC,https://www.dlvtc.edu.cn/web/guest/detail?articleId=4D8B8ECF-F04E-6B91-8135-D1758B79E2E7,official_2025_training_plan_revision_meeting,https://www.dlvtc.edu.cn/,verified
DLVTC,https://cms.dlvtc.edu.cn/UploadFile/11173/2024/1717029041507.pdf,official_older_training_plan_wrong_year,https://fmet.dlvtc.edu.cn/web/guest/3,verified
LNNZY,https://www.lnnzy.ln.cn/news/detail/19833.html,official_second_phase_national_group_procurement,https://www.lnnzy.ln.cn/,verified
LNNZY,https://www.ln.gov.cn/web/zwgkx/sjjhczbg/czys/bmys/202590/zfbm/2026020409325541508/2026021212064151246.pdf,official_liaoning_2026_budget_group_target,https://www.ln.gov.cn/,verified
LNNZY,https://zsw.lnnzy.ln.cn/index/index/article/18427.html,official_2025_admission_charter,https://zsw.lnnzy.ln.cn/,verified
LNNZY,https://www.lnnzy.ln.cn/jwc/index/index/article/19427.html,official_2025_training_plan_index,https://www.lnnzy.ln.cn/jwc/index/index/xxgk/,verified
LNNZY,https://www.lnnzy.ln.cn/static/upload/kindeditor/file/20251206/20251206011319_32337.pdf,official_2025_training_plan_pdf,https://www.lnnzy.ln.cn/jwc/index/index/article/19427.html,verified
LNPC,https://www.lnpc.edu.cn/_t18/183/listm.psp,official_current_school_profile_and_second_phase_group,https://www.lnpc.edu.cn/,verified
LNPC,https://www.lnpc.edu.cn/zs/2025/0528/c331a37536/page.htm,official_2025_admission_charter,https://www.lnpc.edu.cn/zs/,verified
LNPC,https://www.lnpc.edu.cn/xctzb/2025/0614/c849a37925/page.htm,official_2025_training_plan_revision_meeting,https://www.lnpc.edu.cn/,verified
LNPC,https://www.lnpc.edu.cn/jwc/syhgx1/list.htm,official_2025_training_plan_index,https://www.lnpc.edu.cn/jwc/,verified
LNPC,https://www.lnpc.edu.cn/jwc/2026/0420/c1032a47940/page.htm,official_2025_training_plan_detail,https://www.lnpc.edu.cn/jwc/syhgx1/list.htm,verified
LNPC,https://www.lnpc.edu.cn/_upload/article/files/3b/69/a373597644fba13888104a6a8476/667d57c6-07d0-465b-9bb6-490371dd6dd7.pdf,official_2025_training_plan_pdf,https://www.lnpc.edu.cn/jwc/2026/0420/c1032a47940/page.htm,verified
LNGPI,https://www.lngpi.edu.cn/info/1402/100752.htm,official_current_professional_group_news,https://www.lngpi.edu.cn/,verified
LNGPI,https://www.lngpi.edu.cn/25xiaoneizhongcengganburenmianrenyuanzhaopinxinxi.pdf,official_second_phase_staffing_document,https://www.lngpi.edu.cn/,verified
LNGPI,https://www.ln.gov.cn/web/zwgkx/sjjhczbg/czys/bmys/202590/zfbm/2026020409325541508/2026021212064151246.pdf,official_2026_double_high_budget,https://www.ln.gov.cn/,verified
LNGPI,https://www.lngpi.edu.cn/__local/8/B7/5C/D2FAC77348C1E33146416A5952F_16421F4D_2B6D1.pdf,official_2025_admission_charter,https://www.lngpi.edu.cn/,verified
LNGPI,https://www.lngpi.edu.cn/jwb/rcpyfa/jcclxy.htm,official_2025_training_plan_index,https://www.lngpi.edu.cn/jwb/rcpyfa.htm,verified
LNGPI,https://www.lngpi.edu.cn/jwb/info/1027/4694.htm,official_2025_training_plan_detail,https://www.lngpi.edu.cn/jwb/rcpyfa/jcclxy.htm,verified
LNGPI,https://www.lngpi.edu.cn/system/_content/download.jsp?urltype=news.DownloadAttachUrl&owner=1945313819&wbfileid=F39EC65E19FAC93AA2EFC60A3A91970E,official_2025_training_plan_pdf,https://www.lngpi.edu.cn/jwb/info/1027/4694.htm,access_blocked
CAII,https://www.tech.net.cn/upload/202511/27/202511271503569475.pdf,official_second_phase_funding,https://www.tech.net.cn/,verified
CAII,https://www.moe.gov.cn/srcsite/A03/s181/202402/t20240202_1114086.html,official_school_establishment,https://www.moe.gov.cn/,verified
CAII,https://www.caii.edu.cn/_upload/article/files/c3/4e/557717ce462cb9187faa9cc92c02/042bd1b4-37bc-4de1-9f07-c80c4ca31070.pdf,official_historical_high_level_group_report,https://www.caii.edu.cn/,verified
CAII,https://m.thepaper.cn/newsDetail_forward_33290457,authoritative_current_second_round_smart_manufacturing_group,https://www.caii.edu.cn/,verified
CAII,https://www.xinhuanet.com/edu/20251210/df80c1117e0745c3b166b8b605d313a2/c.html,authoritative_current_second_round_group_report,https://www.caii.edu.cn/,verified
CAII,https://gaokao.chsi.com.cn/zsgs/zhangcheng/listVerifedZszc--infoId-6649669440,official_2025_admission_charter,https://www.moe.gov.cn/,verified
CAII,https://www.caii.edu.cn/,official_portal_and_training_plan_search,https://www.caii.edu.cn/,access_blocked
CAII,https://xxgk.caii.edu.cn/,official_information_disclosure_and_training_plan_search,https://www.caii.edu.cn/,access_blocked
CAII,https://jw.caii.edu.cn/,official_teaching_system,https://www.caii.edu.cn/,verified
CVIT,https://www.tech.net.cn/upload/202511/27/202511271503569475.pdf,official_second_phase_funding,https://www.tech.net.cn/,verified
CVIT,https://www.cvit.edu.cn/info/1244/3223.htm,official_2025_work_plan,https://www.cvit.edu.cn/,verified
CVIT,https://www.cvit.edu.cn/info/1244/3253.htm,official_2026_budget_and_new_double_high_tasks,https://www.cvit.edu.cn/,verified
CVIT,https://www.cvit.edu.cn/__local/B/2B/D8/ABE9771A032B5A04DBD4CB865A6_2980D541_8EE7F3.pdf,official_2025_quality_report_and_group_members,https://www.cvit.edu.cn/,verified
CVIT,https://www.cvit.edu.cn/jyjx/zyrcpyfa.htm,official_training_plan_index,https://www.cvit.edu.cn/,verified
CVIT,https://www.cvit.edu.cn/jyjx/zyrcpyfa/2.htm,official_training_plan_index_page_2,https://www.cvit.edu.cn/,verified
CVIT,https://www.cvit.edu.cn/jyjx/zyrcpyfa/1.htm,official_training_plan_index_page_3,https://www.cvit.edu.cn/,verified
JTY,https://www.tech.net.cn/upload/202511/27/202511271503569475.pdf,official_second_phase_funding,https://www.tech.net.cn/,verified
JTY,https://www.jty.edu.cn/xxgk/xxjj.htm,official_current_school_profile,https://www.jty.edu.cn/,verified
JTY,https://yfzx.jty.edu.cn/__local/C/6F/B6/7D6A87B055EEDBBF3EE43B71575_D68DA2DC_99792B.pdf,official_2025_quality_report_and_second_round_group,https://www.jty.edu.cn/,verified
JTY,https://gtzhjs.jty.edu.cn/xygk/zyjs.htm,official_current_core_major_profile,https://www.jty.edu.cn/,verified
JTY,https://jwch.jty.edu.cn/xz.htm,official_training_plan_download_index,https://www.jty.edu.cn/,verified
JTY,https://jwch.jty.edu.cn/info/1007/1834.htm,official_2024_core_major_training_plan,https://www.jty.edu.cn/,verified
JTY,https://jwch.jty.edu.cn/system/_content/download.jsp?urltype=news.DownloadAttachUrl&owner=1806491833&wbfileid=4813902,official_2024_core_major_training_plan_pdf,https://www.jty.edu.cn/,verified
JLJY,https://www.jljy.edu.cn/xxgk/xxjj.htm,official_current_school_profile,https://www.jljy.edu.cn/,verified
JLJY,https://www.zgjtb.com/m/2026-01/29/content_504909.html,authoritative_current_second_round_group,https://www.zgjtb.com/,verified
JLJY,https://gcjxfy.jljy.edu.cn/xygk/xyjj.htm,official_current_mechanical_college_profile_and_group_members,https://www.jljy.edu.cn/,verified
JLJY,https://jwct.jljy.edu.cn/tzgg.htm,official_2025_training_plan_index,https://www.jljy.edu.cn/,verified
JLJY,https://jwct.jljy.edu.cn/info/1009/2391.htm,official_2025_training_plan_460201,https://www.jljy.edu.cn/,verified
JLJY,https://jwct.jljy.edu.cn/info/1009/2381.htm,official_2025_training_plan_460303,https://www.jljy.edu.cn/,verified
JLJY,https://jwct.jljy.edu.cn/info/1009/2371.htm,official_2025_training_plan_500203,https://www.jljy.edu.cn/,verified
JLJY,https://jwct.jljy.edu.cn/info/1009/2361.htm,official_2025_training_plan_460104,https://www.jljy.edu.cn/,verified
JLJY,https://jwct.jljy.edu.cn/info/1009/2351.htm,official_2025_training_plan_460305,https://www.jljy.edu.cn/,verified
JVCIT,https://www.jvcit.edu.cn/,official_current_school_portal,https://www.jvcit.edu.cn/,verified
JVCIT,https://jxqc.jvcit.edu.cn/info/1019/1880.htm,official_current_second_round_group_and_core_major,https://www.jvcit.edu.cn/,verified
JVCIT,https://www.jvcit.edu.cn/xxgk/zysz.htm,official_current_major_settings,https://www.jvcit.edu.cn/,verified
JVCIT,https://jwc.jvcit.edu.cn/zyjs/pyfa.htm,official_training_plan_index,https://www.jvcit.edu.cn/,verified
JVCIT,https://jwc.jvcit.edu.cn/info/1045/1633.htm,official_2025_combined_training_plan_page,https://www.jvcit.edu.cn/,verified
JVCIT,https://jwc.jvcit.edu.cn/system/_content/download.jsp?urltype=news.DownloadAttachUrl&owner=1847562385&wbfileid=12664089,official_2025_combined_training_plan_pdf,https://www.jvcit.edu.cn/,verified
HRBZY,https://www.hrbzy.edu.cn/xyjj/list.htm,official_current_school_profile_and_second_round_groups,https://www.hrbzy.edu.cn/,verified
HRBZY,https://www.hrbzy.edu.cn/_upload/article/files/3f/b6/604a675f4016b4627fecd9371331/d03b19c8-99de-490f-a317-67d580446c3d.pdf,official_2025_quality_report_group_members,https://www.hrbzy.edu.cn/,verified
HRBZY,https://www.hrbzy.edu.cn/xxgk/4e/52/c985a20050/page.htm,official_2025_major_settings_page,https://www.hrbzy.edu.cn/,verified
HRBZY,https://www.hrbzy.edu.cn/_upload/article/files/a5/a7/c92b0f134146bfba1fdce54db512/8b1985d1-2391-4076-b9f7-fa02c8be5311.pdf,official_2025_major_settings_pdf,https://www.hrbzy.edu.cn/,verified
HRBZY,http://rcpy.hrbzy.edu.cn:82/default.aspx?grade=2025%E7%BA%A7,official_2025_training_plan_index,https://www.hrbzy.edu.cn/,verified
HRBZY,http://rcpy.hrbzy.edu.cn:82/pageshow.aspx?id=893,official_2025_training_plan_260303,https://www.hrbzy.edu.cn/,access_blocked
HRBZY,http://rcpy.hrbzy.edu.cn:82/pageshow.aspx?id=888,official_2025_training_plan_260106,https://www.hrbzy.edu.cn/,access_blocked
HRBZY,http://rcpy.hrbzy.edu.cn:82/pageshow.aspx?id=889,official_2025_training_plan_ecommerce,https://www.hrbzy.edu.cn/,access_blocked
HRBZY,http://rcpy.hrbzy.edu.cn:82/pageshow.aspx?id=869,official_2025_training_plan_460306,https://www.hrbzy.edu.cn/,access_blocked
HNYJJ,https://www.hnyjj.org.cn/,official_current_school_portal,https://www.hnyjj.org.cn/,verified
HNYJJ,https://jw.hnyjj.org.cn/info/1055/1568.htm,official_new_round_double_high_group_and_core_major,https://www.hnyjj.org.cn/,verified
HNYJJ,https://www.hnyjj.org.cn/zysz/nxy/lsspscjs.htm,official_current_core_major_page,https://www.hnyjj.org.cn/,verified
HNYJJ,https://jw.hnyjj.org.cn/info/1045/1594.htm,official_2025_training_plan_page,https://www.hnyjj.org.cn/,verified
HNYJJ,https://jw.hnyjj.org.cn/system/_content/download.jsp?urltype=news.DownloadAttachUrl&owner=1696621054&wbfileid=7645434,official_2025_training_plan_archive,https://www.hnyjj.org.cn/,access_blocked
HLJP,https://www.hljp.edu.cn/info/1277/19094.htm,official_second_phase_double_high_group,https://www.hljp.edu.cn/,verified
HLJP,https://www.hljp.edu.cn/imt/info/1061/3796.htm,official_current_core_major_460103,https://www.hljp.edu.cn/,verified
HLJP,https://www.hljp.edu.cn/imt/info/1059/3711.htm,official_current_core_major_460104,https://www.hljp.edu.cn/,verified
HLJP,https://www.hljp.edu.cn/imt/info/1060/3797.htm,official_current_core_major_460306,https://www.hljp.edu.cn/,verified
HLJP,https://www.hljp.edu.cn/imt/info/1062/3795.htm,official_current_core_major_460305,https://www.hljp.edu.cn/,verified
HLJP,https://www.hljp.edu.cn/jw/rcpyfa2/tzrcpyfa.htm,official_training_plan_index,https://www.hljp.edu.cn/,verified
HLJP,https://www.hljp.edu.cn/jw/info/1099/2462.htm,official_2025_training_plan_460104,https://www.hljp.edu.cn/,verified
HLJP,https://www.hljp.edu.cn/__local/0/3B/F0/845DE2865AC5769F6E15BDC38F5_20B3E484_1481EB.pdf,official_2025_training_plan_pdf_460104,https://www.hljp.edu.cn/,verified
HICT,https://sz.hict.org.cn/article/844/844_1.htm,official_current_group_and_members,https://www.hict.org.cn/,verified
HICT,https://www.hict.org.cn/templates/article/twList.htm?lmid=1464&id=1458,official_training_plan_index,https://www.hict.org.cn/,verified
HICT,https://www.hict.org.cn/templates/detail/wzList.htm?xwid=11249&id=1458,official_2025_department_plan_page,https://www.hict.org.cn/,verified
HICT,https://www.hict.org.cn/HLJJZZYJSXY/upload/p1j8rs6rkr1pjhm757d434j1hh69.pdf,official_2025_training_plan_440601,https://www.hict.org.cn/,verified
HICT,https://www.hict.org.cn/HLJJZZYJSXY/upload/p1j8rs65i3v271r38von1dr51civ4.pdf,official_2025_training_plan_500201,https://www.hict.org.cn/,verified
HICT,https://www.hict.org.cn/HLJJZZYJSXY/upload/p1j8rs6f1relojlu1csl1o5j1mig6.pdf,official_2025_training_plan_440403,https://www.hict.org.cn/,verified
HICT,https://www.hict.org.cn/HLJJZZYJSXY/upload/p1j8rs6ak4o6hgkn4711cp5pon5.pdf,official_2025_training_plan_440602,https://www.hict.org.cn/,verified
HNGZY,https://www.hngzy.edu.cn/swzy/info/1372/5652.htm,official_current_national_group,https://www.hngzy.edu.cn/,verified
HNGZY,https://www.hngzy.edu.cn/rmtzx/info/1001/1048.htm,official_group_members,https://www.hngzy.edu.cn/,verified
HNGZY,https://www.hngzy.edu.cn/__local/1/18/7E/AF99773B5F90E11FC93C1DF7549_C8988BAD_31BC.pdf,official_2025_professional_registration_list,https://www.hngzy.edu.cn/,verified
HNGZY,https://www.hngzy.edu.cn/jxky/jxgl/rcpyfa.htm,official_training_plan_category,https://www.hngzy.edu.cn/,verified
HNGZY,https://www.hngzy.edu.cn/aop_component/webber/search/search/search/queryPage,official_site_search_api,https://www.hngzy.edu.cn/,verified
HTXY,https://www.htxy.net/__local/4/C8/AA/18C46FF86C25603C4E2DC63E3DB_E02FDF20_7C081.pdf,official_2026_budget_second_round_national_double_high,https://www.htxy.net/,verified
HTXY,https://www.htxy.net/__local/3/BB/3B/0C87400B40FCC1604417169F382_AF14FF98_B8B652.pdf,official_current_group_and_members_brochure,https://www.htxy.net/,verified
HTXY,https://www.htxy.net/jxky/jxhd.htm,official_teaching_activity_index,https://www.htxy.net/,verified
HTXY,https://www.htxy.net/info/1028/87071.htm,official_latest_training_plan_page_empty,https://www.htxy.net/,verified
HTXY,https://www.htxy.net/info/1028/75271.htm,official_2023_training_plan_page,https://www.htxy.net/,verified
HTXY,https://www.htxy.net/4-2024bandixiayusuidaozhuanyerencaipeiyangfangan.pdf,official_2024_training_plan_440305,https://www.htxy.net/,verified
HTXY,https://www.htxy.net/23-2024bantumugongchengjiancejishuzhuanyerencaipeiyangfangan.pdf,official_2024_training_plan_440306,https://www.htxy.net/,verified
STIEI,https://xxgk.stiei.edu.cn/_upload/article/files/37/84/d6da89d4416a91f39b7e1d3378b7/77ae5131-4e9b-41f3-ba10-c152ab54e379.pdf,official_2025_work_plan_second_round_groups,https://xxgk.stiei.edu.cn/,verified
STIEI,https://edu.sh.gov.cn/zyjy_zjzc/20260317/19f5577dbdbc41a895a33a3aa26bc919.html,official_current_integrated_circuit_group_core,https://edu.sh.gov.cn/,verified
STIEI,https://zsw.stiei.edu.cn/_upload/article/files/11/72/0da0d32a4c3189b17e379f24da48/7d3cc915-467d-4375-8ac0-679bbb8c398a.pdf,official_2026_group_members_and_core_brochure,https://zsw.stiei.edu.cn/,verified
STIEI,https://xyzyzdw.stiei.edu.cn/_upload/article/files/fd/3a/5d696e4748fc993965c8b97ca0b6/7b287730-8424-4e1b-8467-66e0ba4c90c3.pdf,official_2025_quality_report_group_core,https://xyzyzdw.stiei.edu.cn/,verified
STIEI,https://xxgk.stiei.edu.cn/_upload/article/files/a0/14/aa11aeb54b139ff768e7baa20cfa/2d8b8dac-fc72-4a14-9ff2-265be265de6e.pdf,official_2025_electronics_training_plan_compendium,https://xxgk.stiei.edu.cn/,verified
STIEI,https://xxgk.stiei.edu.cn/_upload/article/files/90/da/08ec7aea402a9652dfdedc527c67/58c32252-1ba9-4315-95d0-6fecf69b7b22.pdf,official_2025_mechanical_training_plan_compendium,https://xxgk.stiei.edu.cn/,verified
SADA,https://edu.sh.gov.cn/zyjy_zjzc/20250114/1ad3813c5b914d43b323be0ee6b360d9.html,official_2025_national_double_high_selection,https://edu.sh.gov.cn/,verified
SADA,https://edu.sh.gov.cn/zyjy_zjzc/20240326/7d5858d354de477bbaf5de21fcaefc30.html,official_group_name_and_prior_membership_context,https://edu.sh.gov.cn/,verified
SADA,https://edu.sh.gov.cn/edu-assets-20200601/files/jyzt_2025jkzsrx/2025%E5%B9%B4%E4%B8%8A%E6%B5%B7%E5%B7%A5%E8%89%BA%E7%BE%8E%E6%9C%AF%E8%81%8C%E4%B8%9A%E5%AD%A6%E9%99%A2%E6%8B%9B%E7%94%9F%E7%AB%A0%E7%A8%8B.pdf,official_2025_core_major_registration,https://edu.sh.gov.cn/,verified
SADA,https://xxgk.sada.edu.cn/kczsyjxjh/list.htm,official_course_and_teaching_plan_index,https://xxgk.sada.edu.cn/,verified
SPPC,https://www.sppc.edu.cn/xxgk/2025/1230/c2441a79450/page.htm,official_second_phase_group_selection_and_name,https://www.sppc.edu.cn/,verified
SPPC,https://www.sppc.edu.cn/news/2025/1123/c337a78673/page.psp,official_second_phase_group_confirmation,https://www.sppc.edu.cn/,verified
SPPC,https://www.sppc.edu.cn/news/2026/0306/c337a80141/page.htm,official_ai_major_group_membership,https://www.sppc.edu.cn/,verified
SPPC,https://www.sppc.edu.cn/aaed/2025/0320/c870a73528/page.htm,official_2025_training_plan_formulation_notice,https://www.sppc.edu.cn/,verified
SPPC,https://www.sppc.edu.cn/30/list49.psp,official_publishing_department_2025_plan_seminar,https://www.sppc.edu.cn/,verified
SPPC,https://www.sppc.edu.cn/2025/0424/c28a74361/page.htm,official_ai_department_2025_plan_review,https://www.sppc.edu.cn/,verified
AHCME,https://www.ahcme.edu.cn/info/1054/57485.htm,official_two_phase_three_group_confirmation,https://www.ahcme.edu.cn/,verified
AHCME,https://www.ahcme.edu.cn/xxgk1/xxjj.htm,official_current_three_national_group_confirmation,https://www.ahcme.edu.cn/,verified
AHCME,https://dq.ahcme.edu.cn/info/1093/5530.htm,official_industrial_robot_group_core,https://dq.ahcme.edu.cn/,verified
AHCME,https://www.ahcme.edu.cn/info/1179/1076.htm,official_new_energy_vehicle_double_high_core,https://www.ahcme.edu.cn/,verified
AHCME,https://jw.ahcme.edu.cn/rcpy/pyjh.htm,official_training_plan_index,https://jw.ahcme.edu.cn/,verified
AHCME,https://jw.ahcme.edu.cn/info/1062/5366.htm,official_industrial_robot_plan_page,https://jw.ahcme.edu.cn/,verified
AHCME,https://dq.ahcme.edu.cn/index/xyxw/30.htm,official_2025_electrical_program_plan_review,https://dq.ahcme.edu.cn/,verified
AHCME,https://xqhzc.ahcme.edu.cn/info/1055/2949.htm,official_new_energy_group_construction_context,https://xqhzc.ahcme.edu.cn/,verified
ABC,https://www.abc.edu.cn/jwc/report/images/2025-zlnb.pdf,official_2025_quality_report_second_phase_group_and_members,https://www.abc.edu.cn/,verified
ABC,https://xyh.abc.edu.cn/xyw/article/2227,official_second_phase_construction_plan_revision,https://xyh.abc.edu.cn/,verified
ABC,https://www.abc.edu.cn/jwc/xxy/243/149220.html,official_2025_training_plan_implementation_notice,https://www.abc.edu.cn/,verified
ABC,https://www.abc.edu.cn/jwc/upload/files/2022/6/171622662.pdf,official_wrong_year_training_plan_example,https://www.abc.edu.cn/,verified
ABC,https://www.abc.edu.cn/jwc/upload/files/2022/10/8102427202.pdf,official_wrong_year_group_plan_example,https://www.abc.edu.cn/,verified
AHSDXY,https://xxgk.ahsdxy.edu.cn/info/1007/1372.htm,official_2026_budget_second_phase_group_confirmation,https://xxgk.ahsdxy.edu.cn/,verified
AHSDXY,https://www.ahsdxy.edu.cn/info/1029/66854.htm,official_current_group_resource_library_procurement,https://www.ahsdxy.edu.cn/,verified
AHSDXY,https://jwc.ahsdxy.edu.cn/zwgk.htm,official_training_plan_index,https://jwc.ahsdxy.edu.cn/,verified
AHSDXY,https://jwc.ahsdxy.edu.cn/info/1040/2832.htm,official_wrong_year_new_energy_vehicle_plan,https://jwc.ahsdxy.edu.cn/,verified
HFVT,https://hzyxy.htc.edu.cn/info/1102/15683.htm,official_2025_training_plan_page,https://hzyxy.htc.edu.cn/gjgspzyq.htm,verified
HFVT,https://hzyxy.htc.edu.cn/info/1102/15673.htm,official_2025_training_plan_page,https://hzyxy.htc.edu.cn/gjgspzyq.htm,verified
HFVT,https://hzyxy.htc.edu.cn/info/1102/15663.htm,official_2025_training_plan_page,https://hzyxy.htc.edu.cn/gjgspzyq.htm,verified
HFVT,https://hzyxy.htc.edu.cn/info/1102/15653.htm,official_2025_training_plan_page,https://hzyxy.htc.edu.cn/gjgspzyq.htm,verified
HFVT,https://hzyxy.htc.edu.cn/info/1102/15643.htm,official_2025_training_plan_page,https://hzyxy.htc.edu.cn/gjgspzyq.htm,verified
WHIT,https://qcgc.whit.edu.cn/zysz/QCZZYSYJS.htm,official_second_phase_group_and_core,https://qcgc.whit.edu.cn/,verified
WHIT,https://qcgc.whit.edu.cn/ybjs/byjj.htm,official_current_college_profile,https://qcgc.whit.edu.cn/,verified
WHIT,https://jwc.whit.edu.cn/,official_teaching_affairs_home,https://www.whit.edu.cn/,verified
WHIT,https://xxgk.whit.edu.cn/,official_information_disclosure_home,https://www.whit.edu.cn/,verified
HBVTC,https://xbbjb.hbvtc.net/content/detail/6a7533e78162ccbc368b4569.html,official_current_second_phase_group,https://www.hbvtc.net/,verified
HBVTC,https://jdgcx.hbvtc.net/,official_school_college_home,https://www.hbvtc.net/,verified
HBVTC,https://jwc.hbvtc.net/,official_teaching_affairs_home,https://www.hbvtc.net/,verified
HBVTC,https://sgjs.hbvtc.net/,official_double_high_portal,https://www.hbvtc.net/,verified
FYVTC,https://gckjxy.fyvtc.edu.cn/xyxw/zxdt/547731.html,official_current_second_phase_group,https://www.fyvtc.edu.cn/,verified
FYVTC,https://gckjxy.fyvtc.edu.cn/,official_group_college_home,https://www.fyvtc.edu.cn/yxsz/index.html,verified
FYVTC,https://jwc.fyvtc.edu.cn/zljk/pyfa/index.html,official_training_plan_index,https://www.fyvtc.edu.cn/,verified
FYVTC,https://jwc.fyvtc.edu.cn/zljk/pyfa/498341.html,official_2025_combined_training_plan_page,https://jwc.fyvtc.edu.cn/zljk/pyfa/index.html,verified
FYVTC,https://jwc.fyvtc.edu.cn/download/6a22438be4b0ff29beacf8e0.pdf,official_2025_combined_training_plan_pdf,https://jwc.fyvtc.edu.cn/zljk/pyfa/498341.html,verified
FJCPC,https://www.fjcpc.edu.cn/zs/fjczjtzyxy2026nptgkzszc/list.htm,official_current_second_phase_groups,https://www.fjcpc.edu.cn/,verified
FJCPC,https://www.fjcpc.edu.cn/cz/_t391/2024/0401/c2840a93411/page.htm,official_current_navigation_group_members,https://www.fjcpc.edu.cn/cz/,verified
FJCPC,https://www.fjcpc.edu.cn/dl/2025/0628/c2302a100490/page.htm,official_current_road_bridge_group_members,https://www.fjcpc.edu.cn/dl/,verified
FJCPC,https://www.fjcpc.edu.cn/aq/2026/0326/c399a103757/page.htm,official_current_road_bridge_group_members,https://www.fjcpc.edu.cn/aq/,verified
FJCPC,https://www.fjcpc.edu.cn/jwc/hhxy/list.htm,official_2025_training_plan_index,https://www.fjcpc.edu.cn/,verified
FJCPC,https://www.fjcpc.edu.cn/jwc/tmgcxy/list.htm,official_2025_training_plan_index,https://www.fjcpc.edu.cn/,verified
FJCPC,https://www.fjcpc.edu.cn/jwc/aqyhjxy/list.htm,official_2025_training_plan_index,https://www.fjcpc.edu.cn/,verified
FJCPC,https://www.fjcpc.edu.cn/jwc/2025/0831/c3769a101239/page.htm,official_2025_training_plan_page,https://www.fjcpc.edu.cn/jwc/hhxy/list.htm,verified
FJCPC,https://www.fjcpc.edu.cn/jwc/2025/0831/c3769a101240/page.htm,official_2025_training_plan_page,https://www.fjcpc.edu.cn/jwc/hhxy/list.htm,verified
FJCPC,https://www.fjcpc.edu.cn/jwc/2025/0831/c3769a101237/page.htm,official_2025_training_plan_page,https://www.fjcpc.edu.cn/jwc/hhxy/list.htm,verified
FJCPC,https://www.fjcpc.edu.cn/jwc/2025/0831/c3774a101261/page.htm,official_2025_training_plan_page,https://www.fjcpc.edu.cn/jwc/tmgcxy/list.htm,verified
FJCPC,https://www.fjcpc.edu.cn/jwc/2025/0831/c3774a101266/page.htm,official_2025_training_plan_page,https://www.fjcpc.edu.cn/jwc/tmgcxy/list.htm,verified
FJCPC,https://www.fjcpc.edu.cn/jwc/2025/0831/c3774a101260/page.htm,official_2025_training_plan_page,https://www.fjcpc.edu.cn/jwc/tmgcxy/list.htm,verified
FJCPC,https://www.fjcpc.edu.cn/jwc/2025/0831/c3777a101235/page.htm,official_2025_training_plan_page,https://www.fjcpc.edu.cn/jwc/aqyhjxy/list.htm,verified
FJCPC,https://www.fjcpc.edu.cn/jwc/2025/0831/c3777a101236/page.htm,official_2025_training_plan_page,https://www.fjcpc.edu.cn/jwc/aqyhjxy/list.htm,verified
LMU,https://www.lmu.edu.cn/znzz/info/1070/5672.htm,official_current_second_phase_group,https://www.lmu.edu.cn/znzz/xwgg/xydt/50.htm,verified
LMU,https://www.lmu.edu.cn/znzz/info/1070/7212.htm,official_current_group_committee,https://www.lmu.edu.cn/znzz/,verified
LMU,https://www.lmu.edu.cn/znzz/xygk/zyjj.htm,official_current_major_index,https://www.lmu.edu.cn/znzz/,verified
LMU,https://www.lmu.edu.cn/jwc/zyrcpyfa.htm,official_2025_training_plan_index,https://www.lmu.edu.cn/jwc/,verified
LMU,https://www.lmu.edu.cn/jwc/info/1078/2197.htm,official_2025_training_plan_page,https://www.lmu.edu.cn/jwc/zyrcpyfa.htm,verified
FJPIT,https://www.fjpit.edu.cn/dw/2025/1231/c1857a128914/page.htm,official_current_second_phase_group,https://www.fjpit.edu.cn/,verified
FJPIT,https://www.fjpit.edu.cn/2026/0630/c4537a131921/page.htm,official_current_group_members_and_2026_plan,https://www.fjpit.edu.cn/4537/list.htm,verified
FJPIT,https://www.fjpit.edu.cn/4537/list.htm,official_training_plan_index,https://www.fjpit.edu.cn/,verified
FJPIT,https://www.fjpit.edu.cn/zs/2026/0603/c2021a130885/page.htm,official_current_group_core_major,https://www.fjpit.edu.cn/zs/,verified
FJPIT,https://www.fjpit.edu.cn/zs/2026/0603/c2021a130886/page.htm,official_current_group_major,https://www.fjpit.edu.cn/zs/,verified
FJPIT,https://www.fjpit.edu.cn/zs/2026/0603/c2021a130887/page.htm,official_current_group_major,https://www.fjpit.edu.cn/zs/,verified
FJPIT,https://www.fjpit.edu.cn/zs/2026/0603/c2021a130888/page.htm,official_current_group_major,https://www.fjpit.edu.cn/zs/,verified
FJPIT,https://www.fjpit.edu.cn/zs/2026/0603/c2021a130890/page.htm,official_current_group_major,https://www.fjpit.edu.cn/zs/,verified
QVTU,https://www.qvtu.edu.cn/xzbgs/info/1203/1722.htm,official_current_second_phase_group,https://www.qvtu.edu.cn/,verified
QVTU,https://www.qvtu.edu.cn/bs/xygk/xyjj.htm,official_current_group_layout,https://www.qvtu.edu.cn/bs/,verified
QVTU,https://www.qvtu.edu.cn/info/1066/8710.htm,official_current_group_major,https://www.qvtu.edu.cn/,verified
QVTU,https://www.qvtu.edu.cn/info/1072/8744.htm,official_current_group_major,https://www.qvtu.edu.cn/,verified
QVTU,https://www.qvtu.edu.cn/jiaowuchu/jxjs/rcpyfa.htm,official_training_plan_index,https://www.qvtu.edu.cn/jiaowuchu/,verified
QVTU,https://www.qvtu.edu.cn/jiaowuchu/info/1081/2848.htm,official_2025_training_plan_page,https://www.qvtu.edu.cn/jiaowuchu/jxjs/rcpyfa.htm,verified
